target_id,repo,file,line,containing_type,method,receiver_type,kind
eShop:0003,eShop,src/Ordering.API/Apis/OrdersApi.cs,34,Microsoft.Extensions.Logging.LoggerExtensions,LogInformation,Microsoft.Extensions.Logging.ILogger,Extension
eShop:0004,eShop,src/Ordering.API/Apis/OrdersApi.cs,63,Microsoft.Extensions.Logging.LoggerExtensions,LogInformation,Microsoft.Extensions.Logging.ILogger,Extension
eShop:0014,eShop,src/Ordering.API/Application/Commands/CreateOrderCommandHandler.cs,47,Microsoft.Extensions.Logging.LoggerExtensions,LogInformation,Microsoft.Extensions.Logging.ILogger,Extension
eShop:0015,eShop,src/Ordering.API/Application/Commands/IdentifiedCommandHandler.cs,79,Microsoft.Extensions.Logging.LoggerExtensions,LogInformation,Microsoft.Extensions.Logging.ILogger,Extension
garnet:0021,garnet,libs/cluster/Server/ClusterManager.cs,76,Microsoft.Extensions.Logging.LoggerExtensions,LogInformation,Microsoft.Extensions.Logging.ILogger,Extension
garnet:0022,garnet,libs/cluster/Server/ClusterManager.cs,78,Microsoft.Extensions.Logging.LoggerExtensions,LogInformation,Microsoft.Extensions.Logging.ILogger,Extension
garnet:0025,garnet,libs/cluster/Server/ClusterManager.cs,97,Microsoft.Extensions.Logging.LoggerExtensions,LogTrace,Microsoft.Extensions.Logging.ILogger,Extension
garnet:0026,garnet,libs/cluster/Server/ClusterManager.cs,104,Microsoft.Extensions.Logging.LoggerExtensions,LogInformation,Microsoft.Extensions.Logging.ILogger,Extension
garnet:0137,garnet,libs/cluster/Server/Migration/MigrationManager.cs,48,Microsoft.Extensions.Logging.LoggerExtensions,LogInformation,Microsoft.Extensions.Logging.ILogger,Extension
garnet:0138,garnet,libs/cluster/Server/Migration/MigrationManager.cs,49,Microsoft.Extensions.Logging.LoggerExtensions,LogInformation,Microsoft.Extensions.Logging.ILogger,Extension
garnet:0139,garnet,libs/cluster/Server/Migration/MigrationManager.cs,50,Microsoft.Extensions.Logging.LoggerExtensions,LogInformation,Microsoft.Extensions.Logging.ILogger,Extension
garnet:0140,garnet,libs/cluster/Server/Migration/MigrationManager.cs,51,Microsoft.Extensions.Logging.LoggerExtensions,LogInformation,Microsoft.Extensions.Logging.ILogger,Extension
garnet:0141,garnet,libs/cluster/Server/Migration/MigrationManager.cs,52,Microsoft.Extensions.Logging.LoggerExtensions,LogInformation,Microsoft.Extensions.Logging.ILogger,Extension
garnet:0142,garnet,libs/cluster/Server/Migration/MigrationManager.cs,53,Microsoft.Extensions.Logging.LoggerExtensions,LogInformation,Microsoft.Extensions.Logging.ILogger,Extension
garnet:0143,garnet,libs/cluster/Server/Migration/MigrationManager.cs,54,Microsoft.Extensions.Logging.LoggerExtensions,LogInformation,Microsoft.Extensions.Logging.ILogger,Extension
garnet:0250,garnet,libs/cluster/Server/Replication/ReplicationHistoryManager.cs,156,Microsoft.Extensions.Logging.LoggerExtensions,LogTrace,Microsoft.Extensions.Logging.ILogger,Extension
garnet:0251,garnet,libs/cluster/Server/Replication/ReplicationHistoryManager.cs,158,Microsoft.Extensions.Logging.LoggerExtensions,LogTrace,Microsoft.Extensions.Logging.ILogger,Extension
garnet:0253,garnet,libs/cluster/Server/Replication/ReplicationManager.cs,164,Microsoft.Extensions.Logging.LoggerExtensions,LogTrace,Microsoft.Extensions.Logging.ILogger,Extension
garnet:0292,garnet,libs/common/Format.cs,141,Microsoft.Extensions.Logging.LoggerExtensions,LogError,Microsoft.Extensions.Logging.ILogger,Extension
garnet:0305,garnet,libs/common/NetworkBufferSettings.cs,87,Microsoft.Extensions.Logging.LoggerExtensions,LogInformation,Microsoft.Extensions.Logging.ILogger,Extension
garnet:0306,garnet,libs/common/Networking/NetworkHandler.cs,189,Microsoft.Extensions.Logging.LoggerExtensions,LogDebug,Microsoft.Extensions.Logging.ILogger,Extension
garnet:0307,garnet,libs/common/Networking/NetworkHandler.cs,200,Microsoft.Extensions.Logging.LoggerExtensions,LogWarning,Microsoft.Extensions.Logging.ILogger,Extension
garnet:0308,garnet,libs/common/Networking/NetworkHandler.cs,253,Microsoft.Extensions.Logging.LoggerExtensions,LogDebug,Microsoft.Extensions.Logging.ILogger,Extension
garnet:0309,garnet,libs/common/Networking/NetworkHandler.cs,264,Microsoft.Extensions.Logging.LoggerExtensions,LogWarning,Microsoft.Extensions.Logging.ILogger,Extension
garnet:0310,garnet,libs/common/Networking/NetworkHandler.cs,442,Microsoft.Extensions.Logging.LoggerExtensions,LogWarning,Microsoft.Extensions.Logging.ILogger,Extension
garnet:0312,garnet,libs/common/Networking/NetworkHandler.cs,660,Microsoft.Extensions.Logging.LoggerExtensions,LogTrace,Microsoft.Extensions.Logging.ILogger,Extension
garnet:0330,garnet,libs/common/Networking/TcpNetworkHandlerBase.cs,263,Microsoft.Extensions.Logging.LoggerExtensions,LogTrace,Microsoft.Extensions.Logging.ILogger,Extension
garnet:0331,garnet,libs/common/Networking/TcpNetworkHandlerBase.cs,265,Microsoft.Extensions.Logging.LoggerExtensions,LogError,Microsoft.Extensions.Logging.ILogger,Extension
garnet:0332,garnet,libs/host/Configuration/ConfigProviders.cs,155,Microsoft.Extensions.Logging.LoggerExtensions,LogError,Microsoft.Extensions.Logging.ILogger,Extension
garnet:0334,garnet,libs/host/Configuration/ConfigProviders.cs,216,Microsoft.Extensions.Logging.LoggerExtensions,LogError,Microsoft.Extensions.Logging.ILogger,Extension
garnet:0335,garnet,libs/host/Configuration/Options.cs,727,Microsoft.Extensions.Logging.LoggerExtensions,LogError,Microsoft.Extensions.Logging.ILogger,Extension
garnet:0338,garnet,libs/host/Configuration/Options.cs,997,Microsoft.Extensions.Logging.LoggerExtensions,LogInformation,Microsoft.Extensions.Logging.ILogger,Extension
garnet:0342,garnet,libs/host/Configuration/Redis/RedisConfigSerializer.cs,139,Microsoft.Extensions.Logging.LoggerExtensions,LogWarning,Microsoft.Extensions.Logging.ILogger,Extension
garnet:0344,garnet,libs/host/GarnetServer.cs,203,Microsoft.Extensions.Logging.LoggerExtensions,LogInformation,Microsoft.Extensions.Logging.ILogger,Extension
garnet:0345,garnet,libs/host/GarnetServer.cs,207,Microsoft.Extensions.Logging.LoggerExtensions,LogInformation,Microsoft.Extensions.Logging.ILogger,Extension
garnet:0346,garnet,libs/host/GarnetServer.cs,257,Microsoft.Extensions.Logging.LoggerExtensions,LogTrace,Microsoft.Extensions.Logging.ILogger,Extension
garnet:0347,garnet,libs/host/GarnetServer.cs,293,Microsoft.Extensions.Logging.LoggerExtensions,LogInformation,Microsoft.Extensions.Logging.ILogger,Extension
garnet:0348,garnet,libs/host/GarnetServer.cs,297,Microsoft.Extensions.Logging.LoggerExtensions,LogInformation,Microsoft.Extensions.Logging.ILogger,Extension
garnet:0349,garnet,libs/host/GarnetServer.cs,301,Microsoft.Extensions.Logging.LoggerExtensions,LogTrace,Microsoft.Extensions.Logging.ILogger,Extension
garnet:0350,garnet,libs/host/GarnetServer.cs,302,Microsoft.Extensions.Logging.LoggerExtensions,LogTrace,Microsoft.Extensions.Logging.ILogger,Extension
garnet:0352,garnet,libs/host/MemoryLogger.cs,42,Microsoft.Extensions.Logging.LoggerExtensions,Log,Microsoft.Extensions.Logging.ILogger,Extension
garnet:0354,garnet,libs/host/ServerSettingsManager.cs,112,Microsoft.Extensions.Logging.LoggerExtensions,LogWarning,Microsoft.Extensions.Logging.ILogger,Extension
garnet:0355,garnet,libs/host/ServerSettingsManager.cs,118,Microsoft.Extensions.Logging.LoggerExtensions,LogInformation,Microsoft.Extensions.Logging.ILogger,Extension
garnet:0356,garnet,libs/host/ServerSettingsManager.cs,151,Microsoft.Extensions.Logging.LoggerExtensions,LogError,Microsoft.Extensions.Logging.ILogger,Extension
garnet:0358,garnet,libs/host/ServerSettingsManager.cs,169,Microsoft.Extensions.Logging.LoggerExtensions,LogInformation,Microsoft.Extensions.Logging.ILogger,Extension
garnet:0359,garnet,libs/host/ServerSettingsManager.cs,172,Microsoft.Extensions.Logging.LoggerExtensions,LogInformation,Microsoft.Extensions.Logging.ILogger,Extension
garnet:0360,garnet,libs/host/ServerSettingsManager.cs,322,Microsoft.Extensions.Logging.LoggerExtensions,Log,Microsoft.Extensions.Logging.ILogger,Extension
garnet:0361,garnet,libs/host/ServerSettingsManager.cs,355,Microsoft.Extensions.Logging.LoggerExtensions,Log,Microsoft.Extensions.Logging.ILogger,Extension
garnet:0362,garnet,libs/server/AOF/AofProcessor.cs,107,Microsoft.Extensions.Logging.LoggerExtensions,LogInformation,Microsoft.Extensions.Logging.ILogger,Extension
garnet:0363,garnet,libs/server/AOF/AofProcessor.cs,119,Microsoft.Extensions.Logging.LoggerExtensions,LogInformation,Microsoft.Extensions.Logging.ILogger,Extension
garnet:0364,garnet,libs/server/AOF/AofProcessor.cs,120,Microsoft.Extensions.Logging.LoggerExtensions,LogInformation,Microsoft.Extensions.Logging.ILogger,Extension
garnet:0365,garnet,libs/server/AOF/AofProcessor.cs,121,Microsoft.Extensions.Logging.LoggerExtensions,LogInformation,Microsoft.Extensions.Logging.ILogger,Extension
garnet:0366,garnet,libs/server/AOF/AofProcessor.cs,122,Microsoft.Extensions.Logging.LoggerExtensions,LogInformation,Microsoft.Extensions.Logging.ILogger,Extension
garnet:0367,garnet,libs/server/AOF/AofProcessor.cs,123,Microsoft.Extensions.Logging.LoggerExtensions,LogInformation,Microsoft.Extensions.Logging.ILogger,Extension
garnet:0368,garnet,libs/server/AOF/AofProcessor.cs,129,Microsoft.Extensions.Logging.LoggerExtensions,LogInformation,Microsoft.Extensions.Logging.ILogger,Extension
garnet:0370,garnet,libs/server/AOF/AofProcessor.cs,157,Microsoft.Extensions.Logging.LoggerExtensions,LogInformation,Microsoft.Extensions.Logging.ILogger,Extension
garnet:0380,garnet,libs/server/Custom/CustomCommandManager.cs,233,Microsoft.Extensions.Logging.LoggerExtensions,LogError,Microsoft.Extensions.Logging.ILogger,Extension
garnet:0381,garnet,libs/server/Custom/CustomCommandManager.cs,237,Microsoft.Extensions.Logging.LoggerExtensions,LogInformation,Microsoft.Extensions.Logging.ILogger,Extension
garnet:0382,garnet,libs/server/Databases/DatabaseManagerBase.cs,202,Microsoft.Extensions.Logging.LoggerExtensions,LogInformation,Microsoft.Extensions.Logging.ILogger,Extension
garnet:0383,garnet,libs/server/Databases/DatabaseManagerBase.cs,207,Microsoft.Extensions.Logging.LoggerExtensions,LogInformation,Microsoft.Extensions.Logging.ILogger,Extension
garnet:0385,garnet,libs/server/Databases/DatabaseManagerBase.cs,279,Microsoft.Extensions.Logging.LoggerExtensions,LogInformation,Microsoft.Extensions.Logging.ILogger,Extension
garnet:0389,garnet,libs/server/Databases/DatabaseManagerBase.cs,480,Microsoft.Extensions.Logging.LoggerExtensions,LogDebug,Microsoft.Extensions.Logging.ILogger,Extension
garnet:0390,garnet,libs/server/Databases/DatabaseManagerBase.cs,487,Microsoft.Extensions.Logging.LoggerExtensions,LogInformation,Microsoft.Extensions.Logging.ILogger,Extension
garnet:0391,garnet,libs/server/Databases/DatabaseManagerBase.cs,495,Microsoft.Extensions.Logging.LoggerExtensions,LogDebug,Microsoft.Extensions.Logging.ILogger,Extension
garnet:0396,garnet,libs/server/Databases/DatabaseManagerBase.cs,628,Microsoft.Extensions.Logging.LoggerExtensions,LogInformation,Microsoft.Extensions.Logging.ILogger,Extension
garnet:0397,garnet,libs/server/Databases/DatabaseManagerBase.cs,642,Microsoft.Extensions.Logging.LoggerExtensions,LogInformation,Microsoft.Extensions.Logging.ILogger,Extension
garnet:0398,garnet,libs/server/Databases/DatabaseManagerBase.cs,701,Microsoft.Extensions.Logging.LoggerExtensions,LogInformation,Microsoft.Extensions.Logging.ILogger,Extension
garnet:0399,garnet,libs/server/Databases/DatabaseManagerBase.cs,734,Microsoft.Extensions.Logging.LoggerExtensions,LogDebug,Microsoft.Extensions.Logging.ILogger,Extension
garnet:0400,garnet,libs/server/Databases/DatabaseManagerBase.cs,750,Microsoft.Extensions.Logging.LoggerExtensions,LogDebug,Microsoft.Extensions.Logging.ILogger,Extension
garnet:0411,garnet,libs/server/Databases/SingleDatabaseManager.cs,106,Microsoft.Extensions.Logging.LoggerExtensions,LogInformation,Microsoft.Extensions.Logging.ILogger,Extension
garnet:0414,garnet,libs/server/Databases/SingleDatabaseManager.cs,253,Microsoft.Extensions.Logging.LoggerExtensions,LogError,Microsoft.Extensions.Logging.ILogger,Extension
garnet:0416,garnet,libs/server/Lua/LuaOptions.cs,56,Microsoft.Extensions.Logging.LoggerExtensions,LogWarning,Microsoft.Extensions.Logging.ILogger,Extension
garnet:0420,garnet,libs/server/Lua/LuaRunner.Functions.cs,534,Microsoft.Extensions.Logging.LoggerExtensions,Log,Microsoft.Extensions.Logging.ILogger,Extension
garnet:0425,garnet,libs/server/Lua/LuaRunner.Functions.cs,2204,Microsoft.Extensions.Logging.LoggerExtensions,LogError,Microsoft.Extensions.Logging.ILogger,Extension
garnet:0434,garnet,libs/server/Lua/LuaTimeoutManager.cs,158,Microsoft.Extensions.Logging.LoggerExtensions,LogInformation,Microsoft.Extensions.Logging.ILogger,Extension
garnet:0435,garnet,libs/server/Lua/LuaTimeoutManager.cs,256,Microsoft.Extensions.Logging.LoggerExtensions,LogInformation,Microsoft.Extensions.Logging.ILogger,Extension
garnet:0437,garnet,libs/server/Metrics/GarnetServerMonitor.cs,186,Microsoft.Extensions.Logging.LoggerExtensions,LogInformation,Microsoft.Extensions.Logging.ILogger,Extension
garnet:0440,garnet,libs/server/Metrics/GarnetServerMonitor.cs,317,Microsoft.Extensions.Logging.LoggerExtensions,LogCritical,Microsoft.Extensions.Logging.ILogger,Extension
garnet:0443,garnet,libs/server/Resp/ACLCommands.cs,246,Microsoft.Extensions.Logging.LoggerExtensions,LogDebug,Microsoft.Extensions.Logging.ILogger,Extension
garnet:0444,garnet,libs/server/Resp/ACLCommands.cs,313,Microsoft.Extensions.Logging.LoggerExtensions,LogInformation,Microsoft.Extensions.Logging.ILogger,Extension
garnet:0445,garnet,libs/server/Resp/ACLCommands.cs,353,Microsoft.Extensions.Logging.LoggerExtensions,LogInformation,Microsoft.Extensions.Logging.ILogger,Extension
garnet:0447,garnet,libs/server/Resp/AdminCommands.cs,749,Microsoft.Extensions.Logging.LoggerExtensions,LogInformation,Microsoft.Extensions.Logging.ILogger,Extension
garnet:0448,garnet,libs/server/Resp/BasicCommands.cs,1672,Microsoft.Extensions.Logging.LoggerExtensions,LogInformation,Microsoft.Extensions.Logging.ILogger,Extension
garnet:0449,garnet,libs/server/Resp/ClientCommands.cs,377,Microsoft.Extensions.Logging.LoggerExtensions,LogInformation,Microsoft.Extensions.Logging.ILogger,Extension
garnet:0450,garnet,libs/server/Resp/ClientCommands.cs,392,Microsoft.Extensions.Logging.LoggerExtensions,LogInformation,Microsoft.Extensions.Logging.ILogger,Extension
garnet:0451,garnet,libs/server/Resp/ClientCommands.cs,396,Microsoft.Extensions.Logging.LoggerExtensions,LogInformation,Microsoft.Extensions.Logging.ILogger,Extension
garnet:0454,garnet,libs/server/Resp/Parser/RespCommand.cs,2693,Microsoft.Extensions.Logging.LoggerExtensions,LogWarning,Microsoft.Extensions.Logging.ILogger,Extension
garnet:0458,garnet,libs/server/Resp/RespServerSession.cs,276,Microsoft.Extensions.Logging.LoggerExtensions,LogDebug,Microsoft.Extensions.Logging.ILogger,Extension
garnet:0459,garnet,libs/server/Resp/RespServerSession.cs,391,Microsoft.Extensions.Logging.LoggerExtensions,LogDebug,Microsoft.Extensions.Logging.ILogger,Extension
garnet:0461,garnet,libs/server/Resp/RespServerSession.cs,506,Microsoft.Extensions.Logging.LoggerExtensions,Log,Microsoft.Extensions.Logging.ILogger,Extension
garnet:0462,garnet,libs/server/Resp/RespServerSession.cs,534,Microsoft.Extensions.Logging.LoggerExtensions,LogCritical,Microsoft.Extensions.Logging.ILogger,Extension
garnet:0465,garnet,libs/server/Resp/Vector/VectorManager.cs,105,Microsoft.Extensions.Logging.LoggerExtensions,LogInformation,Microsoft.Extensions.Logging.ILogger,Extension
garnet:0466,garnet,libs/server/Resp/Vector/VectorManager.cs,188,Microsoft.Extensions.Logging.LoggerExtensions,LogInformation,Microsoft.Extensions.Logging.ILogger,Extension
garnet:0467,garnet,libs/server/Resp/Vector/VectorManager.cs,215,Microsoft.Extensions.Logging.LoggerExtensions,LogInformation,Microsoft.Extensions.Logging.ILogger,Extension
garnet:0471,garnet,libs/server/Resp/Vector/VectorManager.cs,260,Microsoft.Extensions.Logging.LoggerExtensions,LogInformation,Microsoft.Extensions.Logging.ILogger,Extension
garnet:0487,garnet,libs/server/Servers/GarnetServerBase.cs,170,Microsoft.Extensions.Logging.LoggerExtensions,LogTrace,Microsoft.Extensions.Logging.ILogger,Extension
garnet:0488,garnet,libs/server/Servers/GarnetServerBase.cs,192,Microsoft.Extensions.Logging.LoggerExtensions,LogTrace,Microsoft.Extensions.Logging.ILogger,Extension
garnet:0489,garnet,libs/server/Servers/GarnetServerOptions.cs,641,Microsoft.Extensions.Logging.LoggerExtensions,LogInformation,Microsoft.Extensions.Logging.ILogger,Extension
garnet:0490,garnet,libs/server/Servers/GarnetServerOptions.cs,648,Microsoft.Extensions.Logging.LoggerExtensions,LogInformation,Microsoft.Extensions.Logging.ILogger,Extension
garnet:0491,garnet,libs/server/Servers/GarnetServerOptions.cs,650,Microsoft.Extensions.Logging.LoggerExtensions,LogInformation,Microsoft.Extensions.Logging.ILogger,Extension
garnet:0492,garnet,libs/server/Servers/GarnetServerOptions.cs,653,Microsoft.Extensions.Logging.LoggerExtensions,LogInformation,Microsoft.Extensions.Logging.ILogger,Extension
garnet:0493,garnet,libs/server/Servers/GarnetServerOptions.cs,656,Microsoft.Extensions.Logging.LoggerExtensions,LogInformation,Microsoft.Extensions.Logging.ILogger,Extension
garnet:0494,garnet,libs/server/Servers/GarnetServerOptions.cs,658,Microsoft.Extensions.Logging.LoggerExtensions,LogInformation,Microsoft.Extensions.Logging.ILogger,Extension
garnet:0495,garnet,libs/server/Servers/GarnetServerOptions.cs,659,Microsoft.Extensions.Logging.LoggerExtensions,LogInformation,Microsoft.Extensions.Logging.ILogger,Extension
garnet:0496,garnet,libs/server/Servers/GarnetServerOptions.cs,667,Microsoft.Extensions.Logging.LoggerExtensions,LogInformation,Microsoft.Extensions.Logging.ILogger,Extension
garnet:0497,garnet,libs/server/Servers/GarnetServerOptions.cs,668,Microsoft.Extensions.Logging.LoggerExtensions,LogInformation,Microsoft.Extensions.Logging.ILogger,Extension
garnet:0498,garnet,libs/server/Servers/GarnetServerOptions.cs,670,Microsoft.Extensions.Logging.LoggerExtensions,LogInformation,Microsoft.Extensions.Logging.ILogger,Extension
garnet:0499,garnet,libs/server/Servers/GarnetServerOptions.cs,678,Microsoft.Extensions.Logging.LoggerExtensions,LogInformation,Microsoft.Extensions.Logging.ILogger,Extension
garnet:0500,garnet,libs/server/Servers/GarnetServerOptions.cs,694,Microsoft.Extensions.Logging.LoggerExtensions,LogInformation,Microsoft.Extensions.Logging.ILogger,Extension
garnet:0501,garnet,libs/server/Servers/GarnetServerOptions.cs,718,Microsoft.Extensions.Logging.LoggerExtensions,LogInformation,Microsoft.Extensions.Logging.ILogger,Extension
garnet:0502,garnet,libs/server/Servers/GarnetServerOptions.cs,723,Microsoft.Extensions.Logging.LoggerExtensions,LogInformation,Microsoft.Extensions.Logging.ILogger,Extension
garnet:0504,garnet,libs/server/Servers/GarnetServerOptions.cs,758,Microsoft.Extensions.Logging.LoggerExtensions,LogInformation,Microsoft.Extensions.Logging.ILogger,Extension
garnet:0505,garnet,libs/server/Servers/GarnetServerOptions.cs,807,Microsoft.Extensions.Logging.LoggerExtensions,LogInformation,Microsoft.Extensions.Logging.ILogger,Extension
garnet:0506,garnet,libs/server/Servers/GarnetServerOptions.cs,808,Microsoft.Extensions.Logging.LoggerExtensions,LogInformation,Microsoft.Extensions.Logging.ILogger,Extension
garnet:0507,garnet,libs/server/Servers/GarnetServerOptions.cs,815,Microsoft.Extensions.Logging.LoggerExtensions,LogInformation,Microsoft.Extensions.Logging.ILogger,Extension
garnet:0508,garnet,libs/server/Servers/GarnetServerOptions.cs,817,Microsoft.Extensions.Logging.LoggerExtensions,LogInformation,Microsoft.Extensions.Logging.ILogger,Extension
garnet:0509,garnet,libs/server/Servers/GarnetServerOptions.cs,819,Microsoft.Extensions.Logging.LoggerExtensions,LogInformation,Microsoft.Extensions.Logging.ILogger,Extension
garnet:0510,garnet,libs/server/Servers/GarnetServerOptions.cs,821,Microsoft.Extensions.Logging.LoggerExtensions,LogInformation,Microsoft.Extensions.Logging.ILogger,Extension
garnet:0511,garnet,libs/server/Servers/GarnetServerOptions.cs,824,Microsoft.Extensions.Logging.LoggerExtensions,LogInformation,Microsoft.Extensions.Logging.ILogger,Extension
garnet:0512,garnet,libs/server/Servers/GarnetServerOptions.cs,826,Microsoft.Extensions.Logging.LoggerExtensions,LogInformation,Microsoft.Extensions.Logging.ILogger,Extension
garnet:0513,garnet,libs/server/Servers/GarnetServerOptions.cs,827,Microsoft.Extensions.Logging.LoggerExtensions,LogInformation,Microsoft.Extensions.Logging.ILogger,Extension
garnet:0514,garnet,libs/server/Servers/GarnetServerOptions.cs,835,Microsoft.Extensions.Logging.LoggerExtensions,LogInformation,Microsoft.Extensions.Logging.ILogger,Extension
garnet:0515,garnet,libs/server/Servers/GarnetServerOptions.cs,836,Microsoft.Extensions.Logging.LoggerExtensions,LogInformation,Microsoft.Extensions.Logging.ILogger,Extension
garnet:0516,garnet,libs/server/Servers/GarnetServerOptions.cs,838,Microsoft.Extensions.Logging.LoggerExtensions,LogInformation,Microsoft.Extensions.Logging.ILogger,Extension
garnet:0517,garnet,libs/server/Servers/GarnetServerOptions.cs,841,Microsoft.Extensions.Logging.LoggerExtensions,LogInformation,Microsoft.Extensions.Logging.ILogger,Extension
garnet:0518,garnet,libs/server/Servers/GarnetServerOptions.cs,854,Microsoft.Extensions.Logging.LoggerExtensions,LogInformation,Microsoft.Extensions.Logging.ILogger,Extension
garnet:0519,garnet,libs/server/Servers/GarnetServerOptions.cs,858,Microsoft.Extensions.Logging.LoggerExtensions,LogInformation,Microsoft.Extensions.Logging.ILogger,Extension
garnet:0520,garnet,libs/server/Servers/GarnetServerOptions.cs,880,Microsoft.Extensions.Logging.LoggerExtensions,LogInformation,Microsoft.Extensions.Logging.ILogger,Extension
garnet:0521,garnet,libs/server/Servers/GarnetServerOptions.cs,885,Microsoft.Extensions.Logging.LoggerExtensions,LogInformation,Microsoft.Extensions.Logging.ILogger,Extension
garnet:0522,garnet,libs/server/Servers/GarnetServerOptions.cs,893,Microsoft.Extensions.Logging.LoggerExtensions,LogInformation,Microsoft.Extensions.Logging.ILogger,Extension
garnet:0532,garnet,libs/server/Servers/GarnetServerTcp.cs,245,Microsoft.Extensions.Logging.LoggerExtensions,LogDebug,Microsoft.Extensions.Logging.ILogger,Extension
garnet:0533,garnet,libs/server/Servers/GarnetServerTcp.cs,258,Microsoft.Extensions.Logging.LoggerExtensions,LogError,Microsoft.Extensions.Logging.ILogger,Extension
garnet:0536,garnet,libs/server/Servers/GarnetServerTcp.cs,287,Microsoft.Extensions.Logging.LoggerExtensions,LogError,Microsoft.Extensions.Logging.ILogger,Extension
garnet:0544,garnet,libs/server/StoreWrapper.cs,210,Microsoft.Extensions.Logging.LoggerExtensions,LogTrace,Microsoft.Extensions.Logging.ILogger,Extension
garnet:0546,garnet,libs/server/StoreWrapper.cs,248,Microsoft.Extensions.Logging.LoggerExtensions,LogInformation,Microsoft.Extensions.Logging.ILogger,Extension
garnet:0548,garnet,libs/server/StoreWrapper.cs,667,Microsoft.Extensions.Logging.LoggerExtensions,LogError,Microsoft.Extensions.Logging.ILogger,Extension
garnet:0555,garnet,libs/server/StoreWrapper.cs,780,Microsoft.Extensions.Logging.LoggerExtensions,LogError,Microsoft.Extensions.Logging.ILogger,Extension
garnet:0556,garnet,libs/server/TaskManager/TaskManager.cs,91,Microsoft.Extensions.Logging.LoggerExtensions,LogWarning,Microsoft.Extensions.Logging.ILogger,Extension
garnet:0557,garnet,libs/server/TaskManager/TaskManager.cs,106,Microsoft.Extensions.Logging.LoggerExtensions,LogError,Microsoft.Extensions.Logging.ILogger,Extension
garnet:0558,garnet,libs/server/TaskManager/TaskManager.cs,154,Microsoft.Extensions.Logging.LoggerExtensions,LogCritical,Microsoft.Extensions.Logging.ILogger,Extension
garnet:0569,garnet,libs/server/TLS/GarnetTlsOptions.cs,273,Microsoft.Extensions.Logging.LoggerExtensions,LogWarning,Microsoft.Extensions.Logging.ILogger,Extension
garnet:0578,garnet,libs/storage/Tsavorite/cs/src/core/Allocator/AllocatorBase.cs,625,Microsoft.Extensions.Logging.LoggerExtensions,LogInformation,Microsoft.Extensions.Logging.ILogger,Extension
garnet:0579,garnet,libs/storage/Tsavorite/cs/src/core/Allocator/AllocatorBase.cs,640,Microsoft.Extensions.Logging.LoggerExtensions,LogInformation,Microsoft.Extensions.Logging.ILogger,Extension
garnet:0582,garnet,libs/storage/Tsavorite/cs/src/core/Allocator/AllocatorBase.cs,1411,Microsoft.Extensions.Logging.LoggerExtensions,LogInformation,Microsoft.Extensions.Logging.ILogger,Extension
garnet:0583,garnet,libs/storage/Tsavorite/cs/src/core/Allocator/AllocatorBase.cs,1412,Microsoft.Extensions.Logging.LoggerExtensions,LogInformation,Microsoft.Extensions.Logging.ILogger,Extension
garnet:0584,garnet,libs/storage/Tsavorite/cs/src/core/Allocator/AllocatorBase.cs,1413,Microsoft.Extensions.Logging.LoggerExtensions,LogInformation,Microsoft.Extensions.Logging.ILogger,Extension
garnet:0585,garnet,libs/storage/Tsavorite/cs/src/core/Allocator/AllocatorBase.cs,1414,Microsoft.Extensions.Logging.LoggerExtensions,LogInformation,Microsoft.Extensions.Logging.ILogger,Extension
garnet:0586,garnet,libs/storage/Tsavorite/cs/src/core/Allocator/AllocatorBase.cs,1415,Microsoft.Extensions.Logging.LoggerExtensions,LogInformation,Microsoft.Extensions.Logging.ILogger,Extension
garnet:0587,garnet,libs/storage/Tsavorite/cs/src/core/Allocator/AllocatorBase.cs,1416,Microsoft.Extensions.Logging.LoggerExtensions,LogInformation,Microsoft.Extensions.Logging.ILogger,Extension
garnet:0588,garnet,libs/storage/Tsavorite/cs/src/core/Allocator/AllocatorBase.cs,1660,Microsoft.Extensions.Logging.LoggerExtensions,LogTrace,Microsoft.Extensions.Logging.ILogger,Extension
garnet:0591,garnet,libs/storage/Tsavorite/cs/src/core/Allocator/AllocatorBase.cs,1795,Microsoft.Extensions.Logging.LoggerExtensions,LogError,Microsoft.Extensions.Logging.ILogger,Extension
garnet:0602,garnet,libs/storage/Tsavorite/cs/src/core/Index/Checkpointing/StateMachineDriver.cs,241,Microsoft.Extensions.Logging.LoggerExtensions,LogTrace,Microsoft.Extensions.Logging.ILogger,Extension
garnet:0607,garnet,libs/storage/Tsavorite/cs/src/core/Index/CheckpointManagement/DeviceLogCommitCheckpointManager.cs,434,Microsoft.Extensions.Logging.LoggerExtensions,LogError,Microsoft.Extensions.Logging.ILogger,Extension
garnet:0608,garnet,libs/storage/Tsavorite/cs/src/core/Index/CheckpointManagement/RecoveryInfo.cs,341,Microsoft.Extensions.Logging.LoggerExtensions,LogInformation,Microsoft.Extensions.Logging.ILogger,Extension
garnet:0609,garnet,libs/storage/Tsavorite/cs/src/core/Index/CheckpointManagement/RecoveryInfo.cs,342,Microsoft.Extensions.Logging.LoggerExtensions,LogInformation,Microsoft.Extensions.Logging.ILogger,Extension
garnet:0610,garnet,libs/storage/Tsavorite/cs/src/core/Index/CheckpointManagement/RecoveryInfo.cs,343,Microsoft.Extensions.Logging.LoggerExtensions,LogInformation,Microsoft.Extensions.Logging.ILogger,Extension
garnet:0611,garnet,libs/storage/Tsavorite/cs/src/core/Index/CheckpointManagement/RecoveryInfo.cs,344,Microsoft.Extensions.Logging.LoggerExtensions,LogInformation,Microsoft.Extensions.Logging.ILogger,Extension
garnet:0612,garnet,libs/storage/Tsavorite/cs/src/core/Index/CheckpointManagement/RecoveryInfo.cs,345,Microsoft.Extensions.Logging.LoggerExtensions,LogInformation,Microsoft.Extensions.Logging.ILogger,Extension
garnet:0613,garnet,libs/storage/Tsavorite/cs/src/core/Index/CheckpointManagement/RecoveryInfo.cs,346,Microsoft.Extensions.Logging.LoggerExtensions,LogInformation,Microsoft.Extensions.Logging.ILogger,Extension
garnet:0614,garnet,libs/storage/Tsavorite/cs/src/core/Index/CheckpointManagement/RecoveryInfo.cs,347,Microsoft.Extensions.Logging.LoggerExtensions,LogInformation,Microsoft.Extensions.Logging.ILogger,Extension
garnet:0615,garnet,libs/storage/Tsavorite/cs/src/core/Index/CheckpointManagement/RecoveryInfo.cs,348,Microsoft.Extensions.Logging.LoggerExtensions,LogInformation,Microsoft.Extensions.Logging.ILogger,Extension
garnet:0616,garnet,libs/storage/Tsavorite/cs/src/core/Index/CheckpointManagement/RecoveryInfo.cs,349,Microsoft.Extensions.Logging.LoggerExtensions,LogInformation,Microsoft.Extensions.Logging.ILogger,Extension
garnet:0617,garnet,libs/storage/Tsavorite/cs/src/core/Index/CheckpointManagement/RecoveryInfo.cs,350,Microsoft.Extensions.Logging.LoggerExtensions,LogInformation,Microsoft.Extensions.Logging.ILogger,Extension
garnet:0618,garnet,libs/storage/Tsavorite/cs/src/core/Index/CheckpointManagement/RecoveryInfo.cs,351,Microsoft.Extensions.Logging.LoggerExtensions,LogInformation,Microsoft.Extensions.Logging.ILogger,Extension
garnet:0619,garnet,libs/storage/Tsavorite/cs/src/core/Index/CheckpointManagement/RecoveryInfo.cs,352,Microsoft.Extensions.Logging.LoggerExtensions,LogInformation,Microsoft.Extensions.Logging.ILogger,Extension
garnet:0620,garnet,libs/storage/Tsavorite/cs/src/core/Index/CheckpointManagement/RecoveryInfo.cs,532,Microsoft.Extensions.Logging.LoggerExtensions,LogInformation,Microsoft.Extensions.Logging.ILogger,Extension
garnet:0621,garnet,libs/storage/Tsavorite/cs/src/core/Index/CheckpointManagement/RecoveryInfo.cs,533,Microsoft.Extensions.Logging.LoggerExtensions,LogInformation,Microsoft.Extensions.Logging.ILogger,Extension
garnet:0622,garnet,libs/storage/Tsavorite/cs/src/core/Index/CheckpointManagement/RecoveryInfo.cs,534,Microsoft.Extensions.Logging.LoggerExtensions,LogInformation,Microsoft.Extensions.Logging.ILogger,Extension
garnet:0623,garnet,libs/storage/Tsavorite/cs/src/core/Index/CheckpointManagement/RecoveryInfo.cs,535,Microsoft.Extensions.Logging.LoggerExtensions,LogInformation,Microsoft.Extensions.Logging.ILogger,Extension
garnet:0624,garnet,libs/storage/Tsavorite/cs/src/core/Index/CheckpointManagement/RecoveryInfo.cs,536,Microsoft.Extensions.Logging.LoggerExtensions,LogInformation,Microsoft.Extensions.Logging.ILogger,Extension
garnet:0625,garnet,libs/storage/Tsavorite/cs/src/core/Index/CheckpointManagement/RecoveryInfo.cs,537,Microsoft.Extensions.Logging.LoggerExtensions,LogInformation,Microsoft.Extensions.Logging.ILogger,Extension
garnet:0626,garnet,libs/storage/Tsavorite/cs/src/core/Index/CheckpointManagement/RecoveryInfo.cs,538,Microsoft.Extensions.Logging.LoggerExtensions,LogInformation,Microsoft.Extensions.Logging.ILogger,Extension
garnet:0628,garnet,libs/storage/Tsavorite/cs/src/core/Index/Common/LogSizeTracker.cs,148,Microsoft.Extensions.Logging.LoggerExtensions,LogInformation,Microsoft.Extensions.Logging.ILogger,Extension
garnet:0629,garnet,libs/storage/Tsavorite/cs/src/core/Index/Common/LogSizeTracker.cs,197,Microsoft.Extensions.Logging.LoggerExtensions,LogTrace,Microsoft.Extensions.Logging.ILogger,Extension
garnet:0631,garnet,libs/storage/Tsavorite/cs/src/core/Index/Common/LogSizeTracker.cs,218,Microsoft.Extensions.Logging.LoggerExtensions,LogDebug,Microsoft.Extensions.Logging.ILogger,Extension
garnet:0632,garnet,libs/storage/Tsavorite/cs/src/core/Index/Common/LogSizeTracker.cs,231,Microsoft.Extensions.Logging.LoggerExtensions,LogDebug,Microsoft.Extensions.Logging.ILogger,Extension
garnet:0633,garnet,libs/storage/Tsavorite/cs/src/core/Index/Common/LogSizeTracker.cs,236,Microsoft.Extensions.Logging.LoggerExtensions,LogDebug,Microsoft.Extensions.Logging.ILogger,Extension
garnet:0634,garnet,libs/storage/Tsavorite/cs/src/core/Index/Common/LogSizeTracker.cs,249,Microsoft.Extensions.Logging.LoggerExtensions,LogDebug,Microsoft.Extensions.Logging.ILogger,Extension
garnet:0641,garnet,libs/storage/Tsavorite/cs/src/core/Index/Recovery/Recovery.cs,336,Microsoft.Extensions.Logging.LoggerExtensions,LogInformation,Microsoft.Extensions.Logging.ILogger,Extension
garnet:0642,garnet,libs/storage/Tsavorite/cs/src/core/Index/Recovery/Recovery.cs,346,Microsoft.Extensions.Logging.LoggerExtensions,LogInformation,Microsoft.Extensions.Logging.ILogger,Extension
garnet:0643,garnet,libs/storage/Tsavorite/cs/src/core/Index/Recovery/Recovery.cs,365,Microsoft.Extensions.Logging.LoggerExtensions,LogInformation,Microsoft.Extensions.Logging.ILogger,Extension
garnet:0653,garnet,libs/storage/Tsavorite/cs/src/core/Index/Tsavorite/TsavoriteBase.cs,116,Microsoft.Extensions.Logging.LoggerExtensions,LogTrace,Microsoft.Extensions.Logging.ILogger,Extension
garnet:0655,garnet,libs/storage/Tsavorite/cs/src/core/TsavoriteLog/TsavoriteLog.cs,2589,Microsoft.Extensions.Logging.LoggerExtensions,LogInformation,Microsoft.Extensions.Logging.ILogger,Extension
jellyfin:0002,jellyfin,Emby.Server.Implementations/AppBase/BaseConfigurationManager.cs,161,Microsoft.Extensions.Logging.LoggerExtensions,LogInformation,Microsoft.Extensions.Logging.ILogger,Extension
jellyfin:0003,jellyfin,Emby.Server.Implementations/AppBase/BaseConfigurationManager.cs,228,Microsoft.Extensions.Logging.LoggerExtensions,LogInformation,Microsoft.Extensions.Logging.ILogger,Extension
jellyfin:0007,jellyfin,Emby.Server.Implementations/ApplicationHost.cs,322,Microsoft.Extensions.Logging.LoggerExtensions,LogDebug,Microsoft.Extensions.Logging.ILogger,Extension
jellyfin:0009,jellyfin,Emby.Server.Implementations/ApplicationHost.cs,345,Microsoft.Extensions.DependencyInjection.ServiceProviderServiceExtensions,GetService,System.IServiceProvider,Extension
jellyfin:0010,jellyfin,Emby.Server.Implementations/ApplicationHost.cs,410,Microsoft.Extensions.Logging.LoggerExtensions,LogInformation,Microsoft.Extensions.Logging.ILogger,Extension
jellyfin:0011,jellyfin,Emby.Server.Implementations/ApplicationHost.cs,424,Microsoft.Extensions.Logging.LoggerExtensions,LogInformation,Microsoft.Extensions.Logging.ILogger,Extension
jellyfin:0012,jellyfin,Emby.Server.Implementations/ApplicationHost.cs,425,Microsoft.Extensions.Logging.LoggerExtensions,LogInformation,Microsoft.Extensions.Logging.ILogger,Extension
jellyfin:0013,jellyfin,Emby.Server.Implementations/ApplicationHost.cs,511,Microsoft.Extensions.DependencyInjection.ServiceProviderServiceExtensions,GetRequiredService,System.IServiceProvider,Extension
jellyfin:0014,jellyfin,Emby.Server.Implementations/ApplicationHost.cs,512,Microsoft.Extensions.DependencyInjection.ServiceProviderServiceExtensions,GetRequiredService,System.IServiceProvider,Extension
jellyfin:0017,jellyfin,Emby.Server.Implementations/ApplicationHost.cs,705,Microsoft.Extensions.Logging.LoggerExtensions,LogInformation,Microsoft.Extensions.Logging.ILogger,Extension
jellyfin:0022,jellyfin,Emby.Server.Implementations/ApplicationHost.cs,994,Microsoft.Extensions.Logging.LoggerExtensions,LogInformation,Microsoft.Extensions.Logging.ILogger,Extension
jellyfin:0023,jellyfin,Emby.Server.Implementations/ApplicationHost.cs,1004,Microsoft.Extensions.Logging.LoggerExtensions,LogInformation,Microsoft.Extensions.Logging.ILogger,Extension
jellyfin:0034,jellyfin,Emby.Server.Implementations/Data/CleanDatabaseScheduledTask.cs,57,Microsoft.Extensions.Logging.LoggerExtensions,LogDebug,Microsoft.Extensions.Logging.ILogger,Extension
jellyfin:0091,jellyfin,Emby.Server.Implementations/Library/LibraryManager.cs,1078,Microsoft.Extensions.Logging.LoggerExtensions,LogDebug,Microsoft.Extensions.Logging.ILogger,Extension
jellyfin:0093,jellyfin,Emby.Server.Implementations/Library/LibraryManager.cs,1094,Microsoft.Extensions.Logging.LoggerExtensions,LogDebug,Microsoft.Extensions.Logging.ILogger,Extension
jellyfin:0095,jellyfin,Emby.Server.Implementations/Library/LibraryManager.cs,1107,Microsoft.Extensions.Logging.LoggerExtensions,LogDebug,Microsoft.Extensions.Logging.ILogger,Extension
jellyfin:0096,jellyfin,Emby.Server.Implementations/Library/LibraryManager.cs,1384,Microsoft.Extensions.Logging.LoggerExtensions,LogInformation,Microsoft.Extensions.Logging.ILogger,Extension
jellyfin:0097,jellyfin,Emby.Server.Implementations/Library/LibraryManager.cs,1432,Microsoft.Extensions.Logging.LoggerExtensions,LogDebug,Microsoft.Extensions.Logging.ILogger,Extension
jellyfin:0099,jellyfin,Emby.Server.Implementations/Library/LibraryManager.cs,1445,Microsoft.Extensions.Logging.LoggerExtensions,LogError,Microsoft.Extensions.Logging.ILogger,Extension
jellyfin:0100,jellyfin,Emby.Server.Implementations/Library/LibraryManager.cs,1470,Microsoft.Extensions.Logging.LoggerExtensions,LogDebug,Microsoft.Extensions.Logging.ILogger,Extension
jellyfin:0101,jellyfin,Emby.Server.Implementations/Library/LibraryManager.cs,1473,Microsoft.Extensions.Logging.LoggerExtensions,LogDebug,Microsoft.Extensions.Logging.ILogger,Extension
jellyfin:0141,jellyfin,Emby.Server.Implementations/Library/Resolvers/TV/SeriesResolver.cs,150,Microsoft.Extensions.Logging.LoggerExtensions,LogDebug,Microsoft.Extensions.Logging.ILogger,Extension
jellyfin:0142,jellyfin,Emby.Server.Implementations/Library/SplashscreenPostScanTask.cs,60,Microsoft.Extensions.Logging.LoggerExtensions,LogDebug,Microsoft.Extensions.Logging.ILogger,Extension
jellyfin:0144,jellyfin,Emby.Server.Implementations/Library/Validators/ArtistsValidator.cs,102,Microsoft.Extensions.Logging.LoggerExtensions,LogInformation,Microsoft.Extensions.Logging.ILogger,Extension
jellyfin:0148,jellyfin,Emby.Server.Implementations/Library/Validators/GenresValidator.cs,105,Microsoft.Extensions.Logging.LoggerExtensions,LogInformation,Microsoft.Extensions.Logging.ILogger,Extension
jellyfin:0151,jellyfin,Emby.Server.Implementations/Library/Validators/MusicGenresValidator.cs,89,Microsoft.Extensions.Logging.LoggerExtensions,LogInformation,Microsoft.Extensions.Logging.ILogger,Extension
jellyfin:0157,jellyfin,Emby.Server.Implementations/Library/Validators/StudiosValidator.cs,106,Microsoft.Extensions.Logging.LoggerExtensions,LogInformation,Microsoft.Extensions.Logging.ILogger,Extension
jellyfin:0159,jellyfin,Emby.Server.Implementations/Localization/LocalizationManager.cs,406,Microsoft.Extensions.Logging.LoggerExtensions,LogWarning,Microsoft.Extensions.Logging.ILogger,Extension
jellyfin:0160,jellyfin,Emby.Server.Implementations/Localization/LocalizationManager.cs,481,Microsoft.Extensions.Logging.LoggerExtensions,LogError,Microsoft.Extensions.Logging.ILogger,Extension
jellyfin:0175,jellyfin,Emby.Server.Implementations/Plugins/PluginManager.cs,465,Microsoft.Extensions.Logging.LoggerExtensions,LogInformation,Microsoft.Extensions.Logging.ILogger,Extension
jellyfin:0176,jellyfin,Emby.Server.Implementations/Plugins/PluginManager.cs,475,Microsoft.Extensions.Logging.LoggerExtensions,LogError,Microsoft.Extensions.Logging.ILogger,Extension
jellyfin:0177,jellyfin,Emby.Server.Implementations/Plugins/PluginManager.cs,482,Microsoft.Extensions.Logging.LoggerExtensions,LogWarning,Microsoft.Extensions.Logging.ILogger,Extension
jellyfin:0179,jellyfin,Emby.Server.Implementations/Plugins/PluginManager.cs,552,Microsoft.Extensions.Logging.LoggerExtensions,LogDebug,Microsoft.Extensions.Logging.ILogger,Extension
jellyfin:0180,jellyfin,Emby.Server.Implementations/Plugins/PluginManager.cs,604,Microsoft.Extensions.Logging.LoggerExtensions,LogInformation,Microsoft.Extensions.Logging.ILogger,Extension
jellyfin:0187,jellyfin,Emby.Server.Implementations/Plugins/PluginManager.cs,767,Microsoft.Extensions.Logging.LoggerExtensions,LogError,Microsoft.Extensions.Logging.ILogger,Extension
jellyfin:0190,jellyfin,Emby.Server.Implementations/Plugins/PluginManager.cs,842,Microsoft.Extensions.Logging.LoggerExtensions,LogInformation,Microsoft.Extensions.Logging.ILogger,Extension
jellyfin:0191,jellyfin,Emby.Server.Implementations/Plugins/PluginManager.cs,852,Microsoft.Extensions.Logging.LoggerExtensions,LogError,Microsoft.Extensions.Logging.ILogger,Extension
jellyfin:0192,jellyfin,Emby.Server.Implementations/Plugins/PluginManager.cs,863,Microsoft.Extensions.Logging.LoggerExtensions,LogError,Microsoft.Extensions.Logging.ILogger,Extension
jellyfin:0195,jellyfin,Emby.Server.Implementations/QuickConnect/QuickConnectManager.cs,167,Microsoft.Extensions.Logging.LoggerExtensions,LogDebug,Microsoft.Extensions.Logging.ILogger,Extension
jellyfin:0202,jellyfin,Emby.Server.Implementations/ScheduledTasks/ScheduledTaskWorker.cs,267,Microsoft.Extensions.Logging.LoggerExtensions,LogDebug,Microsoft.Extensions.Logging.ILogger,Extension
jellyfin:0203,jellyfin,Emby.Server.Implementations/ScheduledTasks/ScheduledTaskWorker.cs,313,Microsoft.Extensions.Logging.LoggerExtensions,LogDebug,Microsoft.Extensions.Logging.ILogger,Extension
jellyfin:0204,jellyfin,Emby.Server.Implementations/ScheduledTasks/ScheduledTaskWorker.cs,341,Microsoft.Extensions.Logging.LoggerExtensions,LogError,Microsoft.Extensions.Logging.ILogger,Extension
jellyfin:0206,jellyfin,Emby.Server.Implementations/ScheduledTasks/ScheduledTaskWorker.cs,505,Microsoft.Extensions.Logging.LoggerExtensions,LogInformation,Microsoft.Extensions.Logging.ILogger,Extension
jellyfin:0207,jellyfin,Emby.Server.Implementations/ScheduledTasks/ScheduledTaskWorker.cs,554,Microsoft.Extensions.Logging.LoggerExtensions,LogInformation,Microsoft.Extensions.Logging.ILogger,Extension
jellyfin:0209,jellyfin,Emby.Server.Implementations/ScheduledTasks/ScheduledTaskWorker.cs,568,Microsoft.Extensions.Logging.LoggerExtensions,LogInformation,Microsoft.Extensions.Logging.ILogger,Extension
jellyfin:0210,jellyfin,Emby.Server.Implementations/ScheduledTasks/ScheduledTaskWorker.cs,573,Microsoft.Extensions.Logging.LoggerExtensions,LogInformation,Microsoft.Extensions.Logging.ILogger,Extension
jellyfin:0213,jellyfin,Emby.Server.Implementations/ScheduledTasks/ScheduledTaskWorker.cs,590,Microsoft.Extensions.Logging.LoggerExtensions,LogDebug,Microsoft.Extensions.Logging.ILogger,Extension
jellyfin:0219,jellyfin,Emby.Server.Implementations/ScheduledTasks/TaskManager.cs,161,Microsoft.Extensions.Logging.LoggerExtensions,LogDebug,Microsoft.Extensions.Logging.ILogger,Extension
jellyfin:0234,jellyfin,Emby.Server.Implementations/ScheduledTasks/Triggers/DailyTrigger.cs,46,Microsoft.Extensions.Logging.LoggerExtensions,LogInformation,Microsoft.Extensions.Logging.ILogger,Extension
jellyfin:0244,jellyfin,Emby.Server.Implementations/Session/SessionManager.cs,1639,Microsoft.Extensions.Logging.LoggerExtensions,LogInformation,Microsoft.Extensions.Logging.ILogger,Extension
jellyfin:0246,jellyfin,Emby.Server.Implementations/Session/SessionManager.cs,1692,Microsoft.Extensions.Logging.LoggerExtensions,LogInformation,Microsoft.Extensions.Logging.ILogger,Extension
jellyfin:0250,jellyfin,Emby.Server.Implementations/Session/SessionManager.cs,2134,Microsoft.Extensions.Logging.LoggerExtensions,LogInformation,Microsoft.Extensions.Logging.ILogger,Extension
jellyfin:0278,jellyfin,Emby.Server.Implementations/Updates/InstallationManager.cs,356,Microsoft.Extensions.Logging.LoggerExtensions,LogError,Microsoft.Extensions.Logging.ILogger,Extension
jellyfin:0281,jellyfin,Emby.Server.Implementations/Updates/InstallationManager.cs,539,Microsoft.Extensions.Logging.LoggerExtensions,LogError,Microsoft.Extensions.Logging.ILogger,Extension
jellyfin:0282,jellyfin,Emby.Server.Implementations/Updates/InstallationManager.cs,579,Microsoft.Extensions.Logging.LoggerExtensions,LogInformation,Microsoft.Extensions.Logging.ILogger,Extension
jellyfin:0283,jellyfin,Jellyfin.Api/Auth/CustomAuthenticationHandler.cs,81,Microsoft.Extensions.Logging.LoggerExtensions,LogDebug,Microsoft.Extensions.Logging.ILogger,Extension
jellyfin:0284,jellyfin,Jellyfin.Api/Controllers/DashboardController.cs,89,Microsoft.Extensions.Logging.LoggerExtensions,LogError,Microsoft.Extensions.Logging.ILogger,Extension
jellyfin:0332,jellyfin,Jellyfin.Api/Middleware/RobotsRedirectionMiddleware.cs,38,Microsoft.Extensions.Logging.LoggerExtensions,LogDebug,Microsoft.Extensions.Logging.ILogger,Extension
jellyfin:0333,jellyfin,Jellyfin.Api/ModelBinders/CommaDelimitedCollectionModelBinder.cs,72,Microsoft.Extensions.Logging.LoggerExtensions,LogDebug,Microsoft.Extensions.Logging.ILogger,Extension
jellyfin:0335,jellyfin,Jellyfin.Api/ModelBinders/PipeDelimitedCollectionModelBinder.cs,72,Microsoft.Extensions.Logging.LoggerExtensions,LogDebug,Microsoft.Extensions.Logging.ILogger,Extension
jellyfin:0338,jellyfin,Jellyfin.Server.Implementations/Events/EventManager.cs,46,Microsoft.Extensions.DependencyInjection.ServiceProviderServiceExtensions,CreateScope,System.IServiceProvider,Extension
jellyfin:0339,jellyfin,Jellyfin.Server.Implementations/Events/EventManager.cs,52,Microsoft.Extensions.DependencyInjection.ServiceProviderServiceExtensions,GetServices,System.IServiceProvider,Extension
jellyfin:0341,jellyfin,Jellyfin.Server.Implementations/Extensions/ServiceCollectionExtensions.cs,86,Microsoft.Extensions.Configuration.ConfigurationBinder,GetValue,Microsoft.Extensions.Configuration.IConfiguration,Extension
jellyfin:0370,jellyfin,Jellyfin.Server.Implementations/Item/BaseItemMapper.cs,454,Microsoft.Extensions.Logging.LoggerExtensions,LogWarning,Microsoft.Extensions.Logging.ILogger,Extension
jellyfin:0409,jellyfin,Jellyfin.Server.Implementations/Users/UserManager.cs,562,Microsoft.Extensions.Logging.LoggerExtensions,LogInformation,Microsoft.Extensions.Logging.ILogger,Extension
jellyfin:0411,jellyfin,Jellyfin.Server.Implementations/Users/UserManager.cs,629,Microsoft.Extensions.Logging.LoggerExtensions,LogWarning,Microsoft.Extensions.Logging.ILogger,Extension
jellyfin:0416,jellyfin,Jellyfin.Server/CoreAppHost.cs,75,Microsoft.Extensions.Logging.LoggerExtensions,LogWarning,Microsoft.Extensions.Logging.ILogger,Extension
jellyfin:0436,jellyfin,Jellyfin.Server/Migrations/JellyfinMigrationService.cs,96,Microsoft.Extensions.Logging.LoggerExtensions,LogInformation,Microsoft.Extensions.Logging.ILogger,Extension
jellyfin:0437,jellyfin,Jellyfin.Server/Migrations/JellyfinMigrationService.cs,103,Microsoft.Extensions.Logging.LoggerExtensions,LogInformation,Microsoft.Extensions.Logging.ILogger,Extension
jellyfin:0438,jellyfin,Jellyfin.Server/Migrations/JellyfinMigrationService.cs,131,Microsoft.Extensions.Logging.LoggerExtensions,LogInformation,Microsoft.Extensions.Logging.ILogger,Extension
jellyfin:0442,jellyfin,Jellyfin.Server/Migrations/JellyfinMigrationService.cs,211,Microsoft.Extensions.Logging.LoggerExtensions,LogInformation,Microsoft.Extensions.Logging.ILogger,Extension
jellyfin:0443,jellyfin,Jellyfin.Server/Migrations/JellyfinMigrationService.cs,219,Microsoft.Extensions.Logging.LoggerExtensions,LogInformation,Microsoft.Extensions.Logging.ILogger,Extension
jellyfin:0444,jellyfin,Jellyfin.Server/Migrations/JellyfinMigrationService.cs,221,Microsoft.Extensions.Logging.LoggerExtensions,LogInformation,Microsoft.Extensions.Logging.ILogger,Extension
jellyfin:0568,jellyfin,Jellyfin.Server/Migrations/Routines/MoveTrickplayFiles.cs,102,Microsoft.Extensions.Logging.LoggerExtensions,LogInformation,Microsoft.Extensions.Logging.ILogger,Extension
jellyfin:0569,jellyfin,Jellyfin.Server/Migrations/Routines/MoveTrickplayFiles.cs,105,Microsoft.Extensions.Logging.LoggerExtensions,LogInformation,Microsoft.Extensions.Logging.ILogger,Extension
jellyfin:0585,jellyfin,Jellyfin.Server/Migrations/Stages/CodeMigration.cs,33,Microsoft.Extensions.DependencyInjection.ServiceProviderServiceExtensions,GetRequiredService,System.IServiceProvider,Extension
jellyfin:0596,jellyfin,Jellyfin.Server/Program.cs,365,Microsoft.Extensions.DependencyInjection.ServiceProviderServiceExtensions,GetRequiredService,System.IServiceProvider,Extension
jellyfin:0597,jellyfin,Jellyfin.Server/Program.cs,366,Microsoft.Extensions.DependencyInjection.ServiceProviderServiceExtensions,GetRequiredService,System.IServiceProvider,Extension
jellyfin:0609,jellyfin,MediaBrowser.Controller/Entities/Folder.cs,370,Microsoft.Extensions.Logging.LoggerExtensions,LogWarning,Microsoft.Extensions.Logging.ILogger,Extension
jellyfin:0614,jellyfin,MediaBrowser.Controller/Entities/Folder.cs,506,Microsoft.Extensions.Logging.LoggerExtensions,LogDebug,Microsoft.Extensions.Logging.ILogger,Extension
jellyfin:0633,jellyfin,MediaBrowser.Controller/Extensions/ConfigurationExtensions.cs,84,Microsoft.Extensions.Configuration.ConfigurationBinder,GetValue,Microsoft.Extensions.Configuration.IConfiguration,Extension
jellyfin:0634,jellyfin,MediaBrowser.Controller/Extensions/ConfigurationExtensions.cs,108,Microsoft.Extensions.Configuration.ConfigurationBinder,GetValue,Microsoft.Extensions.Configuration.IConfiguration,Extension
jellyfin:0644,jellyfin,MediaBrowser.Controller/LibraryTaskScheduler/LimitedConcurrencyLibraryScheduler.cs,61,Microsoft.Extensions.Logging.LoggerExtensions,LogDebug,Microsoft.Extensions.Logging.ILogger,Extension
jellyfin:0645,jellyfin,MediaBrowser.Controller/LibraryTaskScheduler/LimitedConcurrencyLibraryScheduler.cs,71,Microsoft.Extensions.Logging.LoggerExtensions,LogDebug,Microsoft.Extensions.Logging.ILogger,Extension
jellyfin:0646,jellyfin,MediaBrowser.Controller/LibraryTaskScheduler/LimitedConcurrencyLibraryScheduler.cs,75,Microsoft.Extensions.Logging.LoggerExtensions,LogDebug,Microsoft.Extensions.Logging.ILogger,Extension
jellyfin:0649,jellyfin,MediaBrowser.Controller/LibraryTaskScheduler/LimitedConcurrencyLibraryScheduler.cs,125,Microsoft.Extensions.Logging.LoggerExtensions,LogDebug,Microsoft.Extensions.Logging.ILogger,Extension
jellyfin:0650,jellyfin,MediaBrowser.Controller/LibraryTaskScheduler/LimitedConcurrencyLibraryScheduler.cs,155,Microsoft.Extensions.Logging.LoggerExtensions,LogDebug,Microsoft.Extensions.Logging.ILogger,Extension
jellyfin:0651,jellyfin,MediaBrowser.Controller/LibraryTaskScheduler/LimitedConcurrencyLibraryScheduler.cs,171,Microsoft.Extensions.Logging.LoggerExtensions,LogDebug,Microsoft.Extensions.Logging.ILogger,Extension
jellyfin:0653,jellyfin,MediaBrowser.Controller/LibraryTaskScheduler/LimitedConcurrencyLibraryScheduler.cs,216,Microsoft.Extensions.Logging.LoggerExtensions,LogDebug,Microsoft.Extensions.Logging.ILogger,Extension
jellyfin:0656,jellyfin,MediaBrowser.Controller/LibraryTaskScheduler/LimitedConcurrencyLibraryScheduler.cs,272,Microsoft.Extensions.Logging.LoggerExtensions,LogDebug,Microsoft.Extensions.Logging.ILogger,Extension
jellyfin:0657,jellyfin,MediaBrowser.Controller/LibraryTaskScheduler/LimitedConcurrencyLibraryScheduler.cs,274,Microsoft.Extensions.Logging.LoggerExtensions,LogDebug,Microsoft.Extensions.Logging.ILogger,Extension
jellyfin:0733,jellyfin,MediaBrowser.MediaEncoding/Encoder/EncoderValidator.cs,255,Microsoft.Extensions.Logging.LoggerExtensions,LogInformation,Microsoft.Extensions.Logging.ILogger,Extension
jellyfin:0736,jellyfin,MediaBrowser.MediaEncoding/Encoder/EncoderValidator.cs,272,Microsoft.Extensions.Logging.LoggerExtensions,LogWarning,Microsoft.Extensions.Logging.ILogger,Extension
jellyfin:0737,jellyfin,MediaBrowser.MediaEncoding/Encoder/EncoderValidator.cs,280,Microsoft.Extensions.Logging.LoggerExtensions,LogWarning,Microsoft.Extensions.Logging.ILogger,Extension
jellyfin:0742,jellyfin,MediaBrowser.MediaEncoding/Encoder/EncoderValidator.cs,362,Microsoft.Extensions.Logging.LoggerExtensions,LogInformation,Microsoft.Extensions.Logging.ILogger,Extension
jellyfin:0743,jellyfin,MediaBrowser.MediaEncoding/Encoder/EncoderValidator.cs,366,Microsoft.Extensions.Logging.LoggerExtensions,LogWarning,Microsoft.Extensions.Logging.ILogger,Extension
jellyfin:0761,jellyfin,MediaBrowser.MediaEncoding/Encoder/MediaEncoder.cs,124,Microsoft.Extensions.Configuration.ConfigurationBinder,GetValue,Microsoft.Extensions.Configuration.IConfiguration,Extension
jellyfin:0762,jellyfin,MediaBrowser.MediaEncoding/Encoder/MediaEncoder.cs,182,Microsoft.Extensions.Logging.LoggerExtensions,LogWarning,Microsoft.Extensions.Logging.ILogger,Extension
jellyfin:0786,jellyfin,MediaBrowser.MediaEncoding/Probing/ProbeResultNormalizer.cs,1726,Microsoft.Extensions.Logging.LoggerExtensions,LogError,Microsoft.Extensions.Logging.ILogger,Extension
jellyfin:0787,jellyfin,MediaBrowser.MediaEncoding/Subtitles/SubtitleEditParser.cs,131,Microsoft.Extensions.Logging.LoggerExtensions,LogWarning,Microsoft.Extensions.Logging.ILogger,Extension
jellyfin:0838,jellyfin,MediaBrowser.Model/Dlna/StreamBuilder.cs,721,Microsoft.Extensions.Logging.LoggerExtensions,LogDebug,Microsoft.Extensions.Logging.ILogger,Extension
jellyfin:0839,jellyfin,MediaBrowser.Model/Dlna/StreamBuilder.cs,777,Microsoft.Extensions.Logging.LoggerExtensions,LogDebug,Microsoft.Extensions.Logging.ILogger,Extension
jellyfin:0840,jellyfin,MediaBrowser.Model/Dlna/StreamBuilder.cs,818,Microsoft.Extensions.Logging.LoggerExtensions,LogDebug,Microsoft.Extensions.Logging.ILogger,Extension
jellyfin:0841,jellyfin,MediaBrowser.Model/Dlna/StreamBuilder.cs,1121,Microsoft.Extensions.Logging.LoggerExtensions,LogDebug,Microsoft.Extensions.Logging.ILogger,Extension
jellyfin:0843,jellyfin,MediaBrowser.Model/Dlna/StreamBuilder.cs,1419,Microsoft.Extensions.Logging.LoggerExtensions,LogDebug,Microsoft.Extensions.Logging.ILogger,Extension
jellyfin:0844,jellyfin,MediaBrowser.Model/Dlna/StreamBuilder.cs,1610,Microsoft.Extensions.Logging.LoggerExtensions,LogDebug,Microsoft.Extensions.Logging.ILogger,Extension
jellyfin:0863,jellyfin,MediaBrowser.Providers/Manager/ItemImageProvider.cs,211,Microsoft.Extensions.Logging.LoggerExtensions,LogDebug,Microsoft.Extensions.Logging.ILogger,Extension
jellyfin:0864,jellyfin,MediaBrowser.Providers/Manager/ItemImageProvider.cs,227,Microsoft.Extensions.Logging.LoggerExtensions,LogDebug,Microsoft.Extensions.Logging.ILogger,Extension
jellyfin:0866,jellyfin,MediaBrowser.Providers/Manager/ItemImageProvider.cs,298,Microsoft.Extensions.Logging.LoggerExtensions,LogDebug,Microsoft.Extensions.Logging.ILogger,Extension
jellyfin:0875,jellyfin,MediaBrowser.Providers/Manager/MetadataService.cs,108,Microsoft.Extensions.Logging.LoggerExtensions,LogDebug,Microsoft.Extensions.Logging.ILogger,Extension
jellyfin:0883,jellyfin,MediaBrowser.Providers/Manager/MetadataService.cs,876,Microsoft.Extensions.Logging.LoggerExtensions,LogDebug,Microsoft.Extensions.Logging.ILogger,Extension
jellyfin:0890,jellyfin,MediaBrowser.Providers/Manager/ProviderManager.cs,171,Microsoft.Extensions.Logging.LoggerExtensions,LogError,Microsoft.Extensions.Logging.ILogger,Extension
jellyfin:0893,jellyfin,MediaBrowser.Providers/Manager/ProviderManager.cs,418,Microsoft.Extensions.Logging.LoggerExtensions,LogError,Microsoft.Extensions.Logging.ILogger,Extension
jellyfin:0901,jellyfin,MediaBrowser.Providers/Manager/ProviderManager.cs,1034,Microsoft.Extensions.Logging.LoggerExtensions,LogDebug,Microsoft.Extensions.Logging.ILogger,Extension
jellyfin:0903,jellyfin,MediaBrowser.Providers/Manager/ProviderManager.cs,1050,Microsoft.Extensions.Logging.LoggerExtensions,LogDebug,Microsoft.Extensions.Logging.ILogger,Extension
jellyfin:0905,jellyfin,MediaBrowser.Providers/Manager/ProviderManager.cs,1079,Microsoft.Extensions.Logging.LoggerExtensions,LogDebug,Microsoft.Extensions.Logging.ILogger,Extension
jellyfin:0909,jellyfin,MediaBrowser.Providers/Manager/ProviderManager.cs,1285,Microsoft.Extensions.Logging.LoggerExtensions,LogDebug,Microsoft.Extensions.Logging.ILogger,Extension
jellyfin:0913,jellyfin,MediaBrowser.Providers/MediaInfo/EmbeddedImageProvider.cs,132,Microsoft.Extensions.Logging.LoggerExtensions,LogWarning,Microsoft.Extensions.Logging.ILogger,Extension
jellyfin:0927,jellyfin,MediaBrowser.Providers/MediaInfo/VideoImageProvider.cs,70,Microsoft.Extensions.Logging.LoggerExtensions,LogInformation,Microsoft.Extensions.Logging.ILogger,Extension
jellyfin:0928,jellyfin,MediaBrowser.Providers/MediaInfo/VideoImageProvider.cs,103,Microsoft.Extensions.Logging.LoggerExtensions,LogInformation,Microsoft.Extensions.Logging.ILogger,Extension
jellyfin:0941,jellyfin,MediaBrowser.XbmcMetadata/Parsers/BaseNfoParser.cs,506,Microsoft.Extensions.Logging.LoggerExtensions,LogWarning,Microsoft.Extensions.Logging.ILogger,Extension
jellyfin:0942,jellyfin,MediaBrowser.XbmcMetadata/Parsers/BaseNfoParser.cs,696,Microsoft.Extensions.Logging.LoggerExtensions,LogError,Microsoft.Extensions.Logging.ILogger,Extension
jellyfin:0943,jellyfin,MediaBrowser.XbmcMetadata/Parsers/BaseNfoParser.cs,712,Microsoft.Extensions.Logging.LoggerExtensions,LogWarning,Microsoft.Extensions.Logging.ILogger,Extension
jellyfin:0953,jellyfin,src/Jellyfin.Database/Jellyfin.Database.Implementations/Locking/NoLockBehavior.cs,33,Microsoft.Extensions.Logging.LoggerExtensions,LogInformation,Microsoft.Extensions.Logging.ILogger,Extension
jellyfin:0971,jellyfin,src/Jellyfin.Database/Jellyfin.Database.Providers.Sqlite/PragmaConnectionInterceptor.cs,46,Microsoft.Extensions.Logging.LoggerExtensions,LogInformation,Microsoft.Extensions.Logging.ILogger,Extension
jellyfin:1019,jellyfin,src/Jellyfin.LiveTv/Extensions/LiveTvServiceCollectionExtensions.cs,44,Microsoft.Extensions.DependencyInjection.ServiceProviderServiceExtensions,GetRequiredService,System.IServiceProvider,Extension
jellyfin:1020,jellyfin,src/Jellyfin.LiveTv/Extensions/LiveTvServiceCollectionExtensions.cs,45,Microsoft.Extensions.DependencyInjection.ServiceProviderServiceExtensions,GetRequiredService,System.IServiceProvider,Extension
jellyfin:1067,jellyfin,src/Jellyfin.LiveTv/Listings/XmlTvListingsProvider.cs,60,Microsoft.Extensions.Logging.LoggerExtensions,LogInformation,Microsoft.Extensions.Logging.ILogger,Extension
jellyfin:1068,jellyfin,src/Jellyfin.LiveTv/Listings/XmlTvListingsProvider.cs,84,Microsoft.Extensions.Logging.LoggerExtensions,LogInformation,Microsoft.Extensions.Logging.ILogger,Extension
jellyfin:1071,jellyfin,src/Jellyfin.LiveTv/Listings/XmlTvListingsProvider.cs,168,Microsoft.Extensions.Logging.LoggerExtensions,LogDebug,Microsoft.Extensions.Logging.ILogger,Extension
jellyfin:1072,jellyfin,src/Jellyfin.LiveTv/Listings/XmlTvListingsProvider.cs,171,Microsoft.Extensions.Logging.LoggerExtensions,LogDebug,Microsoft.Extensions.Logging.ILogger,Extension
jellyfin:1157,jellyfin,src/Jellyfin.Networking/AutoDiscoveryHost.cs,89,Microsoft.Extensions.Logging.LoggerExtensions,LogDebug,Microsoft.Extensions.Logging.ILogger,Extension
jellyfin:1164,jellyfin,src/Jellyfin.Networking/Manager/NetworkManager.cs,230,Microsoft.Extensions.Logging.LoggerExtensions,LogDebug,Microsoft.Extensions.Logging.ILogger,Extension
jellyfin:1168,jellyfin,src/Jellyfin.Networking/Manager/NetworkManager.cs,300,Microsoft.Extensions.Logging.LoggerExtensions,LogDebug,Microsoft.Extensions.Logging.ILogger,Extension
jellyfin:1169,jellyfin,src/Jellyfin.Networking/Manager/NetworkManager.cs,301,Microsoft.Extensions.Logging.LoggerExtensions,LogDebug,Microsoft.Extensions.Logging.ILogger,Extension
jellyfin:1170,jellyfin,src/Jellyfin.Networking/Manager/NetworkManager.cs,313,Microsoft.Extensions.Logging.LoggerExtensions,LogDebug,Microsoft.Extensions.Logging.ILogger,Extension
jellyfin:1171,jellyfin,src/Jellyfin.Networking/Manager/NetworkManager.cs,321,Microsoft.Extensions.Logging.LoggerExtensions,LogDebug,Microsoft.Extensions.Logging.ILogger,Extension
jellyfin:1178,jellyfin,src/Jellyfin.Networking/Manager/NetworkManager.cs,852,Microsoft.Extensions.Logging.LoggerExtensions,LogDebug,Microsoft.Extensions.Logging.ILogger,Extension
jellyfin:1180,jellyfin,src/Jellyfin.Networking/Manager/NetworkManager.cs,903,Microsoft.Extensions.Logging.LoggerExtensions,LogDebug,Microsoft.Extensions.Logging.ILogger,Extension
jellyfin:1182,jellyfin,src/Jellyfin.Networking/Manager/NetworkManager.cs,926,Microsoft.Extensions.Logging.LoggerExtensions,LogDebug,Microsoft.Extensions.Logging.ILogger,Extension
jellyfin:1184,jellyfin,src/Jellyfin.Networking/Manager/NetworkManager.cs,1062,Microsoft.Extensions.Logging.LoggerExtensions,LogDebug,Microsoft.Extensions.Logging.ILogger,Extension
jellyfin:1186,jellyfin,src/Jellyfin.Networking/Manager/NetworkManager.cs,1079,Microsoft.Extensions.Logging.LoggerExtensions,LogDebug,Microsoft.Extensions.Logging.ILogger,Extension
jellyfin:1187,jellyfin,src/Jellyfin.Networking/Manager/NetworkManager.cs,1126,Microsoft.Extensions.Logging.LoggerExtensions,LogDebug,Microsoft.Extensions.Logging.ILogger,Extension
jellyfin:1188,jellyfin,src/Jellyfin.Networking/Manager/NetworkManager.cs,1130,Microsoft.Extensions.Logging.LoggerExtensions,LogDebug,Microsoft.Extensions.Logging.ILogger,Extension
jellyfin:1189,jellyfin,src/Jellyfin.Networking/Manager/NetworkManager.cs,1146,Microsoft.Extensions.Logging.LoggerExtensions,LogDebug,Microsoft.Extensions.Logging.ILogger,Extension
jellyfin:1190,jellyfin,src/Jellyfin.Networking/Manager/NetworkManager.cs,1173,Microsoft.Extensions.Logging.LoggerExtensions,LogDebug,Microsoft.Extensions.Logging.ILogger,Extension
jellyfin:1193,jellyfin,src/Jellyfin.Networking/Manager/NetworkManager.cs,1200,Microsoft.Extensions.Logging.LoggerExtensions,Log,Microsoft.Extensions.Logging.ILogger,Extension
jellyfin:1194,jellyfin,src/Jellyfin.Networking/Manager/NetworkManager.cs,1201,Microsoft.Extensions.Logging.LoggerExtensions,Log,Microsoft.Extensions.Logging.ILogger,Extension
jellyfin:1195,jellyfin,src/Jellyfin.Networking/Manager/NetworkManager.cs,1202,Microsoft.Extensions.Logging.LoggerExtensions,Log,Microsoft.Extensions.Logging.ILogger,Extension
jellyfin:1196,jellyfin,src/Jellyfin.Networking/Manager/NetworkManager.cs,1203,Microsoft.Extensions.Logging.LoggerExtensions,Log,Microsoft.Extensions.Logging.ILogger,Extension
jellyfin:1197,jellyfin,src/Jellyfin.Networking/Manager/NetworkManager.cs,1204,Microsoft.Extensions.Logging.LoggerExtensions,Log,Microsoft.Extensions.Logging.ILogger,Extension
jellyfin:1198,jellyfin,src/Jellyfin.Networking/Manager/NetworkManager.cs,1205,Microsoft.Extensions.Logging.LoggerExtensions,Log,Microsoft.Extensions.Logging.ILogger,Extension
jellyfin:1199,jellyfin,src/Jellyfin.Networking/Manager/NetworkManager.cs,1206,Microsoft.Extensions.Logging.LoggerExtensions,Log,Microsoft.Extensions.Logging.ILogger,Extension
server:0029,server,src/Core/AdminConsole/Services/EventLoggingListenerService.cs,42,Microsoft.Extensions.Logging.LoggerExtensions,LogError,Microsoft.Extensions.Logging.ILogger,Extension
server:0030,server,src/Core/AdminConsole/Services/EventLoggingListenerService.cs,46,Microsoft.Extensions.Logging.LoggerExtensions,LogError,Microsoft.Extensions.Logging.ILogger,Extension
server:0031,server,src/Core/AdminConsole/Services/EventLoggingListenerService.cs,54,Microsoft.Extensions.Logging.LoggerExtensions,LogError,Microsoft.Extensions.Logging.ILogger,Extension
server:0032,server,src/Core/AdminConsole/Services/EventLoggingListenerService.cs,62,Microsoft.Extensions.Logging.LoggerExtensions,LogError,Microsoft.Extensions.Logging.ILogger,Extension
server:0033,server,src/Core/AdminConsole/Services/Implementations/EventIntegrations/RabbitMqIntegrationListenerService.cs,109,Microsoft.Extensions.Logging.LoggerExtensions,LogWarning,Microsoft.Extensions.Logging.ILogger,Extension
server:0034,server,src/Core/AdminConsole/Services/Implementations/EventIntegrations/RabbitMqIntegrationListenerService.cs,116,Microsoft.Extensions.Logging.LoggerExtensions,LogWarning,Microsoft.Extensions.Logging.ILogger,Extension
server:0035,server,src/Core/AdminConsole/Services/Implementations/EventIntegrations/SlackService.cs,96,Microsoft.Extensions.Logging.LoggerExtensions,LogError,Microsoft.Extensions.Logging.ILogger,Extension
server:0036,server,src/Core/AdminConsole/Services/Implementations/EventIntegrations/SlackService.cs,115,Microsoft.Extensions.Logging.LoggerExtensions,LogError,Microsoft.Extensions.Logging.ILogger,Extension
server:0037,server,src/Core/AdminConsole/Services/Implementations/EventIntegrations/SlackService.cs,121,Microsoft.Extensions.Logging.LoggerExtensions,LogError,Microsoft.Extensions.Logging.ILogger,Extension
server:0038,server,src/Core/AdminConsole/Services/Implementations/EventIntegrations/SlackService.cs,126,Microsoft.Extensions.Logging.LoggerExtensions,LogError,Microsoft.Extensions.Logging.ILogger,Extension
server:0039,server,src/Core/AdminConsole/Services/Implementations/EventIntegrations/SlackService.cs,149,Microsoft.Extensions.Logging.LoggerExtensions,LogError,Microsoft.Extensions.Logging.ILogger,Extension
server:0040,server,src/Core/AdminConsole/Services/Implementations/EventIntegrations/SlackService.cs,166,Microsoft.Extensions.Logging.LoggerExtensions,LogError,Microsoft.Extensions.Logging.ILogger,Extension
server:0041,server,src/Core/AdminConsole/Services/Implementations/EventIntegrations/SlackService.cs,172,Microsoft.Extensions.Logging.LoggerExtensions,LogError,Microsoft.Extensions.Logging.ILogger,Extension
server:0042,server,src/Core/AdminConsole/Services/Implementations/EventIntegrations/SlackService.cs,177,Microsoft.Extensions.Logging.LoggerExtensions,LogError,Microsoft.Extensions.Logging.ILogger,Extension
server:0043,server,src/Core/AdminConsole/Services/Implementations/EventIntegrations/SlackService.cs,201,Microsoft.Extensions.Logging.LoggerExtensions,LogError,Microsoft.Extensions.Logging.ILogger,Extension
server:0044,server,src/Core/AdminConsole/Services/Implementations/EventIntegrations/SlackService.cs,207,Microsoft.Extensions.Logging.LoggerExtensions,LogError,Microsoft.Extensions.Logging.ILogger,Extension
server:0045,server,src/Core/AdminConsole/Services/Implementations/EventIntegrations/SlackService.cs,212,Microsoft.Extensions.Logging.LoggerExtensions,LogError,Microsoft.Extensions.Logging.ILogger,Extension
server:0046,server,src/Core/AdminConsole/Services/Implementations/EventIntegrations/TeamsService.cs,51,Microsoft.Extensions.Logging.LoggerExtensions,LogError,Microsoft.Extensions.Logging.ILogger,Extension
server:0047,server,src/Core/AdminConsole/Services/Implementations/EventIntegrations/TeamsService.cs,87,Microsoft.Extensions.Logging.LoggerExtensions,LogError,Microsoft.Extensions.Logging.ILogger,Extension
server:0048,server,src/Core/AdminConsole/Utilities/DebuggingInstruments/UserInviteDebuggingLogger.cs,29,Microsoft.Extensions.Logging.LoggerExtensions,LogWarning,Microsoft.Extensions.Logging.ILogger,Extension
server:0049,server,src/Core/AdminConsole/Utilities/DebuggingInstruments/UserInviteDebuggingLogger.cs,37,Microsoft.Extensions.Logging.LoggerExtensions,LogWarning,Microsoft.Extensions.Logging.ILogger,Extension
server:0050,server,src/Core/Auth/Services/Implementations/AuthRequestService.cs,288,Microsoft.Extensions.Logging.LoggerExtensions,LogWarning,Microsoft.Extensions.Logging.ILogger,Extension
server:0052,server,src/Core/Billing/Pricing/PricingClient.cs,58,Microsoft.Extensions.Logging.LoggerExtensions,LogError,Microsoft.Extensions.Logging.ILogger,Extension
server:0055,server,src/Core/Dirt/Reports/ReportFeatures/GetOrganizationReportApplicationDataQuery.cs,31,Microsoft.Extensions.Logging.LoggerExtensions,LogWarning,Microsoft.Extensions.Logging.ILogger,Extension
server:0056,server,src/Core/Dirt/Reports/ReportFeatures/GetOrganizationReportApplicationDataQuery.cs,37,Microsoft.Extensions.Logging.LoggerExtensions,LogWarning,Microsoft.Extensions.Logging.ILogger,Extension
server:0057,server,src/Core/Dirt/Reports/ReportFeatures/GetOrganizationReportDataQuery.cs,31,Microsoft.Extensions.Logging.LoggerExtensions,LogWarning,Microsoft.Extensions.Logging.ILogger,Extension
server:0058,server,src/Core/Dirt/Reports/ReportFeatures/GetOrganizationReportDataQuery.cs,37,Microsoft.Extensions.Logging.LoggerExtensions,LogWarning,Microsoft.Extensions.Logging.ILogger,Extension
server:0059,server,src/Core/Dirt/Reports/ReportFeatures/GetOrganizationReportSummaryDataByDateRangeQuery.cs,32,Microsoft.Extensions.Logging.LoggerExtensions,LogWarning,Microsoft.Extensions.Logging.ILogger,Extension
server:0060,server,src/Core/Dirt/Reports/ReportFeatures/GetOrganizationReportSummaryDataQuery.cs,31,Microsoft.Extensions.Logging.LoggerExtensions,LogWarning,Microsoft.Extensions.Logging.ILogger,Extension
server:0061,server,src/Core/Dirt/Reports/ReportFeatures/GetOrganizationReportSummaryDataQuery.cs,37,Microsoft.Extensions.Logging.LoggerExtensions,LogWarning,Microsoft.Extensions.Logging.ILogger,Extension
server:0068,server,src/Core/Platform/Mail/Mailer/HandlebarMailRenderer.cs,103,Microsoft.Extensions.Logging.LoggerExtensions,LogWarning,Microsoft.Extensions.Logging.ILogger,Extension
server:0069,server,src/Core/Platform/Push/Engines/AzureQueuePushEngine.cs,30,Microsoft.Extensions.Logging.LoggerExtensions,LogWarning,Microsoft.Extensions.Logging.ILogger,Extension
server:0071,server,src/Core/Platform/Push/Engines/MultiServicePushNotificationService.cs,52,Microsoft.Extensions.Logging.LoggerExtensions,LogDebug,Microsoft.Extensions.Logging.ILogger,Extension
server:0072,server,src/Core/Platform/Push/NotificationHub/NotificationHubPool.cs,32,Microsoft.Extensions.Logging.LoggerExtensions,LogDebug,Microsoft.Extensions.Logging.ILogger,Extension
server:0073,server,src/Core/Platform/Push/NotificationHub/NotificationHubPushEngine.cs,41,Microsoft.Extensions.Logging.LoggerExtensions,LogWarning,Microsoft.Extensions.Logging.ILogger,Extension
server:0074,server,src/Core/Platform/Push/PushServiceCollectionExtensions.cs,71,Microsoft.Extensions.DependencyInjection.ServiceProviderServiceExtensions,GetRequiredService,System.IServiceProvider,Extension
server:0075,server,src/Core/Platform/PushRegistration/PushRegistrationServiceCollectionExtensions.cs,36,Microsoft.Extensions.DependencyInjection.ServiceProviderServiceExtensions,GetRequiredService,System.IServiceProvider,Extension
server:0076,server,src/Core/Platform/PushRegistration/PushRegistrationServiceCollectionExtensions.cs,43,Microsoft.Extensions.DependencyInjection.ServiceProviderServiceExtensions,GetRequiredService,System.IServiceProvider,Extension
server:0077,server,src/Core/Platform/PushRegistration/PushRegistrationServiceCollectionExtensions.cs,46,Microsoft.Extensions.DependencyInjection.ServiceProviderServiceExtensions,GetRequiredService,System.IServiceProvider,Extension
server:0078,server,src/Core/Platform/PushRegistration/PushRegistrationServiceCollectionExtensions.cs,49,Microsoft.Extensions.DependencyInjection.ServiceProviderServiceExtensions,GetRequiredService,System.IServiceProvider,Extension
server:0089,server,src/Core/Tokens/Token.cs,33,Microsoft.Extensions.Logging.LoggerExtensions,LogDebug,Microsoft.Extensions.Logging.ILogger,Extension
server:0090,server,src/Core/Tokens/Token.cs,49,Microsoft.Extensions.Logging.LoggerExtensions,LogDebug,Microsoft.Extensions.Logging.ILogger,Extension
server:0091,server,src/Core/Utilities/CustomRedisProcessingStrategy.cs,54,Microsoft.Extensions.Logging.LoggerExtensions,LogDebug,Microsoft.Extensions.Logging.ILogger,Extension
server:0092,server,src/Core/Utilities/CustomRedisProcessingStrategy.cs,64,Microsoft.Extensions.Logging.LoggerExtensions,LogDebug,Microsoft.Extensions.Logging.ILogger,Extension
orleans:0038,orleans,src/Azure/Orleans.Streaming.AzureStorage/Hosting/AzureQueueStreamProviderBuilder.cs,35,Microsoft.Extensions.Configuration.ConfigurationBinder,Get,Microsoft.Extensions.Configuration.IConfiguration,Extension
orleans:0052,orleans,src/Orleans.Core/Configuration/OptionLogger/IOptionsLogger.cs,78,Microsoft.Extensions.DependencyInjection.ServiceProviderServiceExtensions,GetServices,System.IServiceProvider,Extension
orleans:0053,orleans,src/Orleans.Core/Configuration/OptionLogger/OptionFormatterExtensionMethods.cs,63,Microsoft.Extensions.DependencyInjection.ServiceProviderServiceExtensions,GetService,System.IServiceProvider,Extension
orleans:0054,orleans,src/Orleans.Core/Configuration/OptionLogger/OptionFormatterExtensionMethods.cs,148,Microsoft.Extensions.DependencyInjection.ServiceProviderServiceExtensions,GetService,System.IServiceProvider,Extension
orleans:0056,orleans,src/Orleans.Core/Configuration/ServiceCollectionExtensions.cs,48,Microsoft.Extensions.DependencyInjection.ServiceProviderServiceExtensions,GetRequiredService,System.IServiceProvider,Extension
orleans:0057,orleans,src/Orleans.Core/Configuration/Validators/ClientClusteringValidator.cs,45,Microsoft.Extensions.DependencyInjection.ServiceProviderServiceExtensions,GetService,System.IServiceProvider,Extension
orleans:0058,orleans,src/Orleans.Core/Configuration/Validators/SerializerConfigurationValidator.cs,48,Microsoft.Extensions.DependencyInjection.ServiceProviderServiceExtensions,GetService,System.IServiceProvider,Extension
orleans:0059,orleans,src/Orleans.Core/Core/ClusterClient.cs,41,Microsoft.Extensions.DependencyInjection.ServiceProviderServiceExtensions,GetServices,System.IServiceProvider,Extension
orleans:0060,orleans,src/Orleans.Core/Core/ClusterClient.cs,49,Microsoft.Extensions.DependencyInjection.ServiceProviderServiceExtensions,GetServices,System.IServiceProvider,Extension
orleans:0061,orleans,src/Orleans.Core/Core/DefaultClientServices.cs,140,Microsoft.Extensions.DependencyInjection.ServiceProviderServiceExtensions,GetRequiredService,System.IServiceProvider,Extension
orleans:0062,orleans,src/Orleans.Core/Core/DefaultClientServices.cs,235,Microsoft.Extensions.Configuration.ConfigurationExtensions,Exists,Microsoft.Extensions.Configuration.IConfigurationSection?,Extension
orleans:0063,orleans,src/Orleans.Core/Core/DefaultClientServices.cs,243,Microsoft.Extensions.Configuration.ConfigurationExtensions,Exists,Microsoft.Extensions.Configuration.IConfigurationSection?,Extension
orleans:0064,orleans,src/Orleans.Core/GrainReferences/GrainReferenceActivator.cs,138,Microsoft.Extensions.DependencyInjection.ServiceProviderServiceExtensions,GetRequiredService,System.IServiceProvider,Extension
orleans:0065,orleans,src/Orleans.Core/GrainReferences/GrainReferenceActivator.cs,336,Microsoft.Extensions.DependencyInjection.ServiceProviderServiceExtensions,GetRequiredService,System.IServiceProvider,Extension
orleans:0066,orleans,src/Orleans.Core/Manifest/ClientClusterManifestProvider.cs,105,Microsoft.Extensions.DependencyInjection.ServiceProviderServiceExtensions,GetRequiredService,System.IServiceProvider,Extension
orleans:0067,orleans,src/Orleans.Core/Networking/ClientOutboundConnectionFactory.cs,65,Microsoft.Extensions.DependencyInjection.ServiceProviderServiceExtensions,GetRequiredService,System.IServiceProvider,Extension
orleans:0068,orleans,src/Orleans.Core/Networking/ClientOutboundConnectionFactory.cs,66,Microsoft.Extensions.DependencyInjection.ServiceProviderServiceExtensions,GetRequiredService,System.IServiceProvider,Extension
orleans:0069,orleans,src/Orleans.Core/Networking/Connection.cs,276,Microsoft.Extensions.DependencyInjection.ServiceProviderServiceExtensions,GetRequiredService,System.IServiceProvider,Extension
orleans:0070,orleans,src/Orleans.Core/Networking/Connection.cs,343,Microsoft.Extensions.DependencyInjection.ServiceProviderServiceExtensions,GetRequiredService,System.IServiceProvider,Extension
orleans:0071,orleans,src/Orleans.Core/Providers/GrainStorageHelpers.cs,29,Microsoft.Extensions.DependencyInjection.ServiceProviderServiceExtensions,GetService,System.IServiceProvider,Extension
orleans:0072,orleans,src/Orleans.Core/Providers/IGrainStorageSerializer.cs,82,Microsoft.Extensions.DependencyInjection.ServiceProviderServiceExtensions,GetRequiredService,System.IServiceProvider,Extension
orleans:0073,orleans,src/Orleans.Core/Runtime/InvokableObjectManager.cs,32,Microsoft.Extensions.DependencyInjection.ServiceProviderServiceExtensions,GetServices,System.IServiceProvider,Extension
orleans:0074,orleans,src/Orleans.Core/Runtime/IRuntimeClient.cs,79,Microsoft.Extensions.DependencyInjection.ServiceProviderServiceExtensions,GetRequiredService,System.IServiceProvider,Extension
orleans:0075,orleans,src/Orleans.Core/Runtime/OutsideRuntimeClient.cs,104,Microsoft.Extensions.DependencyInjection.ServiceProviderServiceExtensions,GetServices,System.IServiceProvider,Extension
orleans:0076,orleans,src/Orleans.Core/Runtime/OutsideRuntimeClient.cs,105,Microsoft.Extensions.DependencyInjection.ServiceProviderServiceExtensions,GetRequiredService,System.IServiceProvider,Extension
orleans:0077,orleans,src/Orleans.Core/Runtime/OutsideRuntimeClient.cs,107,Microsoft.Extensions.DependencyInjection.ServiceProviderServiceExtensions,GetRequiredService,System.IServiceProvider,Extension
orleans:0078,orleans,src/Orleans.Core/Runtime/OutsideRuntimeClient.cs,108,Microsoft.Extensions.DependencyInjection.ServiceProviderServiceExtensions,GetRequiredService,System.IServiceProvider,Extension
orleans:0079,orleans,src/Orleans.Core/Runtime/OutsideRuntimeClient.cs,109,Microsoft.Extensions.DependencyInjection.ServiceProviderServiceExtensions,GetService,System.IServiceProvider,Extension
orleans:0080,orleans,src/Orleans.Core/Runtime/OutsideRuntimeClient.cs,111,Microsoft.Extensions.DependencyInjection.ServiceProviderServiceExtensions,GetRequiredService,System.IServiceProvider,Extension
orleans:0081,orleans,src/Orleans.Core/Runtime/OutsideRuntimeClient.cs,113,Microsoft.Extensions.DependencyInjection.ServiceProviderServiceExtensions,GetRequiredService,System.IServiceProvider,Extension
orleans:0082,orleans,src/Orleans.Core/Runtime/OutsideRuntimeClient.cs,115,Microsoft.Extensions.DependencyInjection.ServiceProviderServiceExtensions,GetRequiredService,System.IServiceProvider,Extension
orleans:0083,orleans,src/Orleans.Core/Runtime/OutsideRuntimeClient.cs,121,Microsoft.Extensions.DependencyInjection.ServiceProviderServiceExtensions,GetRequiredService,System.IServiceProvider,Extension
orleans:0084,orleans,src/Orleans.Core/Runtime/OutsideRuntimeClient.cs,177,Microsoft.Extensions.DependencyInjection.ServiceProviderServiceExtensions,GetService,System.IServiceProvider,Extension
orleans:0085,orleans,src/Orleans.Core/Runtime/OutsideRuntimeClient.cs,179,Microsoft.Extensions.DependencyInjection.ServiceProviderServiceExtensions,GetRequiredService,System.IServiceProvider,Extension
orleans:0086,orleans,src/Orleans.Core/Serialization/OrleansJsonSerializerSettings.cs,46,Microsoft.Extensions.DependencyInjection.ServiceProviderServiceExtensions,GetRequiredService,System.IServiceProvider,Extension
orleans:0087,orleans,src/Orleans.Core/Serialization/OrleansJsonSerializerSettings.cs,57,Microsoft.Extensions.DependencyInjection.ServiceProviderServiceExtensions,GetRequiredService,System.IServiceProvider,Extension
orleans:0088,orleans,src/Orleans.Core/Utils/NamedOptionExtension.cs,22,Microsoft.Extensions.DependencyInjection.ServiceProviderServiceExtensions,GetRequiredService,System.IServiceProvider,Extension
orleans:0089,orleans,src/Orleans.DurableJobs/Hosting/DurableJobsExtensions.cs,40,Microsoft.Extensions.DependencyInjection.ServiceProviderServiceExtensions,GetRequiredService,System.IServiceProvider,Extension
orleans:0090,orleans,src/Orleans.DurableJobs/Hosting/DurableJobsExtensions.cs,41,Microsoft.Extensions.DependencyInjection.ServiceProviderServiceExtensions,GetRequiredService,System.IServiceProvider,Extension
orleans:0091,orleans,src/Orleans.DurableJobs/Hosting/DurableJobsExtensions.cs,73,Microsoft.Extensions.DependencyInjection.ServiceProviderServiceExtensions,GetRequiredService,System.IServiceProvider,Extension
orleans:0092,orleans,src/Orleans.DurableJobs/Hosting/DurableJobsExtensions.cs,74,Microsoft.Extensions.DependencyInjection.ServiceProviderServiceExtensions,GetRequiredService,System.IServiceProvider,Extension
orleans:0094,orleans,src/Orleans.Persistence.Memory/Storage/MemoryStorage.cs,233,Microsoft.Extensions.DependencyInjection.ServiceProviderServiceExtensions,GetRequiredService,System.IServiceProvider,Extension
orleans:0096,orleans,src/Orleans.Reminders/ReminderService/ReminderRegistry.cs,80,Microsoft.Extensions.DependencyInjection.ServiceProviderServiceExtensions,GetService,System.IServiceProvider,Extension
orleans:0097,orleans,src/Orleans.Runtime/Cancellation/GrainCallCancellationManager.cs,87,Microsoft.Extensions.DependencyInjection.ServiceProviderServiceExtensions,GetRequiredService,System.IServiceProvider,Extension
orleans:0098,orleans,src/Orleans.Runtime/Catalog/ActivationData.cs,81,Microsoft.Extensions.DependencyInjection.ServiceProviderServiceExtensions,CreateScope,System.IServiceProvider,Extension
orleans:0100,orleans,src/Orleans.Runtime/Catalog/Catalog.cs,200,Microsoft.Extensions.DependencyInjection.ServiceProviderServiceExtensions,GetRequiredService,System.IServiceProvider,Extension
orleans:0102,orleans,src/Orleans.Runtime/Catalog/Catalog.cs,376,Microsoft.Extensions.DependencyInjection.ServiceProviderServiceExtensions,GetRequiredService,System.IServiceProvider,Extension
orleans:0103,orleans,src/Orleans.Runtime/Catalog/GrainTypeSharedContext.cs,57,Microsoft.Extensions.DependencyInjection.ServiceProviderServiceExtensions,GetRequiredService,System.IServiceProvider,Extension
orleans:0104,orleans,src/Orleans.Runtime/Catalog/GrainTypeSharedContext.cs,62,Microsoft.Extensions.DependencyInjection.ServiceProviderServiceExtensions,GetService,System.IServiceProvider,Extension
orleans:0105,orleans,src/Orleans.Runtime/Catalog/GrainTypeSharedContext.cs,226,Microsoft.Extensions.DependencyInjection.ServiceProviderServiceExtensions,GetRequiredService,System.IServiceProvider,Extension
orleans:0106,orleans,src/Orleans.Runtime/Catalog/IncomingRequestMonitor.cs,94,Microsoft.Extensions.DependencyInjection.ServiceProviderServiceExtensions,GetRequiredService,System.IServiceProvider,Extension
orleans:0107,orleans,src/Orleans.Runtime/Configuration/Validators/SiloClusteringValidator.cs,25,Microsoft.Extensions.DependencyInjection.ServiceProviderServiceExtensions,GetService,System.IServiceProvider,Extension
orleans:0108,orleans,src/Orleans.Runtime/Configuration/Validators/SiloClusteringValidator.cs,31,Microsoft.Extensions.DependencyInjection.ServiceProviderServiceExtensions,GetRequiredService,System.IServiceProvider,Extension
orleans:0109,orleans,src/Orleans.Runtime/Core/HostedClient.cs,66,Microsoft.Extensions.DependencyInjection.ServiceProviderServiceExtensions,GetRequiredService,System.IServiceProvider,Extension
orleans:0110,orleans,src/Orleans.Runtime/Core/HostedClient.cs,76,Microsoft.Extensions.DependencyInjection.ServiceProviderServiceExtensions,CreateScope,System.IServiceProvider,Extension
orleans:0111,orleans,src/Orleans.Runtime/Core/InsideRuntimeClient.cs,46,Microsoft.Extensions.DependencyInjection.ServiceProviderServiceExtensions,GetRequiredService,System.IServiceProvider,Extension
orleans:0112,orleans,src/Orleans.Runtime/Core/InsideRuntimeClient.cs,111,Microsoft.Extensions.DependencyInjection.ServiceProviderServiceExtensions,GetRequiredService,System.IServiceProvider,Extension
orleans:0113,orleans,src/Orleans.Runtime/Core/InsideRuntimeClient.cs,114,Microsoft.Extensions.DependencyInjection.ServiceProviderServiceExtensions,GetServices,System.IServiceProvider,Extension
orleans:0114,orleans,src/Orleans.Runtime/Core/InsideRuntimeClient.cs,116,Microsoft.Extensions.DependencyInjection.ServiceProviderServiceExtensions,GetRequiredService,System.IServiceProvider,Extension
orleans:0115,orleans,src/Orleans.Runtime/Core/InsideRuntimeClient.cs,118,Microsoft.Extensions.DependencyInjection.ServiceProviderServiceExtensions,GetRequiredService,System.IServiceProvider,Extension
orleans:0117,orleans,src/Orleans.Runtime/Core/InsideRuntimeClient.cs,528,Microsoft.Extensions.DependencyInjection.ServiceProviderServiceExtensions,GetRequiredService,System.IServiceProvider,Extension
orleans:0118,orleans,src/Orleans.Runtime/Facet/GrainConstructorArgumentFactory.cs,77,Microsoft.Extensions.DependencyInjection.ServiceProviderServiceExtensions,GetService,System.IServiceProvider,Extension
orleans:0119,orleans,src/Orleans.Runtime/GrainDirectory/DistributedGrainDirectory.cs,306,Microsoft.Extensions.DependencyInjection.ServiceProviderServiceExtensions,GetRequiredService,System.IServiceProvider,Extension
orleans:0120,orleans,src/Orleans.Runtime/GrainDirectory/GenericGrainDirectoryResolver.cs,34,Microsoft.Extensions.DependencyInjection.ServiceProviderServiceExtensions,GetRequiredService,System.IServiceProvider,Extension
orleans:0121,orleans,src/Orleans.Runtime/GrainDirectory/GrainDirectoryCacheFactory.cs,36,Microsoft.Extensions.DependencyInjection.ServiceProviderServiceExtensions,GetRequiredService,System.IServiceProvider,Extension
orleans:0122,orleans,src/Orleans.Runtime/GrainDirectory/GrainDirectoryCacheFactory.cs,42,Microsoft.Extensions.DependencyInjection.ServiceProviderServiceExtensions,GetService,System.IServiceProvider,Extension
orleans:0123,orleans,src/Orleans.Runtime/GrainDirectory/GrainLocatorResolver.cs,38,Microsoft.Extensions.DependencyInjection.ServiceProviderServiceExtensions,GetRequiredService,System.IServiceProvider,Extension
orleans:0124,orleans,src/Orleans.Runtime/GrainDirectory/LocalGrainDirectory.cs,159,Microsoft.Extensions.DependencyInjection.ServiceProviderServiceExtensions,GetRequiredService,System.IServiceProvider,Extension
orleans:0125,orleans,src/Orleans.Runtime/Hosting/DefaultSiloServices.cs,406,Microsoft.Extensions.DependencyInjection.ServiceProviderServiceExtensions,GetRequiredService,System.IServiceProvider,Extension
orleans:0126,orleans,src/Orleans.Runtime/Hosting/DefaultSiloServices.cs,500,Microsoft.Extensions.Configuration.ConfigurationExtensions,Exists,Microsoft.Extensions.Configuration.IConfigurationSection?,Extension
orleans:0127,orleans,src/Orleans.Runtime/Hosting/DefaultSiloServices.cs,508,Microsoft.Extensions.Configuration.ConfigurationExtensions,Exists,Microsoft.Extensions.Configuration.IConfigurationSection?,Extension
orleans:0128,orleans,src/Orleans.Runtime/Hosting/DirectorySiloBuilderExtensions.cs,53,Microsoft.Extensions.DependencyInjection.ServiceProviderServiceExtensions,GetServices,System.IServiceProvider,Extension
orleans:0129,orleans,src/Orleans.Runtime/Manifest/ClusterManifestProvider.cs,208,Microsoft.Extensions.DependencyInjection.ServiceProviderServiceExtensions,GetRequiredService,System.IServiceProvider,Extension
orleans:0130,orleans,src/Orleans.Runtime/MembershipService/DevelopmentClusterMembershipOptionsValidator.cs,17,Microsoft.Extensions.DependencyInjection.ServiceProviderServiceExtensions,GetService,System.IServiceProvider,Extension
orleans:0133,orleans,src/Orleans.Runtime/MembershipService/MembershipGossiper.cs,24,Microsoft.Extensions.DependencyInjection.ServiceProviderServiceExtensions,GetRequiredService,System.IServiceProvider,Extension
orleans:0134,orleans,src/Orleans.Runtime/MembershipService/RemoteSiloProber.cs,15,Microsoft.Extensions.DependencyInjection.ServiceProviderServiceExtensions,GetRequiredService,System.IServiceProvider,Extension
orleans:0137,orleans,src/Orleans.Runtime/MembershipService/SystemTargetBasedMembershipTable.cs,31,Microsoft.Extensions.DependencyInjection.ServiceProviderServiceExtensions,GetRequiredService,System.IServiceProvider,Extension
orleans:0138,orleans,src/Orleans.Runtime/MembershipService/SystemTargetBasedMembershipTable.cs,38,Microsoft.Extensions.DependencyInjection.ServiceProviderServiceExtensions,GetService,System.IServiceProvider,Extension
orleans:0139,orleans,src/Orleans.Runtime/MembershipService/SystemTargetBasedMembershipTable.cs,40,Microsoft.Extensions.DependencyInjection.ServiceProviderServiceExtensions,GetRequiredService,System.IServiceProvider,Extension
orleans:0140,orleans,src/Orleans.Runtime/Networking/SiloConnectionFactory.cs,88,Microsoft.Extensions.DependencyInjection.ServiceProviderServiceExtensions,GetRequiredService,System.IServiceProvider,Extension
orleans:0141,orleans,src/Orleans.Runtime/Networking/SiloConnectionFactory.cs,89,Microsoft.Extensions.DependencyInjection.ServiceProviderServiceExtensions,GetRequiredService,System.IServiceProvider,Extension
orleans:0142,orleans,src/Orleans.Runtime/Networking/SiloConnectionFactory.cs,90,Microsoft.Extensions.DependencyInjection.ServiceProviderServiceExtensions,GetRequiredService,System.IServiceProvider,Extension
orleans:0143,orleans,src/Orleans.Runtime/Placement/PlacementStrategyResolver.cs,38,Microsoft.Extensions.DependencyInjection.ServiceProviderServiceExtensions,GetService,System.IServiceProvider,Extension
orleans:0148,orleans,src/Orleans.Runtime/Services/GrainService.cs,62,Microsoft.Extensions.DependencyInjection.ServiceProviderServiceExtensions,GetRequiredService,System.IServiceProvider,Extension
orleans:0149,orleans,src/Orleans.Runtime/Services/GrainServiceClient.cs,25,Microsoft.Extensions.DependencyInjection.ServiceProviderServiceExtensions,GetRequiredService,System.IServiceProvider,Extension
orleans:0150,orleans,src/Orleans.Runtime/Services/GrainServiceClient.cs,26,Microsoft.Extensions.DependencyInjection.ServiceProviderServiceExtensions,GetRequiredService,System.IServiceProvider,Extension
orleans:0151,orleans,src/Orleans.Runtime/Silo/Silo.cs,68,Microsoft.Extensions.DependencyInjection.ServiceProviderServiceExtensions,GetRequiredService,System.IServiceProvider,Extension
orleans:0152,orleans,src/Orleans.Runtime/Silo/Silo.cs,69,Microsoft.Extensions.DependencyInjection.ServiceProviderServiceExtensions,GetRequiredService,System.IServiceProvider,Extension
orleans:0153,orleans,src/Orleans.Runtime/Silo/Silo.cs,72,Microsoft.Extensions.DependencyInjection.ServiceProviderServiceExtensions,GetRequiredService,System.IServiceProvider,Extension
orleans:0154,orleans,src/Orleans.Runtime/Silo/Silo.cs,82,Microsoft.Extensions.DependencyInjection.ServiceProviderServiceExtensions,GetRequiredService,System.IServiceProvider,Extension
orleans:0155,orleans,src/Orleans.Runtime/Silo/Silo.cs,85,Microsoft.Extensions.DependencyInjection.ServiceProviderServiceExtensions,GetRequiredService,System.IServiceProvider,Extension
orleans:0156,orleans,src/Orleans.Runtime/Silo/Silo.cs,106,Microsoft.Extensions.DependencyInjection.ServiceProviderServiceExtensions,GetRequiredService,System.IServiceProvider,Extension
orleans:0157,orleans,src/Orleans.Runtime/Silo/Silo.cs,114,Microsoft.Extensions.DependencyInjection.ServiceProviderServiceExtensions,GetRequiredService,System.IServiceProvider,Extension
orleans:0158,orleans,src/Orleans.Runtime/Silo/Silo.cs,117,Microsoft.Extensions.DependencyInjection.ServiceProviderServiceExtensions,GetRequiredService,System.IServiceProvider,Extension
orleans:0159,orleans,src/Orleans.Runtime/Silo/Silo.cs,122,Microsoft.Extensions.DependencyInjection.ServiceProviderServiceExtensions,GetRequiredService,System.IServiceProvider,Extension
orleans:0160,orleans,src/Orleans.Runtime/Silo/Silo.cs,124,Microsoft.Extensions.DependencyInjection.ServiceProviderServiceExtensions,GetServices,System.IServiceProvider,Extension
orleans:0161,orleans,src/Orleans.Runtime/Silo/Silo.cs,229,Microsoft.Extensions.DependencyInjection.ServiceProviderServiceExtensions,GetServices,System.IServiceProvider,Extension
orleans:0162,orleans,src/Orleans.Runtime/Silo/Silo.cs,239,Microsoft.Extensions.DependencyInjection.ServiceProviderServiceExtensions,GetRequiredService,System.IServiceProvider,Extension
orleans:0163,orleans,src/Orleans.Runtime/Silo/Silo.cs,389,Microsoft.Extensions.DependencyInjection.ServiceProviderServiceExtensions,GetRequiredService,System.IServiceProvider,Extension
orleans:0164,orleans,src/Orleans.Runtime/Silo/SiloControl.cs,190,Microsoft.Extensions.DependencyInjection.ServiceProviderServiceExtensions,GetRequiredService,System.IServiceProvider,Extension
orleans:0165,orleans,src/Orleans.Runtime/Silo/SiloControl.cs,191,Microsoft.Extensions.DependencyInjection.ServiceProviderServiceExtensions,GetService,System.IServiceProvider,Extension
orleans:0166,orleans,src/Orleans.Runtime/Silo/SiloControl.cs,198,Microsoft.Extensions.DependencyInjection.ServiceProviderServiceExtensions,GetRequiredService,System.IServiceProvider,Extension
orleans:0168,orleans,src/Orleans.Runtime/Silo/TestHooks/TestHooksSystemTarget.cs,57,Microsoft.Extensions.DependencyInjection.ServiceProviderServiceExtensions,GetRequiredService,System.IServiceProvider,Extension
orleans:0171,orleans,src/Orleans.Runtime/Utilities/OrleansDebuggerHelper.cs,28,Microsoft.Extensions.DependencyInjection.ServiceProviderServiceExtensions,GetService,System.IServiceProvider,Extension
orleans:0172,orleans,src/Orleans.Runtime/Versions/GrainVersionStore.cs,92,Microsoft.Extensions.DependencyInjection.ServiceProviderServiceExtensions,GetService,System.IServiceProvider,Extension
orleans:0173,orleans,src/Orleans.Serialization/Hosting/ServiceCollectionExtensions.cs,52,Microsoft.Extensions.DependencyInjection.ServiceProviderServiceExtensions,GetRequiredService,System.IServiceProvider,Extension
orleans:0174,orleans,src/Orleans.Serialization/Hosting/ServiceCollectionExtensions.cs,53,Microsoft.Extensions.DependencyInjection.ServiceProviderServiceExtensions,GetRequiredService,System.IServiceProvider,Extension
orleans:0175,orleans,src/Orleans.Serialization/Hosting/ServiceCollectionExtensions.cs,54,Microsoft.Extensions.DependencyInjection.ServiceProviderServiceExtensions,GetRequiredService,System.IServiceProvider,Extension
orleans:0176,orleans,src/Orleans.Serialization/Hosting/ServiceCollectionExtensions.cs,55,Microsoft.Extensions.DependencyInjection.ServiceProviderServiceExtensions,GetRequiredService,System.IServiceProvider,Extension
orleans:0177,orleans,src/Orleans.Serialization/Hosting/ServiceCollectionExtensions.cs,56,Microsoft.Extensions.DependencyInjection.ServiceProviderServiceExtensions,GetRequiredService,System.IServiceProvider,Extension
orleans:0178,orleans,src/Orleans.Serialization/Hosting/ServiceCollectionExtensions.cs,57,Microsoft.Extensions.DependencyInjection.ServiceProviderServiceExtensions,GetRequiredService,System.IServiceProvider,Extension
orleans:0179,orleans,src/Orleans.Serialization/Hosting/ServiceCollectionExtensions.cs,77,Microsoft.Extensions.DependencyInjection.ServiceProviderServiceExtensions,GetRequiredService,System.IServiceProvider,Extension
orleans:0180,orleans,src/Orleans.Serialization/Hosting/ServiceCollectionExtensions.cs,78,Microsoft.Extensions.DependencyInjection.ServiceProviderServiceExtensions,GetRequiredService,System.IServiceProvider,Extension
orleans:0181,orleans,src/Orleans.Serialization/Serializers/CodecProvider.cs,77,Microsoft.Extensions.DependencyInjection.ServiceProviderServiceExtensions,GetServices,System.IServiceProvider,Extension
orleans:0182,orleans,src/Orleans.Serialization/Serializers/CodecProvider.cs,78,Microsoft.Extensions.DependencyInjection.ServiceProviderServiceExtensions,GetServices,System.IServiceProvider,Extension
orleans:0183,orleans,src/Orleans.Serialization/Serializers/CodecProvider.cs,79,Microsoft.Extensions.DependencyInjection.ServiceProviderServiceExtensions,GetServices,System.IServiceProvider,Extension
orleans:0184,orleans,src/Orleans.Serialization/Serializers/CodecProvider.cs,81,Microsoft.Extensions.DependencyInjection.ServiceProviderServiceExtensions,GetServices,System.IServiceProvider,Extension
orleans:0185,orleans,src/Orleans.Serialization/Serializers/CodecProvider.cs,82,Microsoft.Extensions.DependencyInjection.ServiceProviderServiceExtensions,GetServices,System.IServiceProvider,Extension
orleans:0186,orleans,src/Orleans.Serialization/Serializers/CodecProvider.cs,83,Microsoft.Extensions.DependencyInjection.ServiceProviderServiceExtensions,GetServices,System.IServiceProvider,Extension
orleans:0187,orleans,src/Orleans.Serialization/Utilities/ServiceCollectionExtensions.cs,47,Microsoft.Extensions.DependencyInjection.ServiceProviderServiceExtensions,GetRequiredService,System.IServiceProvider,Extension
orleans:0197,orleans,src/Orleans.Streaming/Hosting/StreamingServiceCollectionExtensions.cs,43,Microsoft.Extensions.DependencyInjection.ServiceProviderServiceExtensions,GetRequiredService,System.IServiceProvider,Extension
orleans:0198,orleans,src/Orleans.Streaming/Hosting/StreamingServiceCollectionExtensions.cs,44,Microsoft.Extensions.DependencyInjection.ServiceProviderServiceExtensions,GetRequiredService,System.IServiceProvider,Extension
orleans:0199,orleans,src/Orleans.Streaming/Hosting/StreamingServiceCollectionExtensions.cs,48,Microsoft.Extensions.DependencyInjection.ServiceProviderServiceExtensions,GetRequiredService,System.IServiceProvider,Extension
orleans:0200,orleans,src/Orleans.Streaming/MemoryStreams/MemoryMessageBodySerializerFactory.cs,16,Microsoft.Extensions.DependencyInjection.ServiceProviderServiceExtensions,GetService,System.IServiceProvider,Extension
orleans:0201,orleans,src/Orleans.Streaming/PersistentStreams/PersistentStreamProvider.cs,216,Microsoft.Extensions.DependencyInjection.ServiceProviderServiceExtensions,GetRequiredService,System.IServiceProvider,Extension
orleans:0202,orleans,src/Orleans.Streaming/PersistentStreams/PersistentStreamProvider.cs,217,Microsoft.Extensions.DependencyInjection.ServiceProviderServiceExtensions,GetRequiredService,System.IServiceProvider,Extension
orleans:0203,orleans,src/Orleans.Streaming/Providers/ClientStreamingProviderRuntime.cs,32,Microsoft.Extensions.DependencyInjection.ServiceProviderServiceExtensions,GetService,System.IServiceProvider,Extension
orleans:0204,orleans,src/Orleans.Streaming/Providers/SiloStreamProviderRuntime.cs,86,Microsoft.Extensions.DependencyInjection.ServiceProviderServiceExtensions,GetRequiredService,System.IServiceProvider,Extension
orleans:0205,orleans,src/Orleans.Streaming/Providers/SiloStreamProviderRuntime.cs,111,Microsoft.Extensions.DependencyInjection.ServiceProviderServiceExtensions,GetService,System.IServiceProvider,Extension
orleans:0207,orleans,src/Orleans.Streaming/QueueBalancer/DeploymentBasedQueueBalancer.cs,54,Microsoft.Extensions.DependencyInjection.ServiceProviderServiceExtensions,GetRequiredService,System.IServiceProvider,Extension
orleans:0210,orleans,src/Orleans.Streaming/QueueBalancer/PersistentStreamConfiguratorExtension.cs,52,Microsoft.Extensions.DependencyInjection.ServiceProviderServiceExtensions,GetRequiredService,System.IServiceProvider,Extension
orleans:0211,orleans,src/Orleans.Streaming/QueueBalancer/QueueBalancerBase.cs,31,Microsoft.Extensions.DependencyInjection.ServiceProviderServiceExtensions,GetRequiredService,System.IServiceProvider,Extension
orleans:0212,orleans,src/Orleans.Streaming/QueueBalancer/QueueBalancerBase.cs,31,Microsoft.Extensions.DependencyInjection.ServiceProviderServiceExtensions,GetRequiredService,System.IServiceProvider,Extension
orleans:0213,orleans,src/Orleans.TestingHost/InMemoryTransport/InMemoryTransportListenerFactory.cs,45,Microsoft.Extensions.DependencyInjection.ServiceProviderServiceExtensions,GetRequiredService,System.IServiceProvider,Extension
orleans:0214,orleans,src/Orleans.TestingHost/InMemoryTransport/InMemoryTransportListenerFactory.cs,46,Microsoft.Extensions.DependencyInjection.ServiceProviderServiceExtensions,GetRequiredService,System.IServiceProvider,Extension
orleans:0215,orleans,src/Orleans.TestingHost/InMemoryTransport/InMemoryTransportListenerFactory.cs,55,Microsoft.Extensions.DependencyInjection.ServiceProviderServiceExtensions,GetRequiredService,System.IServiceProvider,Extension
orleans:0216,orleans,src/Orleans.TestingHost/InMemoryTransport/InMemoryTransportListenerFactory.cs,56,Microsoft.Extensions.DependencyInjection.ServiceProviderServiceExtensions,GetRequiredService,System.IServiceProvider,Extension
orleans:0218,orleans,src/Orleans.TestingHost/TestClusterHostFactory.cs,113,Microsoft.Extensions.Configuration.ConfigurationExtensions,AsEnumerable,Microsoft.Extensions.Configuration.IConfiguration,Extension
orleans:0219,orleans,src/Orleans.TestingHost/TestClusterHostFactory.cs,134,Microsoft.Extensions.Configuration.ConfigurationBinder,Get,Microsoft.Extensions.Configuration.IConfiguration,Extension
orleans:0220,orleans,src/Orleans.TestingHost/TestClusterHostFactory.cs,151,Microsoft.Extensions.Configuration.ConfigurationBinder,Get,Microsoft.Extensions.Configuration.IConfiguration,Extension
orleans:0222,orleans,src/Orleans.TestingHost/TestStorageProviders/FaultInjectionStorageProvider.cs,78,Microsoft.Extensions.Logging.LoggerExtensions,LogInformation,Microsoft.Extensions.Logging.ILogger,Extension
orleans:0223,orleans,src/Orleans.TestingHost/TestStorageProviders/FaultInjectionStorageProvider.cs,97,Microsoft.Extensions.Logging.LoggerExtensions,LogInformation,Microsoft.Extensions.Logging.ILogger,Extension
orleans:0224,orleans,src/Orleans.TestingHost/TestStorageProviders/FaultInjectionStorageProvider.cs,103,Microsoft.Extensions.Logging.LoggerExtensions,LogInformation,Microsoft.Extensions.Logging.ILogger,Extension
orleans:0225,orleans,src/Orleans.TestingHost/TestStorageProviders/FaultInjectionStorageProvider.cs,122,Microsoft.Extensions.Logging.LoggerExtensions,LogInformation,Microsoft.Extensions.Logging.ILogger,Extension
orleans:0226,orleans,src/Orleans.TestingHost/TestStorageProviders/FaultInjectionStorageProvider.cs,129,Microsoft.Extensions.Logging.LoggerExtensions,LogInformation,Microsoft.Extensions.Logging.ILogger,Extension
orleans:0227,orleans,src/Orleans.TestingHost/TestStorageProviders/FaultInjectionStorageProvider.cs,157,Microsoft.Extensions.DependencyInjection.ServiceProviderServiceExtensions,GetRequiredService,System.IServiceProvider,Extension
orleans:0228,orleans,src/Orleans.TestingHost/TestStorageProviders/FaultInjectionStorageProvider.cs,157,Microsoft.Extensions.DependencyInjection.ServiceProviderServiceExtensions,GetRequiredService,System.IServiceProvider,Extension
orleans:0229,orleans,src/Orleans.TestingHost/TestStorageProviders/FaultInjectionStorageProvider.cs,158,Microsoft.Extensions.DependencyInjection.ServiceProviderServiceExtensions,GetRequiredService,System.IServiceProvider,Extension
orleans:0230,orleans,src/Orleans.TestingHost/TestStorageProviders/StorageFaultGrain.cs,30,Microsoft.Extensions.Logging.LoggerExtensions,LogInformation,Microsoft.Extensions.Logging.ILogger,Extension
orleans:0232,orleans,src/Orleans.TestingHost/TestStorageProviders/StorageFaultGrain.cs,45,Microsoft.Extensions.Logging.LoggerExtensions,LogInformation,Microsoft.Extensions.Logging.ILogger,Extension
orleans:0233,orleans,src/Orleans.TestingHost/TestStorageProviders/StorageFaultGrain.cs,53,Microsoft.Extensions.Logging.LoggerExtensions,LogInformation,Microsoft.Extensions.Logging.ILogger,Extension
orleans:0239,orleans,src/Orleans.Transactions.TestKit.Base/Grains/RemoteCommitService.cs,29,Microsoft.Extensions.Logging.LoggerExtensions,LogInformation,Microsoft.Extensions.Logging.ILogger,Extension
orleans:0241,orleans,src/Orleans.Transactions.TestKit.Base/Grains/RemoteCommitService.cs,43,Microsoft.Extensions.Logging.LoggerExtensions,LogInformation,Microsoft.Extensions.Logging.ILogger,Extension
orleans:0243,orleans,src/Orleans.Transactions/TransactionAttribute.cs,83,Microsoft.Extensions.DependencyInjection.ServiceProviderServiceExtensions,GetService,System.IServiceProvider,Extension
efcore:0001,efcore,src/EFCore.Design/Scaffolding/Internal/CSharpDbContextGenerator.cs,34,Microsoft.Extensions.DependencyInjection.ServiceProviderServiceExtensions,GetRequiredService,System.IServiceProvider,Extension
efcore:0002,efcore,src/EFCore.Design/Scaffolding/Internal/CSharpDbContextGenerator.cs,35,Microsoft.Extensions.DependencyInjection.ServiceProviderServiceExtensions,GetRequiredService,System.IServiceProvider,Extension
efcore:0003,efcore,src/EFCore.Design/Scaffolding/Internal/CSharpDbContextGenerator.cs,36,Microsoft.Extensions.DependencyInjection.ServiceProviderServiceExtensions,GetRequiredService,System.IServiceProvider,Extension
efcore:0004,efcore,src/EFCore.Design/Scaffolding/Internal/CSharpEntityTypeGenerator.cs,40,Microsoft.Extensions.DependencyInjection.ServiceProviderServiceExtensions,GetRequiredService,System.IServiceProvider,Extension
efcore:0005,efcore,src/EFCore.Design/Scaffolding/Internal/CSharpEntityTypeGenerator.cs,41,Microsoft.Extensions.DependencyInjection.ServiceProviderServiceExtensions,GetRequiredService,System.IServiceProvider,Extension
efcore:0006,efcore,src/EFCore/Extensions/EntityFrameworkServiceCollectionExtensions.cs,343,Microsoft.Extensions.DependencyInjection.ServiceProviderServiceExtensions,GetRequiredService,System.IServiceProvider,Extension
efcore:0008,efcore,src/EFCore/Extensions/EntityFrameworkServiceCollectionExtensions.cs,604,Microsoft.Extensions.DependencyInjection.ServiceProviderServiceExtensions,GetService,System.IServiceProvider,Extension
efcore:0009,efcore,src/EFCore/Extensions/EntityFrameworkServiceCollectionExtensions.cs,914,Microsoft.Extensions.DependencyInjection.ServiceProviderServiceExtensions,GetRequiredService,System.IServiceProvider,Extension
efcore:0010,efcore,src/EFCore/Extensions/EntityFrameworkServiceCollectionExtensions.cs,1025,Microsoft.Extensions.DependencyInjection.ServiceProviderServiceExtensions,GetRequiredService,System.IServiceProvider,Extension
efcore:0011,efcore,src/EFCore/Extensions/EntityFrameworkServiceCollectionExtensions.cs,1026,Microsoft.Extensions.DependencyInjection.ServiceProviderServiceExtensions,GetRequiredService,System.IServiceProvider,Extension
efcore:0012,efcore,src/EFCore/Extensions/EntityFrameworkServiceCollectionExtensions.cs,1133,Microsoft.Extensions.DependencyInjection.ServiceProviderServiceExtensions,GetRequiredService,System.IServiceProvider,Extension
semantic-kernel:0008,semantic-kernel,dotnet/src/Agents/Copilot/Internal/ContentProcessor.cs,34,Microsoft.Extensions.Logging.LoggerExtensions,LogWarning,Microsoft.Extensions.Logging.ILogger,Extension
semantic-kernel:0009,semantic-kernel,dotnet/src/Agents/Orchestration/Sequential/SequentialActor.cs,33,Microsoft.Extensions.Logging.LoggerExtensions,LogInformation,Microsoft.Extensions.Logging.ILogger,Extension
semantic-kernel:0010,semantic-kernel,dotnet/src/Agents/Orchestration/Sequential/SequentialActor.cs,51,Microsoft.Extensions.Logging.LoggerExtensions,LogInformation,Microsoft.Extensions.Logging.ILogger,Extension
semantic-kernel:0011,semantic-kernel,dotnet/src/Agents/Runtime/Core/AgentsApp.cs,41,Microsoft.Extensions.DependencyInjection.ServiceProviderServiceExtensions,GetRequiredService,System.IServiceProvider,Extension
semantic-kernel:0012,semantic-kernel,dotnet/src/Agents/Runtime/Core/AgentsApp.cs,46,Microsoft.Extensions.DependencyInjection.ServiceProviderServiceExtensions,GetRequiredService,System.IServiceProvider,Extension
semantic-kernel:0020,semantic-kernel,dotnet/src/Connectors/Connectors.Amazon/Bedrock/Extensions/BedrockServiceCollectionExtensions.cs,47,Microsoft.Extensions.DependencyInjection.ServiceProviderServiceExtensions,GetRequiredService,System.IServiceProvider,Extension
semantic-kernel:0021,semantic-kernel,dotnet/src/Connectors/Connectors.Amazon/Bedrock/Extensions/BedrockServiceCollectionExtensions.cs,48,Microsoft.Extensions.DependencyInjection.ServiceProviderServiceExtensions,GetService,System.IServiceProvider,Extension
semantic-kernel:0022,semantic-kernel,dotnet/src/Connectors/Connectors.Amazon/Bedrock/Extensions/BedrockServiceCollectionExtensions.cs,89,Microsoft.Extensions.DependencyInjection.ServiceProviderServiceExtensions,GetRequiredService,System.IServiceProvider,Extension
semantic-kernel:0023,semantic-kernel,dotnet/src/Connectors/Connectors.Amazon/Bedrock/Extensions/BedrockServiceCollectionExtensions.cs,90,Microsoft.Extensions.DependencyInjection.ServiceProviderServiceExtensions,GetService,System.IServiceProvider,Extension
semantic-kernel:0024,semantic-kernel,dotnet/src/Connectors/Connectors.Amazon/Bedrock/Extensions/BedrockServiceCollectionExtensions.cs,132,Microsoft.Extensions.DependencyInjection.ServiceProviderServiceExtensions,GetRequiredService,System.IServiceProvider,Extension
semantic-kernel:0025,semantic-kernel,dotnet/src/Connectors/Connectors.Amazon/Bedrock/Extensions/BedrockServiceCollectionExtensions.cs,133,Microsoft.Extensions.DependencyInjection.ServiceProviderServiceExtensions,GetService,System.IServiceProvider,Extension
semantic-kernel:0026,semantic-kernel,dotnet/src/Connectors/Connectors.Amazon/Bedrock/Extensions/BedrockServiceCollectionExtensions.DependencyInjection.cs,47,Microsoft.Extensions.DependencyInjection.ServiceProviderServiceExtensions,GetRequiredService,System.IServiceProvider,Extension
semantic-kernel:0027,semantic-kernel,dotnet/src/Connectors/Connectors.Amazon/Bedrock/Extensions/BedrockServiceCollectionExtensions.DependencyInjection.cs,48,Microsoft.Extensions.DependencyInjection.ServiceProviderServiceExtensions,GetService,System.IServiceProvider,Extension
semantic-kernel:0028,semantic-kernel,dotnet/src/Connectors/Connectors.Amazon/Bedrock/Extensions/BedrockServiceCollectionExtensions.DependencyInjection.cs,109,Microsoft.Extensions.DependencyInjection.ServiceProviderServiceExtensions,GetRequiredService,System.IServiceProvider,Extension
semantic-kernel:0029,semantic-kernel,dotnet/src/Connectors/Connectors.Amazon/Bedrock/Extensions/BedrockServiceCollectionExtensions.DependencyInjection.cs,110,Microsoft.Extensions.DependencyInjection.ServiceProviderServiceExtensions,GetService,System.IServiceProvider,Extension
semantic-kernel:0087,semantic-kernel,dotnet/src/Connectors/Connectors.Google/Core/Gemini/Clients/GeminiChatCompletionClient.cs,336,Microsoft.Extensions.Logging.LoggerExtensions,LogTrace,Microsoft.Extensions.Logging.ILogger,Extension
semantic-kernel:0094,semantic-kernel,dotnet/src/Connectors/Connectors.Google/Core/Gemini/Clients/GeminiChatCompletionClient.cs,818,Microsoft.Extensions.Logging.LoggerExtensions,LogDebug,Microsoft.Extensions.Logging.ILogger,Extension
semantic-kernel:0301,semantic-kernel,dotnet/src/Plugins/Plugins.AI/CrewAI/CrewAIEnterprise.cs,86,Microsoft.Extensions.Logging.LoggerExtensions,LogInformation,Microsoft.Extensions.Logging.ILogger,Extension
semantic-kernel:0302,semantic-kernel,dotnet/src/Plugins/Plugins.AI/CrewAI/CrewAIEnterprise.cs,111,Microsoft.Extensions.Logging.LoggerExtensions,LogInformation,Microsoft.Extensions.Logging.ILogger,Extension
semantic-kernel:0303,semantic-kernel,dotnet/src/Plugins/Plugins.AI/CrewAI/CrewAIEnterprise.cs,138,Microsoft.Extensions.Logging.LoggerExtensions,LogInformation,Microsoft.Extensions.Logging.ILogger,Extension
semantic-kernel:0304,semantic-kernel,dotnet/src/Plugins/Plugins.AI/CrewAI/CrewAIEnterprise.cs,145,Microsoft.Extensions.Logging.LoggerExtensions,LogInformation,Microsoft.Extensions.Logging.ILogger,Extension
semantic-kernel:0309,semantic-kernel,dotnet/src/Plugins/Plugins.Document/DocumentPlugin.cs,65,Microsoft.Extensions.Logging.LoggerExtensions,LogDebug,Microsoft.Extensions.Logging.ILogger,Extension
semantic-kernel:0310,semantic-kernel,dotnet/src/Plugins/Plugins.Document/DocumentPlugin.cs,87,Microsoft.Extensions.Logging.LoggerExtensions,LogDebug,Microsoft.Extensions.Logging.ILogger,Extension
semantic-kernel:0311,semantic-kernel,dotnet/src/Plugins/Plugins.Document/DocumentPlugin.cs,93,Microsoft.Extensions.Logging.LoggerExtensions,LogDebug,Microsoft.Extensions.Logging.ILogger,Extension
semantic-kernel:0312,semantic-kernel,dotnet/src/Plugins/Plugins.Document/DocumentPlugin.cs,97,Microsoft.Extensions.Logging.LoggerExtensions,LogDebug,Microsoft.Extensions.Logging.ILogger,Extension
semantic-kernel:0318,semantic-kernel,dotnet/src/Plugins/Plugins.MsGraph/CalendarPlugin.cs,77,Microsoft.Extensions.Logging.LoggerExtensions,LogTrace,Microsoft.Extensions.Logging.ILogger,Extension
semantic-kernel:0320,semantic-kernel,dotnet/src/Plugins/Plugins.MsGraph/CloudDrivePlugin.cs,46,Microsoft.Extensions.Logging.LoggerExtensions,LogDebug,Microsoft.Extensions.Logging.ILogger,Extension
semantic-kernel:0322,semantic-kernel,dotnet/src/Plugins/Plugins.MsGraph/CloudDrivePlugin.cs,80,Microsoft.Extensions.Logging.LoggerExtensions,LogDebug,Microsoft.Extensions.Logging.ILogger,Extension
semantic-kernel:0323,semantic-kernel,dotnet/src/Plugins/Plugins.MsGraph/CloudDrivePlugin.cs,97,Microsoft.Extensions.Logging.LoggerExtensions,LogDebug,Microsoft.Extensions.Logging.ILogger,Extension
semantic-kernel:0325,semantic-kernel,dotnet/src/Plugins/Plugins.MsGraph/EmailPlugin.cs,75,Microsoft.Extensions.Logging.LoggerExtensions,LogTrace,Microsoft.Extensions.Logging.ILogger,Extension
semantic-kernel:0327,semantic-kernel,dotnet/src/Plugins/Plugins.MsGraph/TaskListPlugin.cs,82,Microsoft.Extensions.Logging.LoggerExtensions,LogTrace,Microsoft.Extensions.Logging.ILogger,Extension
abp:0008,abp,framework/src/Volo.Abp.AspNetCore.MultiTenancy/Microsoft/AspNetCore/Builder/AbpAspNetCoreMultiTenancyApplicationBuilderExtensions.cs,24,Microsoft.Extensions.Logging.LoggerExtensions,LogWarning,Microsoft.Extensions.Logging.ILogger,Extension
abp:0013,abp,framework/src/Volo.Abp.AspNetCore.MultiTenancy/Volo/Abp/AspNetCore/MultiTenancy/TenantResolveContextExtensions.cs,11,Microsoft.Extensions.DependencyInjection.ServiceProviderServiceExtensions,GetRequiredService,System.IServiceProvider,Extension
abp:0017,abp,framework/src/Volo.Abp.AspNetCore.Mvc/Volo/Abp/AspNetCore/Mvc/AbpAspNetCoreMvcModule.cs,225,Microsoft.Extensions.DependencyInjection.ServiceProviderServiceExtensions,GetService,System.IServiceProvider,Extension
abp:0018,abp,framework/src/Volo.Abp.AspNetCore.Mvc/Volo/Abp/AspNetCore/Mvc/AbpAspNetCoreMvcModule.cs,231,Microsoft.Extensions.DependencyInjection.ServiceProviderServiceExtensions,GetRequiredService,System.IServiceProvider,Extension
abp:0019,abp,framework/src/Volo.Abp.AspNetCore.Mvc/Volo/Abp/AspNetCore/Mvc/AbpAspNetCoreMvcModule.cs,241,Microsoft.Extensions.DependencyInjection.ServiceProviderServiceExtensions,GetRequiredService,System.IServiceProvider,Extension
abp:0020,abp,framework/src/Volo.Abp.AspNetCore.Mvc/Volo/Abp/AspNetCore/Mvc/AbpAspNetCoreMvcModule.cs,270,Microsoft.Extensions.DependencyInjection.ServiceProviderServiceExtensions,GetRequiredService,System.IServiceProvider,Extension
abp:0027,abp,framework/src/Volo.Abp.AspNetCore.Mvc/Volo/Abp/AspNetCore/Mvc/AntiForgery/AbpAutoValidateAntiforgeryTokenAttribute.cs,34,Microsoft.Extensions.DependencyInjection.ServiceProviderServiceExtensions,GetRequiredService,System.IServiceProvider,Extension
abp:0029,abp,framework/src/Volo.Abp.AspNetCore.Mvc/Volo/Abp/AspNetCore/Mvc/ApplicationConfigurations/AbpApplicationConfigurationAppService.cs,89,Microsoft.Extensions.Logging.LoggerExtensions,LogDebug,Microsoft.Extensions.Logging.ILogger,Extension
abp:0030,abp,framework/src/Volo.Abp.AspNetCore.Mvc/Volo/Abp/AspNetCore/Mvc/ApplicationConfigurations/AbpApplicationConfigurationAppService.cs,109,Microsoft.Extensions.DependencyInjection.ServiceProviderServiceExtensions,CreateScope,System.IServiceProvider,Extension
abp:0031,abp,framework/src/Volo.Abp.AspNetCore.Mvc/Volo/Abp/AspNetCore/Mvc/ApplicationConfigurations/AbpApplicationConfigurationAppService.cs,119,Microsoft.Extensions.Logging.LoggerExtensions,LogDebug,Microsoft.Extensions.Logging.ILogger,Extension
abp:0035,abp,framework/src/Volo.Abp.AspNetCore.Mvc/Volo/Abp/AspNetCore/Mvc/AspNetCoreApiDescriptionModelProvider.cs,121,Microsoft.Extensions.Logging.LoggerExtensions,LogDebug,Microsoft.Extensions.Logging.ILogger,Extension
abp:0036,abp,framework/src/Volo.Abp.AspNetCore.Mvc/Volo/Abp/AspNetCore/Mvc/Conventions/AbpConventionalControllerFeatureProvider.cs,25,Microsoft.Extensions.DependencyInjection.ServiceProviderServiceExtensions,GetRequiredService,System.IServiceProvider,Extension
abp:0037,abp,framework/src/Volo.Abp.AspNetCore.Mvc/Volo/Abp/AspNetCore/Mvc/Conventions/AbpServiceConvention.cs,120,Microsoft.Extensions.Logging.LoggerExtensions,LogInformation,Microsoft.Extensions.Logging.ILogger,Extension
abp:0038,abp,framework/src/Volo.Abp.AspNetCore.Mvc/Volo/Abp/AspNetCore/Mvc/Conventions/AbpServiceConvention.cs,136,Microsoft.Extensions.Logging.LoggerExtensions,LogInformation,Microsoft.Extensions.Logging.ILogger,Extension
abp:0039,abp,framework/src/Volo.Abp.AspNetCore.Mvc/Volo/Abp/AspNetCore/Mvc/Conventions/AbpServiceConvention.cs,163,Microsoft.Extensions.Logging.LoggerExtensions,LogInformation,Microsoft.Extensions.Logging.ILogger,Extension
abp:0040,abp,framework/src/Volo.Abp.AspNetCore.Mvc/Volo/Abp/AspNetCore/Mvc/Conventions/AbpServiceConvention.cs,188,Microsoft.Extensions.Logging.LoggerExtensions,LogInformation,Microsoft.Extensions.Logging.ILogger,Extension
abp:0043,abp,framework/src/Volo.Abp.AspNetCore.Mvc/Volo/Abp/AspNetCore/Mvc/GlobalFeatures/GlobalFeatureActionFilter.cs,27,Microsoft.Extensions.Logging.LoggerExtensions,LogWarning,Microsoft.Extensions.Logging.ILogger,Extension
abp:0044,abp,framework/src/Volo.Abp.AspNetCore.Mvc/Volo/Abp/AspNetCore/Mvc/GlobalFeatures/GlobalFeaturePageFilter.cs,32,Microsoft.Extensions.Logging.LoggerExtensions,LogWarning,Microsoft.Extensions.Logging.ILogger,Extension
abp:0045,abp,framework/src/Volo.Abp.AspNetCore.Mvc/Volo/Abp/AspNetCore/Mvc/Libs/AbpMvcLibsService.cs,24,Microsoft.Extensions.DependencyInjection.ServiceProviderServiceExtensions,GetRequiredService,System.IServiceProvider,Extension
abp:0051,abp,framework/src/Volo.Abp.AspNetCore.SignalR/Volo/Abp/AspNetCore/SignalR/AbpAspNetCoreSignalRModule.cs,53,Microsoft.Extensions.DependencyInjection.ServiceProviderServiceExtensions,GetRequiredService,System.IServiceProvider,Extension
abp:0062,abp,framework/src/Volo.Abp.AspNetCore.TestBase/Volo/Abp/AspNetCore/TestBase/AbpAspNetCoreAsyncIntegratedTestBase.cs,35,Microsoft.Extensions.DependencyInjection.ServiceProviderServiceExtensions,GetRequiredService,System.IServiceProvider,Extension
abp:0063,abp,framework/src/Volo.Abp.AspNetCore.TestBase/Volo/Abp/AspNetCore/TestBase/AbpAspNetCoreAsyncIntegratedTestBase.cs,72,Microsoft.Extensions.DependencyInjection.ServiceProviderServiceExtensions,GetRequiredService,System.IServiceProvider,Extension
abp:0065,abp,framework/src/Volo.Abp.AspNetCore.TestBase/Volo/Abp/AspNetCore/TestBase/AbpWebApplicationFactoryIntegratedTest.cs,25,Microsoft.Extensions.DependencyInjection.ServiceProviderServiceExtensions,GetRequiredService,System.IServiceProvider,Extension
abp:0066,abp,framework/src/Volo.Abp.AspNetCore/Microsoft/AspNetCore/RequestLocalization/DefaultAbpRequestLocalizationOptionsProvider.cs,50,Microsoft.Extensions.DependencyInjection.ServiceProviderServiceExtensions,GetRequiredService,System.IServiceProvider,Extension
abp:0067,abp,framework/src/Volo.Abp.AspNetCore/Microsoft/AspNetCore/RequestLocalization/DefaultAbpRequestLocalizationOptionsProvider.cs,51,Microsoft.Extensions.DependencyInjection.ServiceProviderServiceExtensions,GetRequiredService,System.IServiceProvider,Extension
abp:0068,abp,framework/src/Volo.Abp.AspNetCore/Microsoft/AspNetCore/RequestLocalization/DefaultAbpRequestLocalizationOptionsProvider.cs,73,Microsoft.Extensions.DependencyInjection.ServiceProviderServiceExtensions,GetRequiredService,System.IServiceProvider,Extension
abp:0074,abp,framework/src/Volo.Abp.AspNetCore/Volo/Abp/ApplicationInitializationContextExtensions.cs,14,Microsoft.Extensions.DependencyInjection.ServiceProviderServiceExtensions,GetRequiredService,System.IServiceProvider,Extension
abp:0076,abp,framework/src/Volo.Abp.AspNetCore/Volo/Abp/ApplicationInitializationContextExtensions.cs,26,Microsoft.Extensions.DependencyInjection.ServiceProviderServiceExtensions,GetRequiredService,System.IServiceProvider,Extension
abp:0077,abp,framework/src/Volo.Abp.AspNetCore/Volo/Abp/ApplicationInitializationContextExtensions.cs,31,Microsoft.Extensions.DependencyInjection.ServiceProviderServiceExtensions,GetService,System.IServiceProvider,Extension
abp:0080,abp,framework/src/Volo.Abp.AspNetCore/Volo/Abp/AspNetCore/AbpAspNetCoreModule.cs,80,Microsoft.Extensions.DependencyInjection.ServiceProviderServiceExtensions,GetRequiredService,System.IServiceProvider,Extension
abp:0081,abp,framework/src/Volo.Abp.AspNetCore/Volo/Abp/AspNetCore/Auditing/AspNetCoreAuditLogContributor.cs,27,Microsoft.Extensions.DependencyInjection.ServiceProviderServiceExtensions,GetRequiredService,System.IServiceProvider,Extension
abp:0082,abp,framework/src/Volo.Abp.AspNetCore/Volo/Abp/AspNetCore/Auditing/AspNetCoreAuditLogContributor.cs,48,Microsoft.Extensions.DependencyInjection.ServiceProviderServiceExtensions,GetRequiredService,System.IServiceProvider,Extension
abp:0083,abp,framework/src/Volo.Abp.AspNetCore/Volo/Abp/AspNetCore/Auditing/AspNetCoreAuditLogContributor.cs,69,Microsoft.Extensions.DependencyInjection.ServiceProviderServiceExtensions,GetRequiredService,System.IServiceProvider,Extension
abp:0084,abp,framework/src/Volo.Abp.AspNetCore/Volo/Abp/AspNetCore/Auditing/AspNetCoreAuditLogContributor.cs,77,Microsoft.Extensions.DependencyInjection.ServiceProviderServiceExtensions,GetRequiredService,System.IServiceProvider,Extension
abp:0085,abp,framework/src/Volo.Abp.AspNetCore/Volo/Abp/AspNetCore/Auditing/AspNetCoreAuditLogContributor.cs,95,Microsoft.Extensions.DependencyInjection.ServiceProviderServiceExtensions,GetRequiredService,System.IServiceProvider,Extension
abp:0088,abp,framework/src/Volo.Abp.AspNetCore/Volo/Abp/ServiceProviderAccessorExtensions.cs,11,Microsoft.Extensions.DependencyInjection.ServiceProviderServiceExtensions,GetRequiredService,System.IServiceProvider,Extension
abp:0089,abp,framework/src/Volo.Abp.Auditing/Volo/Abp/Auditing/AuditingHelper.cs,183,Microsoft.Extensions.DependencyInjection.ServiceProviderServiceExtensions,CreateScope,System.IServiceProvider,Extension
abp:0090,abp,framework/src/Volo.Abp.Auditing/Volo/Abp/Auditing/AuditingInterceptor.cs,28,Microsoft.Extensions.DependencyInjection.ServiceProviderServiceExtensions,GetRequiredService,System.IServiceProvider,Extension
abp:0091,abp,framework/src/Volo.Abp.Auditing/Volo/Abp/Auditing/AuditingInterceptor.cs,29,Microsoft.Extensions.DependencyInjection.ServiceProviderServiceExtensions,GetRequiredService,System.IServiceProvider,Extension
abp:0092,abp,framework/src/Volo.Abp.Auditing/Volo/Abp/Auditing/AuditingInterceptor.cs,37,Microsoft.Extensions.DependencyInjection.ServiceProviderServiceExtensions,GetRequiredService,System.IServiceProvider,Extension
abp:0093,abp,framework/src/Volo.Abp.Auditing/Volo/Abp/Auditing/AuditingInterceptor.cs,44,Microsoft.Extensions.DependencyInjection.ServiceProviderServiceExtensions,GetRequiredService,System.IServiceProvider,Extension
abp:0094,abp,framework/src/Volo.Abp.Auditing/Volo/Abp/Auditing/AuditingInterceptor.cs,45,Microsoft.Extensions.DependencyInjection.ServiceProviderServiceExtensions,GetRequiredService,System.IServiceProvider,Extension
abp:0095,abp,framework/src/Volo.Abp.Auditing/Volo/Abp/Auditing/AuditingManager.cs,57,Microsoft.Extensions.DependencyInjection.ServiceProviderServiceExtensions,CreateScope,System.IServiceProvider,Extension
abp:0096,abp,framework/src/Volo.Abp.Auditing/Volo/Abp/Auditing/SimpleLogAuditingStore.cs,20,Microsoft.Extensions.Logging.LoggerExtensions,LogInformation,Microsoft.Extensions.Logging.ILogger,Extension
abp:0097,abp,framework/src/Volo.Abp.Authorization/Volo/Abp/Authorization/Permissions/PermissionValueProviderManager.cs,32,Microsoft.Extensions.DependencyInjection.ServiceProviderServiceExtensions,GetRequiredService,System.IServiceProvider,Extension
abp:0099,abp,framework/src/Volo.Abp.Authorization/Volo/Abp/Authorization/Permissions/RequirePermissionsSimpleBatchStateChecker.cs,46,Microsoft.Extensions.DependencyInjection.ServiceProviderServiceExtensions,GetRequiredService,System.IServiceProvider,Extension
abp:0101,abp,framework/src/Volo.Abp.Authorization/Volo/Abp/Authorization/Permissions/StaticPermissionDefinitionStore.cs,95,Microsoft.Extensions.DependencyInjection.ServiceProviderServiceExtensions,CreateScope,System.IServiceProvider,Extension
abp:0102,abp,framework/src/Volo.Abp.Authorization/Volo/Abp/Authorization/Permissions/StaticPermissionDefinitionStore.cs,101,Microsoft.Extensions.DependencyInjection.ServiceProviderServiceExtensions,GetRequiredService,System.IServiceProvider,Extension
abp:0103,abp,framework/src/Volo.Abp.AutoMapper/Volo/Abp/AutoMapper/AbpAutoMapperModule.cs,31,Microsoft.Extensions.DependencyInjection.ServiceProviderServiceExtensions,CreateScope,System.IServiceProvider,Extension
abp:0104,abp,framework/src/Volo.Abp.AutoMapper/Volo/Abp/AutoMapper/AbpAutoMapperModule.cs,33,Microsoft.Extensions.DependencyInjection.ServiceProviderServiceExtensions,GetRequiredService,System.IServiceProvider,Extension
abp:0105,abp,framework/src/Volo.Abp.AutoMapper/Volo/Abp/AutoMapper/AbpAutoMapperModule.cs,35,Microsoft.Extensions.DependencyInjection.ServiceProviderServiceExtensions,GetRequiredService,System.IServiceProvider,Extension
abp:0106,abp,framework/src/Volo.Abp.AutoMapper/Volo/Abp/AutoMapper/AbpAutoMapperModule.cs,54,Microsoft.Extensions.DependencyInjection.ServiceProviderServiceExtensions,GetRequiredService,System.IServiceProvider,Extension
abp:0107,abp,framework/src/Volo.Abp.AutoMapper/Volo/Abp/AutoMapper/AbpAutoMapperModule.cs,58,Microsoft.Extensions.DependencyInjection.ServiceProviderServiceExtensions,GetRequiredService,System.IServiceProvider,Extension
abp:0108,abp,framework/src/Volo.Abp.AutoMapper/Volo/Abp/AutoMapper/AbpAutoMapperModule.cs,60,Microsoft.Extensions.DependencyInjection.ServiceProviderServiceExtensions,GetRequiredService,System.IServiceProvider,Extension
abp:0109,abp,framework/src/Volo.Abp.BackgroundJobs.Abstractions/Volo/Abp/BackgroundJobs/BackgroundJobExecuter.cs,51,Microsoft.Extensions.DependencyInjection.ServiceProviderServiceExtensions,GetRequiredService,System.IServiceProvider,Extension
abp:0111,abp,framework/src/Volo.Abp.BackgroundJobs/Volo/Abp/BackgroundJobs/AbpBackgroundJobsModule.cs,26,Microsoft.Extensions.DependencyInjection.ServiceProviderServiceExtensions,GetRequiredService,System.IServiceProvider,Extension
abp:0116,abp,framework/src/Volo.Abp.BackgroundWorkers/Volo/Abp/BackgroundWorkers/AbpBackgroundWorkersModule.cs,31,Microsoft.Extensions.DependencyInjection.ServiceProviderServiceExtensions,GetRequiredService,System.IServiceProvider,Extension
abp:0117,abp,framework/src/Volo.Abp.BackgroundWorkers/Volo/Abp/BackgroundWorkers/AbpBackgroundWorkersModule.cs,34,Microsoft.Extensions.DependencyInjection.ServiceProviderServiceExtensions,GetService,System.IServiceProvider,Extension
abp:0118,abp,framework/src/Volo.Abp.BackgroundWorkers/Volo/Abp/BackgroundWorkers/AbpBackgroundWorkersModule.cs,36,Microsoft.Extensions.DependencyInjection.ServiceProviderServiceExtensions,GetRequiredService,System.IServiceProvider,Extension
abp:0119,abp,framework/src/Volo.Abp.BackgroundWorkers/Volo/Abp/BackgroundWorkers/AbpBackgroundWorkersModule.cs,44,Microsoft.Extensions.DependencyInjection.ServiceProviderServiceExtensions,GetRequiredService,System.IServiceProvider,Extension
abp:0120,abp,framework/src/Volo.Abp.BackgroundWorkers/Volo/Abp/BackgroundWorkers/AbpBackgroundWorkersModule.cs,47,Microsoft.Extensions.DependencyInjection.ServiceProviderServiceExtensions,GetService,System.IServiceProvider,Extension
abp:0121,abp,framework/src/Volo.Abp.BackgroundWorkers/Volo/Abp/BackgroundWorkers/AbpBackgroundWorkersModule.cs,49,Microsoft.Extensions.DependencyInjection.ServiceProviderServiceExtensions,GetRequiredService,System.IServiceProvider,Extension
abp:0123,abp,framework/src/Volo.Abp.BackgroundWorkers/Volo/Abp/BackgroundWorkers/BackgroundWorkerBase.cs,37,Microsoft.Extensions.Logging.LoggerExtensions,LogDebug,Microsoft.Extensions.Logging.ILogger,Extension
abp:0124,abp,framework/src/Volo.Abp.BackgroundWorkers/Volo/Abp/BackgroundWorkers/BackgroundWorkerBase.cs,43,Microsoft.Extensions.Logging.LoggerExtensions,LogDebug,Microsoft.Extensions.Logging.ILogger,Extension
abp:0125,abp,framework/src/Volo.Abp.BackgroundWorkers/Volo/Abp/BackgroundWorkers/BackgroundWorkersApplicationInitializationContextExtensions.cs,34,Microsoft.Extensions.DependencyInjection.ServiceProviderServiceExtensions,GetService,System.IServiceProvider,Extension
abp:0126,abp,framework/src/Volo.Abp.BackgroundWorkers/Volo/Abp/BackgroundWorkers/BackgroundWorkersApplicationInitializationContextExtensions.cs,41,Microsoft.Extensions.DependencyInjection.ServiceProviderServiceExtensions,GetRequiredService,System.IServiceProvider,Extension
abp:0127,abp,framework/src/Volo.Abp.BackgroundWorkers/Volo/Abp/BackgroundWorkers/BackgroundWorkersApplicationInitializationContextExtensions.cs,43,Microsoft.Extensions.DependencyInjection.ServiceProviderServiceExtensions,GetRequiredService,System.IServiceProvider,Extension
abp:0129,abp,framework/src/Volo.Abp.BlobStoring/Volo/Abp/BlobStoring/AbpBlobStoringModule.cs,23,Microsoft.Extensions.DependencyInjection.ServiceProviderServiceExtensions,GetRequiredService,System.IServiceProvider,Extension
abp:0130,abp,framework/src/Volo.Abp.BlobStoring/Volo/Abp/BlobStoring/BlobNormalizeNamingService.cs,28,Microsoft.Extensions.DependencyInjection.ServiceProviderServiceExtensions,CreateScope,System.IServiceProvider,Extension
abp:0131,abp,framework/src/Volo.Abp.BlobStoring/Volo/Abp/BlobStoring/BlobNormalizeNamingService.cs,32,Microsoft.Extensions.DependencyInjection.ServiceProviderServiceExtensions,GetRequiredService,System.IServiceProvider,Extension
abp:0421,abp,framework/src/Volo.Abp.Core/Microsoft/Extensions/DependencyInjection/ServiceCollectionCommonExtensions.cs,120,Microsoft.Extensions.DependencyInjection.ServiceProviderServiceExtensions,GetRequiredService,System.IServiceProvider,Extension
abp:0424,abp,framework/src/Volo.Abp.Core/Microsoft/Extensions/Logging/AbpLoggerExtensions.cs,19,Microsoft.Extensions.Logging.LoggerExtensions,LogError,Microsoft.Extensions.Logging.ILogger,Extension
abp:0425,abp,framework/src/Volo.Abp.Core/Microsoft/Extensions/Logging/AbpLoggerExtensions.cs,22,Microsoft.Extensions.Logging.LoggerExtensions,LogWarning,Microsoft.Extensions.Logging.ILogger,Extension
abp:0430,abp,framework/src/Volo.Abp.Core/Microsoft/Extensions/Logging/AbpLoggerExtensions.cs,44,Microsoft.Extensions.Logging.LoggerExtensions,LogError,Microsoft.Extensions.Logging.ILogger,Extension
abp:0431,abp,framework/src/Volo.Abp.Core/Microsoft/Extensions/Logging/AbpLoggerExtensions.cs,47,Microsoft.Extensions.Logging.LoggerExtensions,LogWarning,Microsoft.Extensions.Logging.ILogger,Extension
abp:0435,abp,framework/src/Volo.Abp.Core/Volo/Abp/AbpApplicationBase.cs,78,Microsoft.Extensions.DependencyInjection.ServiceProviderServiceExtensions,CreateScope,System.IServiceProvider,Extension
abp:0436,abp,framework/src/Volo.Abp.Core/Volo/Abp/AbpApplicationBase.cs,80,Microsoft.Extensions.DependencyInjection.ServiceProviderServiceExtensions,GetRequiredService,System.IServiceProvider,Extension
abp:0437,abp,framework/src/Volo.Abp.Core/Volo/Abp/AbpApplicationBase.cs,88,Microsoft.Extensions.DependencyInjection.ServiceProviderServiceExtensions,CreateScope,System.IServiceProvider,Extension
abp:0438,abp,framework/src/Volo.Abp.Core/Volo/Abp/AbpApplicationBase.cs,90,Microsoft.Extensions.DependencyInjection.ServiceProviderServiceExtensions,GetRequiredService,System.IServiceProvider,Extension
abp:0439,abp,framework/src/Volo.Abp.Core/Volo/Abp/AbpApplicationBase.cs,104,Microsoft.Extensions.DependencyInjection.ServiceProviderServiceExtensions,GetRequiredService,System.IServiceProvider,Extension
abp:0440,abp,framework/src/Volo.Abp.Core/Volo/Abp/AbpApplicationBase.cs,109,Microsoft.Extensions.DependencyInjection.ServiceProviderServiceExtensions,CreateScope,System.IServiceProvider,Extension
abp:0441,abp,framework/src/Volo.Abp.Core/Volo/Abp/AbpApplicationBase.cs,112,Microsoft.Extensions.DependencyInjection.ServiceProviderServiceExtensions,GetRequiredService,System.IServiceProvider,Extension
abp:0442,abp,framework/src/Volo.Abp.Core/Volo/Abp/AbpApplicationBase.cs,120,Microsoft.Extensions.DependencyInjection.ServiceProviderServiceExtensions,CreateScope,System.IServiceProvider,Extension
abp:0443,abp,framework/src/Volo.Abp.Core/Volo/Abp/AbpApplicationBase.cs,123,Microsoft.Extensions.DependencyInjection.ServiceProviderServiceExtensions,GetRequiredService,System.IServiceProvider,Extension
abp:0444,abp,framework/src/Volo.Abp.Core/Volo/Abp/AbpApplicationBase.cs,131,Microsoft.Extensions.DependencyInjection.ServiceProviderServiceExtensions,GetService,System.IServiceProvider,Extension
abp:0445,abp,framework/src/Volo.Abp.Core/Volo/Abp/AbpApplicationBase.cs,137,Microsoft.Extensions.DependencyInjection.ServiceProviderServiceExtensions,GetRequiredService,System.IServiceProvider,Extension
abp:0448,abp,framework/src/Volo.Abp.Core/Volo/Abp/AbpApplicationBase.cs,201,Microsoft.Extensions.DependencyInjection.ServiceProviderServiceExtensions,CreateScope,System.IServiceProvider,Extension
abp:0449,abp,framework/src/Volo.Abp.Core/Volo/Abp/AbpApplicationBase.cs,202,Microsoft.Extensions.DependencyInjection.ServiceProviderServiceExtensions,GetRequiredService,System.IServiceProvider,Extension
abp:0450,abp,framework/src/Volo.Abp.Core/Volo/Abp/AbpApplicationBase.cs,203,Microsoft.Extensions.DependencyInjection.ServiceProviderServiceExtensions,GetRequiredService,System.IServiceProvider,Extension
abp:0451,abp,framework/src/Volo.Abp.Core/Volo/Abp/AbpApplicationBase.cs,207,Microsoft.Extensions.Configuration.ConfigurationBinder,GetValue,Microsoft.Extensions.Configuration.IConfiguration,Extension
abp:0452,abp,framework/src/Volo.Abp.Core/Volo/Abp/AbpApplicationWithInternalServiceProvider.cs,43,Microsoft.Extensions.DependencyInjection.ServiceProviderServiceExtensions,CreateScope,System.IServiceProvider,Extension
abp:0453,abp,framework/src/Volo.Abp.Core/Volo/Abp/DependencyInjection/AbpLazyServiceProvider.cs,28,Microsoft.Extensions.DependencyInjection.ServiceProviderServiceExtensions,GetRequiredService,System.IServiceProvider,Extension
abp:0454,abp,framework/src/Volo.Abp.Core/Volo/Abp/ExceptionHandling/ExceptionNotifier.cs,29,Microsoft.Extensions.DependencyInjection.ServiceProviderServiceExtensions,GetServices,System.IServiceProvider,Extension
abp:0463,abp,framework/src/Volo.Abp.Core/Volo/Abp/Modularity/AbpModuleHelper.cs,14,Microsoft.Extensions.Logging.LoggerExtensions,Log,Microsoft.Extensions.Logging.ILogger,Extension
abp:0464,abp,framework/src/Volo.Abp.Core/Volo/Abp/Modularity/AbpModuleHelper.cs,75,Microsoft.Extensions.Logging.LoggerExtensions,Log,Microsoft.Extensions.Logging.ILogger,Extension
abp:0465,abp,framework/src/Volo.Abp.Core/Volo/Abp/Modularity/ModuleManager.cs,51,Microsoft.Extensions.Logging.LoggerExtensions,LogInformation,Microsoft.Extensions.Logging.ILogger,Extension
abp:0466,abp,framework/src/Volo.Abp.Core/Volo/Abp/Modularity/ModuleManager.cs,71,Microsoft.Extensions.Logging.LoggerExtensions,LogInformation,Microsoft.Extensions.Logging.ILogger,Extension
abp:0467,abp,framework/src/Volo.Abp.Core/Volo/Abp/SimpleStateChecking/SimpleStateCheckerManager.cs,33,Microsoft.Extensions.DependencyInjection.ServiceProviderServiceExtensions,CreateScope,System.IServiceProvider,Extension
abp:0468,abp,framework/src/Volo.Abp.Core/Volo/Abp/SimpleStateChecking/SimpleStateCheckerManager.cs,44,Microsoft.Extensions.DependencyInjection.ServiceProviderServiceExtensions,GetRequiredService,System.IServiceProvider,Extension
abp:0469,abp,framework/src/Volo.Abp.Core/Volo/Abp/SimpleStateChecking/SimpleStateCheckerManager.cs,60,Microsoft.Extensions.DependencyInjection.ServiceProviderServiceExtensions,GetRequiredService,System.IServiceProvider,Extension
abp:0470,abp,framework/src/Volo.Abp.Core/Volo/Abp/SimpleStateChecking/SimpleStateCheckerManager.cs,63,Microsoft.Extensions.DependencyInjection.ServiceProviderServiceExtensions,GetRequiredService,System.IServiceProvider,Extension
abp:0471,abp,framework/src/Volo.Abp.Core/Volo/Abp/SimpleStateChecking/SimpleStateCheckerManager.cs,86,Microsoft.Extensions.DependencyInjection.ServiceProviderServiceExtensions,CreateScope,System.IServiceProvider,Extension
abp:0472,abp,framework/src/Volo.Abp.Core/Volo/Abp/SimpleStateChecking/SimpleStateCheckerManager.cs,88,Microsoft.Extensions.DependencyInjection.ServiceProviderServiceExtensions,GetRequiredService,System.IServiceProvider,Extension
abp:0473,abp,framework/src/Volo.Abp.Core/Volo/Abp/SimpleStateChecking/SimpleStateCheckerManager.cs,100,Microsoft.Extensions.DependencyInjection.ServiceProviderServiceExtensions,GetRequiredService,System.IServiceProvider,Extension
abp:0475,abp,framework/src/Volo.Abp.Data/Volo/Abp/Data/DataFilter.cs,47,Microsoft.Extensions.DependencyInjection.ServiceProviderServiceExtensions,GetRequiredService,System.IServiceProvider,Extension
abp:0479,abp,framework/src/Volo.Abp.Ddd.Application.Contracts/Volo/Abp/Application/Dtos/LimitedResultRequestDto.cs,38,Microsoft.Extensions.DependencyInjection.ServiceProviderServiceExtensions,GetRequiredService,System.IServiceProvider,Extension
abp:0481,abp,framework/src/Volo.Abp.Ddd.Application/Volo/Abp/Application/Services/ApplicationService.cs,54,Microsoft.Extensions.DependencyInjection.ServiceProviderServiceExtensions,GetRequiredService,System.IServiceProvider,Extension
abp:0482,abp,framework/src/Volo.Abp.Ddd.Application/Volo/Abp/Application/Services/ApplicationService.cs,55,Microsoft.Extensions.DependencyInjection.ServiceProviderServiceExtensions,GetRequiredService,System.IServiceProvider,Extension
abp:0483,abp,framework/src/Volo.Abp.Ddd.Domain/Volo/Abp/Domain/Entities/Events/Distributed/EntityToEtoMapper.cs,48,Microsoft.Extensions.DependencyInjection.ServiceProviderServiceExtensions,GetRequiredService,System.IServiceProvider,Extension
abp:0485,abp,framework/src/Volo.Abp.Ddd.Domain/Volo/Abp/Domain/Repositories/RepositoryExtensions.cs,211,Microsoft.Extensions.DependencyInjection.ServiceProviderServiceExtensions,GetRequiredService,System.IServiceProvider,Extension
abp:0486,abp,framework/src/Volo.Abp.EntityFrameworkCore/Microsoft/Extensions/DependencyInjection/AbpEfCoreServiceCollectionExtensions.cs,41,Microsoft.Extensions.DependencyInjection.ServiceProviderServiceExtensions,GetRequiredService,System.IServiceProvider,Extension
abp:0487,abp,framework/src/Volo.Abp.EntityFrameworkCore/Microsoft/Extensions/DependencyInjection/AbpEfCoreServiceCollectionExtensions.cs,42,Microsoft.Extensions.DependencyInjection.ServiceProviderServiceExtensions,GetRequiredService,System.IServiceProvider,Extension
abp:0488,abp,framework/src/Volo.Abp.EntityFrameworkCore/Volo/Abp/Domain/Repositories/EntityFrameworkCore/EfCoreRepository.cs,101,Microsoft.Extensions.DependencyInjection.ServiceProviderServiceExtensions,GetRequiredService,System.IServiceProvider,Extension
abp:0489,abp,framework/src/Volo.Abp.EntityFrameworkCore/Volo/Abp/EntityFrameworkCore/AbpDbContext.cs,253,Microsoft.Extensions.Logging.LoggerExtensions,LogDebug,Microsoft.Extensions.Logging.ILogger,Extension
abp:0490,abp,framework/src/Volo.Abp.EntityFrameworkCore/Volo/Abp/EntityFrameworkCore/AbpDbContext.cs,272,Microsoft.Extensions.Logging.LoggerExtensions,LogWarning,Microsoft.Extensions.Logging.ILogger,Extension
abp:0491,abp,framework/src/Volo.Abp.EntityFrameworkCore/Volo/Abp/EntityFrameworkCore/DependencyInjection/AbpDbContextConfigurationContext.cs,35,Microsoft.Extensions.DependencyInjection.ServiceProviderServiceExtensions,GetRequiredService,System.IServiceProvider,Extension
abp:0492,abp,framework/src/Volo.Abp.EntityFrameworkCore/Volo/Abp/EntityFrameworkCore/DependencyInjection/AbpDbContextConfigurationContext.cs,57,Microsoft.Extensions.DependencyInjection.ServiceProviderServiceExtensions,GetRequiredService,System.IServiceProvider,Extension
abp:0493,abp,framework/src/Volo.Abp.EntityFrameworkCore/Volo/Abp/EntityFrameworkCore/DependencyInjection/DbContextOptionsFactory.cs,31,Microsoft.Extensions.DependencyInjection.ServiceProviderServiceExtensions,GetRequiredService,System.IServiceProvider,Extension
abp:0494,abp,framework/src/Volo.Abp.EntityFrameworkCore/Volo/Abp/EntityFrameworkCore/DependencyInjection/DbContextOptionsFactory.cs,83,Microsoft.Extensions.DependencyInjection.ServiceProviderServiceExtensions,GetRequiredService,System.IServiceProvider,Extension
abp:0495,abp,framework/src/Volo.Abp.EntityFrameworkCore/Volo/Abp/EntityFrameworkCore/DependencyInjection/DbContextOptionsFactory.cs,110,Microsoft.Extensions.DependencyInjection.ServiceProviderServiceExtensions,GetRequiredService,System.IServiceProvider,Extension
abp:0496,abp,framework/src/Volo.Abp.EntityFrameworkCore/Volo/Abp/EntityFrameworkCore/DependencyInjection/DbContextOptionsFactory.cs,111,Microsoft.Extensions.DependencyInjection.ServiceProviderServiceExtensions,GetRequiredService,System.IServiceProvider,Extension
abp:0516,abp,framework/src/Volo.Abp.EntityFrameworkCore/Volo/Abp/Uow/EntityFrameworkCore/UnitOfWorkDbContextProvider.cs,161,Microsoft.Extensions.DependencyInjection.ServiceProviderServiceExtensions,GetRequiredService,System.IServiceProvider,Extension
abp:0522,abp,framework/src/Volo.Abp.EntityFrameworkCore/Volo/Abp/Uow/EntityFrameworkCore/UnitOfWorkDbContextProvider.cs,264,Microsoft.Extensions.DependencyInjection.ServiceProviderServiceExtensions,GetRequiredService,System.IServiceProvider,Extension
abp:0524,abp,framework/src/Volo.Abp.EntityFrameworkCore/Volo/Abp/Uow/EntityFrameworkCore/UnitOfWorkDbContextProvider.cs,294,Microsoft.Extensions.DependencyInjection.ServiceProviderServiceExtensions,GetRequiredService,System.IServiceProvider,Extension
abp:0545,abp,framework/src/Volo.Abp.EventBus/Volo/Abp/EventBus/IocEventHandlerFactory.cs,32,Microsoft.Extensions.DependencyInjection.ServiceProviderServiceExtensions,GetRequiredService,System.IServiceProvider,Extension
abp:0547,abp,framework/src/Volo.Abp.Features/Volo/Abp/Features/FeatureInterceptor.cs,34,Microsoft.Extensions.DependencyInjection.ServiceProviderServiceExtensions,GetRequiredService,System.IServiceProvider,Extension
abp:0548,abp,framework/src/Volo.Abp.Features/Volo/Abp/Features/FeatureValueProviderManager.cs,32,Microsoft.Extensions.DependencyInjection.ServiceProviderServiceExtensions,GetRequiredService,System.IServiceProvider,Extension
abp:0550,abp,framework/src/Volo.Abp.Features/Volo/Abp/Features/StaticFeatureDefinitionStore.cs,77,Microsoft.Extensions.DependencyInjection.ServiceProviderServiceExtensions,CreateScope,System.IServiceProvider,Extension
abp:0551,abp,framework/src/Volo.Abp.Features/Volo/Abp/Features/StaticFeatureDefinitionStore.cs,81,Microsoft.Extensions.DependencyInjection.ServiceProviderServiceExtensions,GetRequiredService,System.IServiceProvider,Extension
abp:0552,abp,framework/src/Volo.Abp.Http.Client/Microsoft/Extensions/DependencyInjection/ServiceCollectionHttpClientProxyExtensions.cs,174,Microsoft.Extensions.DependencyInjection.ServiceProviderServiceExtensions,GetRequiredService,System.IServiceProvider,Extension
abp:0553,abp,framework/src/Volo.Abp.Http.Client/Microsoft/Extensions/DependencyInjection/ServiceCollectionHttpClientProxyExtensions.cs,175,Microsoft.Extensions.DependencyInjection.ServiceProviderServiceExtensions,GetRequiredService,System.IServiceProvider,Extension
abp:0556,abp,framework/src/Volo.Abp.Http.Client/Volo/Abp/Http/Client/ClientProxying/ClientProxyBase.cs,174,System.Net.Http.HttpClient,SendAsync,System.Net.Http.HttpClient,NonVirtual
abp:0557,abp,framework/src/Volo.Abp.Http.Client/Volo/Abp/Http/Client/ClientProxying/ClientProxyRequestPayloadBuilder.cs,120,Microsoft.Extensions.DependencyInjection.ServiceProviderServiceExtensions,GetRequiredService,System.IServiceProvider,Extension
abp:0558,abp,framework/src/Volo.Abp.Http.Client/Volo/Abp/Http/Client/ClientProxying/ClientProxyUrlBuilder.cs,113,Microsoft.Extensions.DependencyInjection.ServiceProviderServiceExtensions,GetRequiredService,System.IServiceProvider,Extension
abp:0559,abp,framework/src/Volo.Abp.Http.Client/Volo/Abp/Http/Client/ClientProxying/ClientProxyUrlBuilder.cs,156,Microsoft.Extensions.DependencyInjection.ServiceProviderServiceExtensions,GetRequiredService,System.IServiceProvider,Extension
abp:0560,abp,framework/src/Volo.Abp.Http/Volo/Abp/Http/ProxyScripting/ProxyScriptManager.cs,64,Microsoft.Extensions.DependencyInjection.ServiceProviderServiceExtensions,CreateScope,System.IServiceProvider,Extension
abp:0561,abp,framework/src/Volo.Abp.Http/Volo/Abp/Http/ProxyScripting/ProxyScriptManager.cs,66,Microsoft.Extensions.DependencyInjection.ServiceProviderServiceExtensions,GetRequiredService,System.IServiceProvider,Extension
abp:0565,abp,framework/src/Volo.Abp.Json.Newtonsoft/Volo/Abp/Json/Newtonsoft/AbpNewtonsoftJsonSerializer.cs,89,Microsoft.Extensions.DependencyInjection.ServiceProviderServiceExtensions,GetRequiredService,System.IServiceProvider,Extension
abp:0566,abp,framework/src/Volo.Abp.Localization/Volo/Abp/Localization/VirtualFiles/VirtualFileLocalizationResourceContributorBase.cs,32,Microsoft.Extensions.DependencyInjection.ServiceProviderServiceExtensions,GetRequiredService,System.IServiceProvider,Extension
abp:0567,abp,framework/src/Volo.Abp.Mapperly/Volo/Abp/Mapperly/MapperlyAutoObjectMappingProvider.cs,44,Microsoft.Extensions.DependencyInjection.ServiceProviderServiceExtensions,GetService,System.IServiceProvider,Extension
abp:0568,abp,framework/src/Volo.Abp.Mapperly/Volo/Abp/Mapperly/MapperlyAutoObjectMappingProvider.cs,54,Microsoft.Extensions.DependencyInjection.ServiceProviderServiceExtensions,GetService,System.IServiceProvider,Extension
abp:0569,abp,framework/src/Volo.Abp.Mapperly/Volo/Abp/Mapperly/MapperlyAutoObjectMappingProvider.cs,74,Microsoft.Extensions.DependencyInjection.ServiceProviderServiceExtensions,GetService,System.IServiceProvider,Extension
abp:0570,abp,framework/src/Volo.Abp.Mapperly/Volo/Abp/Mapperly/MapperlyAutoObjectMappingProvider.cs,85,Microsoft.Extensions.DependencyInjection.ServiceProviderServiceExtensions,GetService,System.IServiceProvider,Extension
abp:0573,abp,framework/src/Volo.Abp.MemoryDb/Volo/Abp/Domain/Repositories/MemoryDb/MemoryDatabase.cs,29,Microsoft.Extensions.DependencyInjection.ServiceProviderServiceExtensions,GetRequiredService,System.IServiceProvider,Extension
abp:0574,abp,framework/src/Volo.Abp.MemoryDb/Volo/Abp/Domain/Repositories/MemoryDb/MemoryDatabaseManager.cs,22,Microsoft.Extensions.DependencyInjection.ServiceProviderServiceExtensions,GetRequiredService,System.IServiceProvider,Extension
abp:0575,abp,framework/src/Volo.Abp.MongoDB/Microsoft/Extensions/DependencyInjection/AbpMongoDbServiceCollectionExtensions.cs,35,Microsoft.Extensions.DependencyInjection.ServiceProviderServiceExtensions,GetRequiredService,System.IServiceProvider,Extension
abp:0576,abp,framework/src/Volo.Abp.MongoDB/Microsoft/Extensions/DependencyInjection/AbpMongoDbServiceCollectionExtensions.cs,36,Microsoft.Extensions.DependencyInjection.ServiceProviderServiceExtensions,GetRequiredService,System.IServiceProvider,Extension
abp:0580,abp,framework/src/Volo.Abp.MongoDB/Volo/Abp/Uow/MongoDB/UnitOfWorkMongoDbContextProvider.cs,163,Microsoft.Extensions.DependencyInjection.ServiceProviderServiceExtensions,GetRequiredService,System.IServiceProvider,Extension
abp:0583,abp,framework/src/Volo.Abp.MongoDB/Volo/Abp/Uow/MongoDB/UnitOfWorkMongoDbContextProvider.cs,228,Microsoft.Extensions.DependencyInjection.ServiceProviderServiceExtensions,GetRequiredService,System.IServiceProvider,Extension
abp:0585,abp,framework/src/Volo.Abp.MultiTenancy/Volo/Abp/MultiTenancy/CurrentUserTenantResolveContributor.cs,15,Microsoft.Extensions.DependencyInjection.ServiceProviderServiceExtensions,GetRequiredService,System.IServiceProvider,Extension
abp:0586,abp,framework/src/Volo.Abp.MultiTenancy/Volo/Abp/MultiTenancy/MultiTenantConnectionStringResolver.cs,144,Microsoft.Extensions.DependencyInjection.ServiceProviderServiceExtensions,CreateScope,System.IServiceProvider,Extension
abp:0587,abp,framework/src/Volo.Abp.MultiTenancy/Volo/Abp/MultiTenancy/MultiTenantConnectionStringResolver.cs,146,Microsoft.Extensions.DependencyInjection.ServiceProviderServiceExtensions,GetRequiredService,System.IServiceProvider,Extension
abp:0588,abp,framework/src/Volo.Abp.MultiTenancy/Volo/Abp/MultiTenancy/MultiTenantConnectionStringResolver.cs,157,Microsoft.Extensions.DependencyInjection.ServiceProviderServiceExtensions,CreateScope,System.IServiceProvider,Extension
abp:0589,abp,framework/src/Volo.Abp.MultiTenancy/Volo/Abp/MultiTenancy/MultiTenantConnectionStringResolver.cs,159,Microsoft.Extensions.DependencyInjection.ServiceProviderServiceExtensions,GetRequiredService,System.IServiceProvider,Extension
abp:0590,abp,framework/src/Volo.Abp.MultiTenancy/Volo/Abp/MultiTenancy/TenantResolver.cs,30,Microsoft.Extensions.Logging.LoggerExtensions,LogDebug,Microsoft.Extensions.Logging.ILogger,Extension
abp:0591,abp,framework/src/Volo.Abp.MultiTenancy/Volo/Abp/MultiTenancy/TenantResolver.cs,31,Microsoft.Extensions.DependencyInjection.ServiceProviderServiceExtensions,CreateScope,System.IServiceProvider,Extension
abp:0592,abp,framework/src/Volo.Abp.MultiTenancy/Volo/Abp/MultiTenancy/TenantResolver.cs,37,Microsoft.Extensions.Logging.LoggerExtensions,LogDebug,Microsoft.Extensions.Logging.ILogger,Extension
abp:0593,abp,framework/src/Volo.Abp.MultiTenancy/Volo/Abp/MultiTenancy/TenantResolver.cs,45,Microsoft.Extensions.Logging.LoggerExtensions,LogDebug,Microsoft.Extensions.Logging.ILogger,Extension
abp:0594,abp,framework/src/Volo.Abp.MultiTenancy/Volo/Abp/MultiTenancy/TenantResolver.cs,55,Microsoft.Extensions.Logging.LoggerExtensions,LogDebug,Microsoft.Extensions.Logging.ILogger,Extension
abp:0595,abp,framework/src/Volo.Abp.MultiTenancy/Volo/Abp/MultiTenancy/TenantResolver.cs,59,Microsoft.Extensions.Logging.LoggerExtensions,LogDebug,Microsoft.Extensions.Logging.ILogger,Extension
abp:0597,abp,framework/src/Volo.Abp.ObjectMapping/Volo/Abp/ObjectMapping/DefaultObjectMapper.cs,51,Microsoft.Extensions.DependencyInjection.ServiceProviderServiceExtensions,CreateScope,System.IServiceProvider,Extension
abp:0598,abp,framework/src/Volo.Abp.ObjectMapping/Volo/Abp/ObjectMapping/DefaultObjectMapper.cs,53,Microsoft.Extensions.DependencyInjection.ServiceProviderServiceExtensions,GetService,System.IServiceProvider,Extension
abp:0599,abp,framework/src/Volo.Abp.ObjectMapping/Volo/Abp/ObjectMapping/DefaultObjectMapper.cs,95,Microsoft.Extensions.DependencyInjection.ServiceProviderServiceExtensions,CreateScope,System.IServiceProvider,Extension
abp:0600,abp,framework/src/Volo.Abp.ObjectMapping/Volo/Abp/ObjectMapping/DefaultObjectMapper.cs,97,Microsoft.Extensions.DependencyInjection.ServiceProviderServiceExtensions,GetService,System.IServiceProvider,Extension
abp:0601,abp,framework/src/Volo.Abp.Security/Volo/Abp/Security/Claims/AbpClaimsPrincipalContributorContext.cs,28,Microsoft.Extensions.DependencyInjection.ServiceProviderServiceExtensions,GetRequiredService,System.IServiceProvider,Extension
abp:0602,abp,framework/src/Volo.Abp.Security/Volo/Abp/Security/Claims/AbpClaimsPrincipalFactory.cs,48,Microsoft.Extensions.DependencyInjection.ServiceProviderServiceExtensions,GetRequiredService,System.IServiceProvider,Extension
abp:0603,abp,framework/src/Volo.Abp.Security/Volo/Abp/Security/Claims/AbpClaimsPrincipalFactory.cs,56,Microsoft.Extensions.DependencyInjection.ServiceProviderServiceExtensions,GetRequiredService,System.IServiceProvider,Extension
abp:0609,abp,framework/src/Volo.Abp.Serialization/Volo/Abp/Serialization/DefaultObjectSerializer.cs,25,Microsoft.Extensions.DependencyInjection.ServiceProviderServiceExtensions,CreateScope,System.IServiceProvider,Extension
abp:0610,abp,framework/src/Volo.Abp.Serialization/Volo/Abp/Serialization/DefaultObjectSerializer.cs,27,Microsoft.Extensions.DependencyInjection.ServiceProviderServiceExtensions,GetService,System.IServiceProvider,Extension
abp:0611,abp,framework/src/Volo.Abp.Serialization/Volo/Abp/Serialization/DefaultObjectSerializer.cs,45,Microsoft.Extensions.DependencyInjection.ServiceProviderServiceExtensions,CreateScope,System.IServiceProvider,Extension
abp:0612,abp,framework/src/Volo.Abp.Serialization/Volo/Abp/Serialization/DefaultObjectSerializer.cs,47,Microsoft.Extensions.DependencyInjection.ServiceProviderServiceExtensions,GetService,System.IServiceProvider,Extension
abp:0614,abp,framework/src/Volo.Abp.Settings/Volo/Abp/Settings/SettingValueProviderManager.cs,33,Microsoft.Extensions.DependencyInjection.ServiceProviderServiceExtensions,GetRequiredService,System.IServiceProvider,Extension
abp:0615,abp,framework/src/Volo.Abp.Settings/Volo/Abp/Settings/StaticSettingDefinitionStore.cs,64,Microsoft.Extensions.DependencyInjection.ServiceProviderServiceExtensions,CreateScope,System.IServiceProvider,Extension
abp:0616,abp,framework/src/Volo.Abp.Settings/Volo/Abp/Settings/StaticSettingDefinitionStore.cs,68,Microsoft.Extensions.DependencyInjection.ServiceProviderServiceExtensions,GetRequiredService,System.IServiceProvider,Extension
abp:0620,abp,framework/src/Volo.Abp.TestBase/Volo/Abp/AbpTestBaseWithServiceProvider.cs,12,Microsoft.Extensions.DependencyInjection.ServiceProviderServiceExtensions,GetService,System.IServiceProvider,Extension
abp:0621,abp,framework/src/Volo.Abp.TestBase/Volo/Abp/AbpTestBaseWithServiceProvider.cs,17,Microsoft.Extensions.DependencyInjection.ServiceProviderServiceExtensions,GetRequiredService,System.IServiceProvider,Extension
abp:0622,abp,framework/src/Volo.Abp.TextTemplating.Core/Volo/Abp/TextTemplating/AbpTemplateRenderer.cs,47,Microsoft.Extensions.DependencyInjection.ServiceProviderServiceExtensions,GetRequiredService,System.IServiceProvider,Extension
abp:0623,abp,framework/src/Volo.Abp.TextTemplating.Core/Volo/Abp/TextTemplating/StaticTemplateDefinitionStore.cs,64,Microsoft.Extensions.DependencyInjection.ServiceProviderServiceExtensions,CreateScope,System.IServiceProvider,Extension
abp:0624,abp,framework/src/Volo.Abp.TextTemplating.Core/Volo/Abp/TextTemplating/StaticTemplateDefinitionStore.cs,68,Microsoft.Extensions.DependencyInjection.ServiceProviderServiceExtensions,GetRequiredService,System.IServiceProvider,Extension
abp:0625,abp,framework/src/Volo.Abp.TextTemplating.Core/Volo/Abp/TextTemplating/TemplateContentProvider.cs,149,Microsoft.Extensions.DependencyInjection.ServiceProviderServiceExtensions,GetRequiredService,System.IServiceProvider,Extension
abp:0626,abp,framework/src/Volo.Abp.TextTemplating.Razor/Volo/Abp/TextTemplating/Razor/RazorTemplateRenderingEngine.cs,117,Microsoft.Extensions.DependencyInjection.ServiceProviderServiceExtensions,GetRequiredService,System.IServiceProvider,Extension
abp:0627,abp,framework/src/Volo.Abp.TextTemplating.Razor/Volo/Abp/TextTemplating/Razor/RazorTemplateRenderingEngine.cs,136,Microsoft.Extensions.DependencyInjection.ServiceProviderServiceExtensions,GetService,System.IServiceProvider,Extension
abp:0628,abp,framework/src/Volo.Abp.TextTemplating.Razor/Volo/Abp/TextTemplating/Razor/RazorTemplateRenderingEngine.cs,137,Microsoft.Extensions.DependencyInjection.ServiceProviderServiceExtensions,GetService,System.IServiceProvider,Extension
abp:0629,abp,framework/src/Volo.Abp.TextTemplating.Razor/Volo/Abp/TextTemplating/Razor/RazorTemplateRenderingEngine.cs,138,Microsoft.Extensions.DependencyInjection.ServiceProviderServiceExtensions,GetService,System.IServiceProvider,Extension
abp:0630,abp,framework/src/Volo.Abp.UI.Navigation/Volo/Abp/Ui/Navigation/MenuConfigurationContext.cs,27,Microsoft.Extensions.DependencyInjection.ServiceProviderServiceExtensions,GetRequiredService,System.IServiceProvider,Extension
abp:0631,abp,framework/src/Volo.Abp.UI.Navigation/Volo/Abp/Ui/Navigation/Urls/AppUrlProvider.cs,51,Microsoft.Extensions.Logging.LoggerExtensions,LogError,Microsoft.Extensions.Logging.ILogger,Extension
abp:0632,abp,framework/src/Volo.Abp.Uow/Volo/Abp/Uow/UnitOfWorkInterceptor.cs,31,Microsoft.Extensions.DependencyInjection.ServiceProviderServiceExtensions,GetRequiredService,System.IServiceProvider,Extension
abp:0633,abp,framework/src/Volo.Abp.Uow/Volo/Abp/Uow/UnitOfWorkInterceptor.cs,62,Microsoft.Extensions.DependencyInjection.ServiceProviderServiceExtensions,GetRequiredService,System.IServiceProvider,Extension
abp:0634,abp,framework/src/Volo.Abp.Uow/Volo/Abp/Uow/UnitOfWorkInterceptor.cs,64,Microsoft.Extensions.DependencyInjection.ServiceProviderServiceExtensions,GetRequiredService,System.IServiceProvider,Extension
abp:0635,abp,framework/src/Volo.Abp.Uow/Volo/Abp/Uow/UnitOfWorkManager.cs,96,Microsoft.Extensions.DependencyInjection.ServiceProviderServiceExtensions,GetRequiredService,System.IServiceProvider,Extension
abp:0636,abp,framework/src/Volo.Abp.Validation/Volo/Abp/Validation/DataAnnotationObjectValidationContributor.cs,126,Microsoft.Extensions.DependencyInjection.ServiceProviderServiceExtensions,GetRequiredService,System.IServiceProvider,Extension
abp:0637,abp,framework/src/Volo.Abp.Validation/Volo/Abp/Validation/ObjectValidator.cs,61,Microsoft.Extensions.DependencyInjection.ServiceProviderServiceExtensions,GetRequiredService,System.IServiceProvider,Extension
aspnetcore:0001,aspnetcore,src/Antiforgery/src/AntiforgeryServiceCollectionExtensions.cs,41,Microsoft.Extensions.DependencyInjection.ServiceProviderServiceExtensions,GetRequiredService,System.IServiceProvider,Extension
aspnetcore:0002,aspnetcore,src/Caching/StackExchangeRedis/src/RedisCacheImpl.cs,17,Microsoft.Extensions.DependencyInjection.ServiceProviderServiceExtensions,GetService,System.IServiceProvider,Extension
aspnetcore:0004,aspnetcore,src/Components/Components/src/OwningComponentBase.cs,42,Microsoft.Extensions.DependencyInjection.ServiceProviderServiceExtensions,CreateAsyncScope,Microsoft.Extensions.DependencyInjection.IServiceScopeFactory,Extension
aspnetcore:0005,aspnetcore,src/Components/Components/src/OwningComponentBase.cs,121,Microsoft.Extensions.DependencyInjection.ServiceProviderServiceExtensions,GetRequiredService,System.IServiceProvider,Extension
aspnetcore:0008,aspnetcore,src/Components/Components/src/PersistentState/PersistentServicesRegistry.cs,39,Microsoft.Extensions.DependencyInjection.ServiceProviderServiceExtensions,GetService,System.IServiceProvider,Extension
aspnetcore:0009,aspnetcore,src/Components/Components/src/PersistentState/PersistentServicesRegistry.cs,71,Microsoft.Extensions.DependencyInjection.ServiceProviderServiceExtensions,GetRequiredService,System.IServiceProvider,Extension
aspnetcore:0010,aspnetcore,src/Components/Components/src/RenderTree/Renderer.cs,103,Microsoft.Extensions.DependencyInjection.ServiceProviderServiceExtensions,GetService,System.IServiceProvider,Extension
aspnetcore:0011,aspnetcore,src/Components/Components/src/RenderTree/Renderer.cs,104,Microsoft.Extensions.DependencyInjection.ServiceProviderServiceExtensions,GetService,System.IServiceProvider,Extension
aspnetcore:0012,aspnetcore,src/Components/Components/src/RenderTree/Renderer.cs,107,Microsoft.Extensions.DependencyInjection.ServiceProviderServiceExtensions,GetService,System.IServiceProvider,Extension
aspnetcore:0013,aspnetcore,src/Components/Components/src/RenderTree/Renderer.cs,109,Microsoft.Extensions.DependencyInjection.ServiceProviderServiceExtensions,GetServices,System.IServiceProvider,Extension
aspnetcore:0014,aspnetcore,src/Components/Components/src/RenderTree/Renderer.cs,121,Microsoft.Extensions.DependencyInjection.ServiceProviderServiceExtensions,GetService,System.IServiceProvider,Extension
aspnetcore:0015,aspnetcore,src/Components/Components/src/Routing/Router.cs,120,Microsoft.Extensions.DependencyInjection.ServiceProviderServiceExtensions,GetService,System.IServiceProvider,Extension
aspnetcore:0016,aspnetcore,src/Components/Components/src/Routing/RouteTableFactory.cs,124,Microsoft.Extensions.DependencyInjection.ServiceProviderServiceExtensions,GetRequiredService,System.IServiceProvider,Extension
aspnetcore:0017,aspnetcore,src/Components/Endpoints/src/Builder/OpaqueRedirection.cs,45,Microsoft.Extensions.DependencyInjection.ServiceProviderServiceExtensions,GetRequiredService,System.IServiceProvider,Extension
aspnetcore:0019,aspnetcore,src/Components/Endpoints/src/Builder/OpaqueRedirection.cs,98,Microsoft.Extensions.DependencyInjection.ServiceProviderServiceExtensions,GetRequiredService,System.IServiceProvider,Extension
aspnetcore:0021,aspnetcore,src/Components/Endpoints/src/Builder/RazorComponentsEndpointRouteBuilderExtensions.cs,48,Microsoft.Extensions.DependencyInjection.ServiceProviderServiceExtensions,GetRequiredService,System.IServiceProvider,Extension
aspnetcore:0022,aspnetcore,src/Components/Endpoints/src/Builder/RazorComponentsEndpointRouteBuilderExtensions.cs,59,Microsoft.Extensions.DependencyInjection.ServiceProviderServiceExtensions,GetService,System.IServiceProvider,Extension
aspnetcore:0023,aspnetcore,src/Components/Endpoints/src/DependencyInjection/RazorComponentsServiceCollectionExtensions.cs,56,Microsoft.Extensions.DependencyInjection.ServiceProviderServiceExtensions,GetRequiredService,System.IServiceProvider,Extension
aspnetcore:0024,aspnetcore,src/Components/Endpoints/src/DependencyInjection/RazorComponentsServiceCollectionExtensions.cs,59,Microsoft.Extensions.DependencyInjection.ServiceProviderServiceExtensions,GetRequiredService,System.IServiceProvider,Extension
aspnetcore:0025,aspnetcore,src/Components/Endpoints/src/DependencyInjection/RazorComponentsServiceCollectionExtensions.cs,65,Microsoft.Extensions.DependencyInjection.ServiceProviderServiceExtensions,GetRequiredService,System.IServiceProvider,Extension
aspnetcore:0026,aspnetcore,src/Components/Endpoints/src/DependencyInjection/RazorComponentsServiceCollectionExtensions.cs,70,Microsoft.Extensions.DependencyInjection.ServiceProviderServiceExtensions,GetRequiredService,System.IServiceProvider,Extension
aspnetcore:0027,aspnetcore,src/Components/Endpoints/src/DependencyInjection/RazorComponentsServiceCollectionExtensions.cs,74,Microsoft.Extensions.DependencyInjection.ServiceProviderServiceExtensions,GetRequiredService,System.IServiceProvider,Extension
aspnetcore:0028,aspnetcore,src/Components/Endpoints/src/DependencyInjection/RazorComponentsServiceCollectionExtensions.cs,87,Microsoft.Extensions.DependencyInjection.ServiceProviderServiceExtensions,GetRequiredService,System.IServiceProvider,Extension
aspnetcore:0029,aspnetcore,src/Components/Endpoints/src/RazorComponentEndpointInvoker.cs,72,Microsoft.Extensions.DependencyInjection.ServiceProviderServiceExtensions,GetRequiredService,System.IServiceProvider,Extension
aspnetcore:0031,aspnetcore,src/Components/Endpoints/src/Rendering/EndpointHtmlRenderer.cs,61,Microsoft.Extensions.DependencyInjection.ServiceProviderServiceExtensions,GetRequiredService,System.IServiceProvider,Extension
aspnetcore:0032,aspnetcore,src/Components/Endpoints/src/Rendering/EndpointHtmlRenderer.cs,86,Microsoft.Extensions.DependencyInjection.ServiceProviderServiceExtensions,GetRequiredService,System.IServiceProvider,Extension
aspnetcore:0033,aspnetcore,src/Components/Endpoints/src/Rendering/EndpointHtmlRenderer.cs,94,Microsoft.Extensions.DependencyInjection.ServiceProviderServiceExtensions,GetService,System.IServiceProvider,Extension
aspnetcore:0036,aspnetcore,src/Components/Endpoints/src/Rendering/EndpointHtmlRenderer.cs,120,Microsoft.Extensions.DependencyInjection.ServiceProviderServiceExtensions,GetService,System.IServiceProvider,Extension
aspnetcore:0037,aspnetcore,src/Components/Endpoints/src/Rendering/EndpointHtmlRenderer.cs,127,Microsoft.Extensions.DependencyInjection.ServiceProviderServiceExtensions,GetRequiredService,System.IServiceProvider,Extension
aspnetcore:0039,aspnetcore,src/Components/Endpoints/src/Rendering/EndpointHtmlRenderer.cs,152,Microsoft.Extensions.DependencyInjection.ServiceProviderServiceExtensions,GetService,System.IServiceProvider,Extension
aspnetcore:0040,aspnetcore,src/Components/Endpoints/src/Rendering/EndpointHtmlRenderer.EventDispatch.cs,77,Microsoft.Extensions.DependencyInjection.ServiceProviderServiceExtensions,GetService,System.IServiceProvider,Extension
aspnetcore:0042,aspnetcore,src/Components/Endpoints/src/Rendering/EndpointHtmlRenderer.PrerenderingState.cs,23,Microsoft.Extensions.DependencyInjection.ServiceProviderServiceExtensions,GetRequiredService,System.IServiceProvider,Extension
aspnetcore:0043,aspnetcore,src/Components/Endpoints/src/Rendering/EndpointHtmlRenderer.PrerenderingState.cs,44,Microsoft.Extensions.DependencyInjection.ServiceProviderServiceExtensions,GetRequiredService,System.IServiceProvider,Extension
aspnetcore:0044,aspnetcore,src/Components/Endpoints/src/Rendering/EndpointHtmlRenderer.PrerenderingState.cs,65,Microsoft.Extensions.DependencyInjection.ServiceProviderServiceExtensions,GetRequiredService,System.IServiceProvider,Extension
aspnetcore:0047,aspnetcore,src/Components/Endpoints/src/Rendering/EndpointHtmlRenderer.Streaming.cs,208,Microsoft.Extensions.DependencyInjection.ServiceProviderServiceExtensions,GetRequiredService,System.IServiceProvider,Extension
aspnetcore:0048,aspnetcore,src/Components/Endpoints/src/Rendering/EndpointHtmlRenderer.Streaming.cs,209,Microsoft.Extensions.DependencyInjection.ServiceProviderServiceExtensions,GetRequiredService,System.IServiceProvider,Extension
aspnetcore:0049,aspnetcore,src/Components/Endpoints/src/Rendering/EndpointHtmlRenderer.Streaming.cs,289,Microsoft.Extensions.DependencyInjection.ServiceProviderServiceExtensions,GetRequiredService,System.IServiceProvider,Extension
aspnetcore:0050,aspnetcore,src/Components/Endpoints/src/Rendering/SSRRenderModeBoundary.cs,135,Microsoft.Extensions.DependencyInjection.ServiceProviderServiceExtensions,GetRequiredService,System.IServiceProvider,Extension
aspnetcore:0051,aspnetcore,src/Components/Endpoints/src/Rendering/SSRRenderModeBoundary.cs,200,Microsoft.Extensions.DependencyInjection.ServiceProviderServiceExtensions,GetRequiredService,System.IServiceProvider,Extension
aspnetcore:0052,aspnetcore,src/Components/Endpoints/src/Results/RazorComponentResultExecutor.cs,47,Microsoft.Extensions.DependencyInjection.ServiceProviderServiceExtensions,GetRequiredService,System.IServiceProvider,Extension
aspnetcore:0053,aspnetcore,src/Components/Forms/src/EditContextDataAnnotationsExtensions.cs,84,Microsoft.Extensions.DependencyInjection.ServiceProviderServiceExtensions,GetService,System.IServiceProvider,Extension
aspnetcore:0054,aspnetcore,src/Components/QuickGrid/Microsoft.AspNetCore.Components.QuickGrid/src/Infrastructure/AsyncQueryExecutorSupplier.cs,32,Microsoft.Extensions.DependencyInjection.ServiceProviderServiceExtensions,GetService,System.IServiceProvider,Extension
aspnetcore:0066,aspnetcore,src/Components/Server/src/Circuits/CircuitHost.cs,792,Microsoft.Extensions.DependencyInjection.ServiceProviderServiceExtensions,GetRequiredService,System.IServiceProvider,Extension
aspnetcore:0067,aspnetcore,src/Components/Server/src/Circuits/CircuitHost.cs,823,Microsoft.Extensions.DependencyInjection.ServiceProviderServiceExtensions,GetServices,System.IServiceProvider,Extension
aspnetcore:0068,aspnetcore,src/Components/Server/src/Circuits/CircuitPersistenceManager.cs,27,Microsoft.Extensions.DependencyInjection.ServiceProviderServiceExtensions,GetRequiredService,System.IServiceProvider,Extension
aspnetcore:0069,aspnetcore,src/Components/Server/src/Circuits/RevalidatingServerAuthenticationStateProvider.cs,97,Microsoft.Extensions.Logging.LoggerExtensions,LogError,Microsoft.Extensions.Logging.ILogger,Extension
aspnetcore:0070,aspnetcore,src/Components/Server/src/DependencyInjection/ComponentServiceCollectionExtensions.cs,79,Microsoft.Extensions.DependencyInjection.ServiceProviderServiceExtensions,GetRequiredService,System.IServiceProvider,Extension
aspnetcore:0071,aspnetcore,src/Components/Server/src/DependencyInjection/ComponentServiceCollectionExtensions.cs,88,Microsoft.Extensions.DependencyInjection.ServiceProviderServiceExtensions,GetRequiredService,System.IServiceProvider,Extension
aspnetcore:0073,aspnetcore,src/Components/Server/src/DependencyInjection/ComponentServiceCollectionExtensions.cs,96,Microsoft.Extensions.DependencyInjection.ServiceProviderServiceExtensions,GetRequiredService,System.IServiceProvider,Extension
aspnetcore:0074,aspnetcore,src/Components/Server/src/DependencyInjection/ComponentServiceCollectionExtensions.cs,97,Microsoft.Extensions.DependencyInjection.ServiceProviderServiceExtensions,GetRequiredService,System.IServiceProvider,Extension
aspnetcore:0075,aspnetcore,src/Components/Web/src/Forms/AntiforgeryToken.cs,23,Microsoft.Extensions.DependencyInjection.ServiceProviderServiceExtensions,GetService,System.IServiceProvider,Extension
aspnetcore:0076,aspnetcore,src/Components/Web/src/Forms/Mapping/SupplyParameterFromFormServiceCollectionExtensions.cs,24,Microsoft.Extensions.DependencyInjection.ServiceProviderServiceExtensions,GetRequiredService,System.IServiceProvider,Extension
aspnetcore:0077,aspnetcore,src/Components/Web/src/HtmlRendering/StaticHtmlRenderer.cs,34,Microsoft.Extensions.DependencyInjection.ServiceProviderServiceExtensions,GetService,System.IServiceProvider,Extension
aspnetcore:0078,aspnetcore,src/Components/Web/src/HtmlRendering/StaticHtmlRenderer.cs,35,Microsoft.Extensions.DependencyInjection.ServiceProviderServiceExtensions,GetService,System.IServiceProvider,Extension
aspnetcore:0079,aspnetcore,src/Components/Web/src/HtmlRendering/StaticHtmlRenderer.cs,36,Microsoft.Extensions.DependencyInjection.ServiceProviderServiceExtensions,GetService,System.IServiceProvider,Extension
aspnetcore:0080,aspnetcore,src/Components/Web/src/WebRenderer.cs,45,Microsoft.Extensions.DependencyInjection.ServiceProviderServiceExtensions,GetRequiredService,System.IServiceProvider,Extension
aspnetcore:0087,aspnetcore,src/Components/WebAssembly/WebAssembly.Authentication/src/WebAssemblyAuthenticationServiceCollectionExtensions.cs,69,Microsoft.Extensions.DependencyInjection.ServiceProviderServiceExtensions,GetRequiredService,System.IServiceProvider,Extension
aspnetcore:0088,aspnetcore,src/Components/WebAssembly/WebAssembly.Authentication/src/WebAssemblyAuthenticationServiceCollectionExtensions.cs,86,Microsoft.Extensions.DependencyInjection.ServiceProviderServiceExtensions,GetRequiredService,System.IServiceProvider,Extension
aspnetcore:0089,aspnetcore,src/Components/WebAssembly/WebAssembly/src/Hosting/WebAssemblyHost.cs,132,Microsoft.Extensions.DependencyInjection.ServiceProviderServiceExtensions,GetRequiredService,System.IServiceProvider,Extension
aspnetcore:0090,aspnetcore,src/Components/WebAssembly/WebAssembly/src/Hosting/WebAssemblyHost.cs,143,Microsoft.Extensions.DependencyInjection.ServiceProviderServiceExtensions,GetRequiredService,System.IServiceProvider,Extension
aspnetcore:0091,aspnetcore,src/Components/WebAssembly/WebAssembly/src/Hosting/WebAssemblyHost.cs,145,Microsoft.Extensions.DependencyInjection.ServiceProviderServiceExtensions,GetRequiredService,System.IServiceProvider,Extension
aspnetcore:0093,aspnetcore,src/Components/WebAssembly/WebAssembly/src/Hosting/WebAssemblyHostBuilder.cs,313,Microsoft.Extensions.DependencyInjection.ServiceProviderServiceExtensions,GetRequiredService,System.IServiceProvider,Extension
aspnetcore:0094,aspnetcore,src/Components/WebAssembly/WebAssembly/src/Hosting/WebAssemblyHostBuilder.cs,313,Microsoft.Extensions.DependencyInjection.ServiceProviderServiceExtensions,CreateAsyncScope,Microsoft.Extensions.DependencyInjection.IServiceScopeFactory,Extension
aspnetcore:0095,aspnetcore,src/Components/WebAssembly/WebAssembly/src/Hosting/WebAssemblyHostBuilder.cs,328,Microsoft.Extensions.DependencyInjection.ServiceProviderServiceExtensions,GetRequiredService,System.IServiceProvider,Extension
aspnetcore:0096,aspnetcore,src/Components/WebAssembly/WebAssembly/src/Rendering/WebAssemblyRenderer.cs,37,Microsoft.Extensions.DependencyInjection.ServiceProviderServiceExtensions,GetRequiredService,System.IServiceProvider,Extension
aspnetcore:0097,aspnetcore,src/Components/WebAssembly/WebAssembly/src/Rendering/WebAssemblyRenderer.cs,38,Microsoft.Extensions.DependencyInjection.ServiceProviderServiceExtensions,GetRequiredService,System.IServiceProvider,Extension
aspnetcore:0100,aspnetcore,src/Configuration.KeyPerFile/src/KeyPerFileConfigurationBuilderExtensions.cs,66,Microsoft.Extensions.Configuration.ConfigurationExtensions,Add,Microsoft.Extensions.Configuration.IConfigurationBuilder,Extension
aspnetcore:0101,aspnetcore,src/DataProtection/DataProtection/src/ActivatorExtensions.cs,38,Microsoft.Extensions.DependencyInjection.ServiceProviderServiceExtensions,GetService,System.IServiceProvider,Extension
aspnetcore:0103,aspnetcore,src/DataProtection/DataProtection/src/DataProtectionBuilderExtensions.cs,175,Microsoft.Extensions.DependencyInjection.ServiceProviderServiceExtensions,GetService,System.IServiceProvider,Extension
aspnetcore:0105,aspnetcore,src/DataProtection/DataProtection/src/DataProtectionBuilderExtensions.cs,222,Microsoft.Extensions.DependencyInjection.ServiceProviderServiceExtensions,GetService,System.IServiceProvider,Extension
aspnetcore:0110,aspnetcore,src/DataProtection/DataProtection/src/DataProtectionServiceCollectionExtensions.cs,85,Microsoft.Extensions.DependencyInjection.ServiceProviderServiceExtensions,GetRequiredService,System.IServiceProvider,Extension
aspnetcore:0111,aspnetcore,src/DataProtection/DataProtection/src/DataProtectionServiceCollectionExtensions.cs,86,Microsoft.Extensions.DependencyInjection.ServiceProviderServiceExtensions,GetRequiredService,System.IServiceProvider,Extension
aspnetcore:0112,aspnetcore,src/DataProtection/DataProtection/src/DataProtectionServiceCollectionExtensions.cs,87,Microsoft.Extensions.DependencyInjection.ServiceProviderServiceExtensions,GetService,System.IServiceProvider,Extension
aspnetcore:0113,aspnetcore,src/DataProtection/DataProtection/src/DataProtectionUtilityExtensions.cs,41,Microsoft.Extensions.DependencyInjection.ServiceProviderServiceExtensions,GetService,System.IServiceProvider,Extension
aspnetcore:0114,aspnetcore,src/DataProtection/DataProtection/src/KeyManagement/KeyEscrowServiceProviderExtensions.cs,20,Microsoft.Extensions.DependencyInjection.ServiceProviderServiceExtensions,GetService,System.IServiceProvider,Extension
aspnetcore:0115,aspnetcore,src/DataProtection/DataProtection/src/LoggingServiceProviderExtensions.cs,40,Microsoft.Extensions.DependencyInjection.ServiceProviderServiceExtensions,GetService,System.IServiceProvider,Extension
aspnetcore:0117,aspnetcore,src/DataProtection/DataProtection/src/TypeForwardingActivator.cs,44,Microsoft.Extensions.Logging.LoggerExtensions,LogDebug,Microsoft.Extensions.Logging.ILogger,Extension
aspnetcore:0118,aspnetcore,src/DataProtection/DataProtection/src/XmlEncryption/EncryptedXmlDecryptor.cs,39,Microsoft.Extensions.DependencyInjection.ServiceProviderServiceExtensions,GetService,System.IServiceProvider,Extension
aspnetcore:0119,aspnetcore,src/DataProtection/DataProtection/src/XmlEncryption/EncryptedXmlDecryptor.cs,40,Microsoft.Extensions.DependencyInjection.ServiceProviderServiceExtensions,GetService,System.IServiceProvider,Extension
aspnetcore:0120,aspnetcore,src/DefaultBuilder/src/WebApplication.cs,275,Microsoft.Extensions.DependencyInjection.ServiceProviderServiceExtensions,GetRequiredService,System.IServiceProvider,Extension
aspnetcore:0121,aspnetcore,src/DefaultBuilder/src/WebApplicationBuilder.cs,434,Microsoft.Extensions.DependencyInjection.ServiceProviderServiceExtensions,GetService,System.IServiceProvider,Extension
aspnetcore:0122,aspnetcore,src/HealthChecks/HealthChecks/src/DefaultHealthCheckService.cs,78,Microsoft.Extensions.DependencyInjection.ServiceProviderServiceExtensions,CreateAsyncScope,Microsoft.Extensions.DependencyInjection.IServiceScopeFactory,Extension
aspnetcore:0123,aspnetcore,src/Hosting/Abstractions/src/HostingAbstractionsWebHostBuilderExtensions.cs,26,Microsoft.Extensions.Configuration.ConfigurationExtensions,AsEnumerable,Microsoft.Extensions.Configuration.IConfiguration,Extension
aspnetcore:0124,aspnetcore,src/Hosting/Hosting/src/Http/DefaultHttpContextFactory.cs,32,Microsoft.Extensions.DependencyInjection.ServiceProviderServiceExtensions,GetService,System.IServiceProvider,Extension
aspnetcore:0125,aspnetcore,src/Hosting/Hosting/src/Http/DefaultHttpContextFactory.cs,33,Microsoft.Extensions.DependencyInjection.ServiceProviderServiceExtensions,GetRequiredService,System.IServiceProvider,Extension
aspnetcore:0126,aspnetcore,src/Hosting/Hosting/src/Http/DefaultHttpContextFactory.cs,34,Microsoft.Extensions.DependencyInjection.ServiceProviderServiceExtensions,GetRequiredService,System.IServiceProvider,Extension
aspnetcore:0127,aspnetcore,src/Hosting/Hosting/src/Internal/ConfigureBuilder.cs,26,Microsoft.Extensions.DependencyInjection.ServiceProviderServiceExtensions,CreateScope,System.IServiceProvider,Extension
aspnetcore:0128,aspnetcore,src/Hosting/Hosting/src/Internal/ConfigureBuilder.cs,42,Microsoft.Extensions.DependencyInjection.ServiceProviderServiceExtensions,GetRequiredService,System.IServiceProvider,Extension
aspnetcore:0129,aspnetcore,src/Hosting/Hosting/src/Internal/HostingLoggerExtensions.cs,40,Microsoft.Extensions.Logging.LoggerExtensions,LogCritical,Microsoft.Extensions.Logging.ILogger,Extension
aspnetcore:0130,aspnetcore,src/Hosting/Hosting/src/Internal/HostingLoggerExtensions.cs,50,Microsoft.Extensions.Logging.LoggerExtensions,LogWarning,Microsoft.Extensions.Logging.ILogger,Extension
aspnetcore:0131,aspnetcore,src/Hosting/Hosting/src/Internal/StartupLoader.cs,151,Microsoft.Extensions.DependencyInjection.ServiceProviderServiceExtensions,GetRequiredService,System.IServiceProvider,Extension
aspnetcore:0132,aspnetcore,src/Hosting/Hosting/src/Internal/StartupLoader.cs,159,Microsoft.Extensions.DependencyInjection.ServiceProviderServiceExtensions,GetRequiredService,System.IServiceProvider,Extension
aspnetcore:0133,aspnetcore,src/Hosting/Hosting/src/Internal/StartupLoader.cs,175,Microsoft.Extensions.DependencyInjection.ServiceProviderServiceExtensions,GetRequiredService,System.IServiceProvider,Extension
aspnetcore:0134,aspnetcore,src/Hosting/Hosting/src/Internal/StartupLoader.cs,219,Microsoft.Extensions.DependencyInjection.ServiceProviderServiceExtensions,GetRequiredService,System.IServiceProvider,Extension
aspnetcore:0135,aspnetcore,src/Hosting/Hosting/src/Internal/WebHost.cs,68,Microsoft.Extensions.DependencyInjection.ServiceProviderServiceExtensions,GetService,System.IServiceProvider,Extension
aspnetcore:0136,aspnetcore,src/Hosting/Hosting/src/Internal/WebHost.cs,71,Microsoft.Extensions.DependencyInjection.ServiceProviderServiceExtensions,GetService,System.IServiceProvider,Extension
aspnetcore:0137,aspnetcore,src/Hosting/Hosting/src/Internal/WebHost.cs,73,Microsoft.Extensions.DependencyInjection.ServiceProviderServiceExtensions,GetService,System.IServiceProvider,Extension
aspnetcore:0138,aspnetcore,src/Hosting/Hosting/src/Internal/WebHost.cs,130,Microsoft.Extensions.DependencyInjection.ServiceProviderServiceExtensions,GetRequiredService,System.IServiceProvider,Extension
aspnetcore:0139,aspnetcore,src/Hosting/Hosting/src/Internal/WebHost.cs,135,Microsoft.Extensions.DependencyInjection.ServiceProviderServiceExtensions,GetRequiredService,System.IServiceProvider,Extension
aspnetcore:0140,aspnetcore,src/Hosting/Hosting/src/Internal/WebHost.cs,136,Microsoft.Extensions.DependencyInjection.ServiceProviderServiceExtensions,GetRequiredService,System.IServiceProvider,Extension
aspnetcore:0141,aspnetcore,src/Hosting/Hosting/src/Internal/WebHost.cs,141,Microsoft.Extensions.DependencyInjection.ServiceProviderServiceExtensions,GetRequiredService,System.IServiceProvider,Extension
aspnetcore:0142,aspnetcore,src/Hosting/Hosting/src/Internal/WebHost.cs,142,Microsoft.Extensions.DependencyInjection.ServiceProviderServiceExtensions,GetRequiredService,System.IServiceProvider,Extension
aspnetcore:0143,aspnetcore,src/Hosting/Hosting/src/Internal/WebHost.cs,143,Microsoft.Extensions.DependencyInjection.ServiceProviderServiceExtensions,GetRequiredService,System.IServiceProvider,Extension
aspnetcore:0144,aspnetcore,src/Hosting/Hosting/src/Internal/WebHost.cs,144,Microsoft.Extensions.DependencyInjection.ServiceProviderServiceExtensions,GetRequiredService,System.IServiceProvider,Extension
aspnetcore:0145,aspnetcore,src/Hosting/Hosting/src/Internal/WebHost.cs,145,Microsoft.Extensions.DependencyInjection.ServiceProviderServiceExtensions,GetRequiredService,System.IServiceProvider,Extension
aspnetcore:0146,aspnetcore,src/Hosting/Hosting/src/Internal/WebHost.cs,190,Microsoft.Extensions.DependencyInjection.ServiceProviderServiceExtensions,GetService,System.IServiceProvider,Extension
aspnetcore:0147,aspnetcore,src/Hosting/Hosting/src/Internal/WebHost.cs,210,Microsoft.Extensions.DependencyInjection.ServiceProviderServiceExtensions,GetRequiredService,System.IServiceProvider,Extension
aspnetcore:0148,aspnetcore,src/Hosting/Hosting/src/Internal/WebHost.cs,214,Microsoft.Extensions.DependencyInjection.ServiceProviderServiceExtensions,GetService,System.IServiceProvider,Extension
aspnetcore:0149,aspnetcore,src/Hosting/Hosting/src/Internal/WebHost.cs,235,Microsoft.Extensions.DependencyInjection.ServiceProviderServiceExtensions,GetRequiredService,System.IServiceProvider,Extension
aspnetcore:0150,aspnetcore,src/Hosting/Hosting/src/Internal/WebHost.cs,246,Microsoft.Extensions.DependencyInjection.ServiceProviderServiceExtensions,GetRequiredService,System.IServiceProvider,Extension
aspnetcore:0151,aspnetcore,src/Hosting/Hosting/src/Internal/WebHost.cs,260,Microsoft.Extensions.DependencyInjection.ServiceProviderServiceExtensions,GetRequiredService,System.IServiceProvider,Extension
aspnetcore:0152,aspnetcore,src/Hosting/Hosting/src/WebHostBuilder.cs,176,Microsoft.Extensions.DependencyInjection.ServiceProviderServiceExtensions,GetService,System.IServiceProvider,Extension
aspnetcore:0153,aspnetcore,src/Hosting/Hosting/src/WebHostBuilder.cs,178,Microsoft.Extensions.DependencyInjection.ServiceProviderServiceExtensions,GetRequiredService,System.IServiceProvider,Extension
aspnetcore:0155,aspnetcore,src/Hosting/Hosting/src/WebHostBuilder.cs,289,Microsoft.Extensions.DependencyInjection.ServiceProviderServiceExtensions,GetRequiredService,System.IServiceProvider,Extension
aspnetcore:0156,aspnetcore,src/Hosting/Hosting/src/WebHostBuilder.cs,333,Microsoft.Extensions.DependencyInjection.ServiceProviderServiceExtensions,GetRequiredService,System.IServiceProvider,Extension
aspnetcore:0157,aspnetcore,src/Hosting/Hosting/src/WebHostBuilder.cs,356,Microsoft.Extensions.DependencyInjection.ServiceProviderServiceExtensions,GetService,System.IServiceProvider,Extension
aspnetcore:0158,aspnetcore,src/Hosting/Hosting/src/WebHostBuilder.cs,360,Microsoft.Extensions.DependencyInjection.ServiceProviderServiceExtensions,GetService,System.IServiceProvider,Extension
aspnetcore:0159,aspnetcore,src/Hosting/Hosting/src/WebHostBuilderExtensions.cs,49,Microsoft.Extensions.DependencyInjection.ServiceProviderServiceExtensions,GetRequiredService,System.IServiceProvider,Extension
aspnetcore:0161,aspnetcore,src/Hosting/Hosting/src/WebHostBuilderExtensions.cs,114,Microsoft.Extensions.DependencyInjection.ServiceProviderServiceExtensions,GetRequiredService,System.IServiceProvider,Extension
aspnetcore:0162,aspnetcore,src/Hosting/Hosting/src/WebHostBuilderExtensions.cs,158,Microsoft.Extensions.DependencyInjection.ServiceProviderServiceExtensions,GetRequiredService,System.IServiceProvider,Extension
aspnetcore:0163,aspnetcore,src/Hosting/Hosting/src/WebHostExtensions.cs,93,Microsoft.Extensions.DependencyInjection.ServiceProviderServiceExtensions,GetRequiredService,System.IServiceProvider,Extension
aspnetcore:0164,aspnetcore,src/Hosting/Hosting/src/WebHostExtensions.cs,114,Microsoft.Extensions.DependencyInjection.ServiceProviderServiceExtensions,GetService,System.IServiceProvider,Extension
aspnetcore:0165,aspnetcore,src/Hosting/Hosting/src/WebHostExtensions.cs,115,Microsoft.Extensions.DependencyInjection.ServiceProviderServiceExtensions,GetRequiredService,System.IServiceProvider,Extension
aspnetcore:0166,aspnetcore,src/Hosting/Hosting/src/WebHostExtensions.cs,154,Microsoft.Extensions.DependencyInjection.ServiceProviderServiceExtensions,GetRequiredService,System.IServiceProvider,Extension
aspnetcore:0224,aspnetcore,src/Hosting/TestHost/src/RequestBuilder.cs,75,System.Net.Http.HttpClient,SendAsync,System.Net.Http.HttpClient,NonVirtual
aspnetcore:0225,aspnetcore,src/Hosting/TestHost/src/RequestBuilder.cs,85,System.Net.Http.HttpClient,SendAsync,System.Net.Http.HttpClient,NonVirtual
aspnetcore:0226,aspnetcore,src/Hosting/TestHost/src/RequestBuilder.cs,95,System.Net.Http.HttpClient,SendAsync,System.Net.Http.HttpClient,NonVirtual
aspnetcore:0229,aspnetcore,src/Http/Authentication.Abstractions/src/AuthenticationHttpContextExtensions.cs,217,Microsoft.Extensions.DependencyInjection.ServiceProviderServiceExtensions,GetService,System.IServiceProvider,Extension
aspnetcore:0232,aspnetcore,src/Http/Http.Extensions/src/RequestDelegateFactory.cs,277,Microsoft.Extensions.DependencyInjection.ServiceProviderServiceExtensions,GetService,System.IServiceProvider,Extension
aspnetcore:0233,aspnetcore,src/Http/Http.Extensions/src/RequestDelegateFactory.cs,284,Microsoft.Extensions.DependencyInjection.ServiceProviderServiceExtensions,GetService,System.IServiceProvider,Extension
aspnetcore:0234,aspnetcore,src/Http/Http.Extensions/src/RequestDelegateFactory.cs,2837,Microsoft.Extensions.DependencyInjection.ServiceProviderServiceExtensions,GetRequiredService,System.IServiceProvider,Extension
aspnetcore:0235,aspnetcore,src/Http/Http.Results/src/Accepted.cs,64,Microsoft.Extensions.DependencyInjection.ServiceProviderServiceExtensions,GetRequiredService,System.IServiceProvider,Extension
aspnetcore:0236,aspnetcore,src/Http/Http.Results/src/AcceptedAtRoute.cs,81,Microsoft.Extensions.DependencyInjection.ServiceProviderServiceExtensions,GetRequiredService,System.IServiceProvider,Extension
aspnetcore:0237,aspnetcore,src/Http/Http.Results/src/AcceptedAtRoute.cs,94,Microsoft.Extensions.DependencyInjection.ServiceProviderServiceExtensions,GetRequiredService,System.IServiceProvider,Extension
aspnetcore:0238,aspnetcore,src/Http/Http.Results/src/AcceptedAtRouteOfT.cs,95,Microsoft.Extensions.DependencyInjection.ServiceProviderServiceExtensions,GetRequiredService,System.IServiceProvider,Extension
aspnetcore:0239,aspnetcore,src/Http/Http.Results/src/AcceptedAtRouteOfT.cs,108,Microsoft.Extensions.DependencyInjection.ServiceProviderServiceExtensions,GetRequiredService,System.IServiceProvider,Extension
aspnetcore:0240,aspnetcore,src/Http/Http.Results/src/AcceptedOfT.cs,85,Microsoft.Extensions.DependencyInjection.ServiceProviderServiceExtensions,GetRequiredService,System.IServiceProvider,Extension
aspnetcore:0241,aspnetcore,src/Http/Http.Results/src/BadRequest.cs,39,Microsoft.Extensions.DependencyInjection.ServiceProviderServiceExtensions,GetRequiredService,System.IServiceProvider,Extension
aspnetcore:0242,aspnetcore,src/Http/Http.Results/src/BadRequestOfT.cs,50,Microsoft.Extensions.DependencyInjection.ServiceProviderServiceExtensions,GetRequiredService,System.IServiceProvider,Extension
aspnetcore:0243,aspnetcore,src/Http/Http.Results/src/ChallengeHttpResult.cs,75,Microsoft.Extensions.DependencyInjection.ServiceProviderServiceExtensions,GetRequiredService,System.IServiceProvider,Extension
aspnetcore:0244,aspnetcore,src/Http/Http.Results/src/Conflict.cs,39,Microsoft.Extensions.DependencyInjection.ServiceProviderServiceExtensions,GetRequiredService,System.IServiceProvider,Extension
aspnetcore:0245,aspnetcore,src/Http/Http.Results/src/ConflictOfT.cs,50,Microsoft.Extensions.DependencyInjection.ServiceProviderServiceExtensions,GetRequiredService,System.IServiceProvider,Extension
aspnetcore:0246,aspnetcore,src/Http/Http.Results/src/ContentHttpResult.cs,63,Microsoft.Extensions.DependencyInjection.ServiceProviderServiceExtensions,GetRequiredService,System.IServiceProvider,Extension
aspnetcore:0247,aspnetcore,src/Http/Http.Results/src/Created.cs,64,Microsoft.Extensions.DependencyInjection.ServiceProviderServiceExtensions,GetRequiredService,System.IServiceProvider,Extension
aspnetcore:0248,aspnetcore,src/Http/Http.Results/src/CreatedAtRoute.cs,81,Microsoft.Extensions.DependencyInjection.ServiceProviderServiceExtensions,GetRequiredService,System.IServiceProvider,Extension
aspnetcore:0249,aspnetcore,src/Http/Http.Results/src/CreatedAtRoute.cs,94,Microsoft.Extensions.DependencyInjection.ServiceProviderServiceExtensions,GetRequiredService,System.IServiceProvider,Extension
aspnetcore:0250,aspnetcore,src/Http/Http.Results/src/CreatedAtRouteOfT.cs,95,Microsoft.Extensions.DependencyInjection.ServiceProviderServiceExtensions,GetRequiredService,System.IServiceProvider,Extension
aspnetcore:0251,aspnetcore,src/Http/Http.Results/src/CreatedAtRouteOfT.cs,108,Microsoft.Extensions.DependencyInjection.ServiceProviderServiceExtensions,GetRequiredService,System.IServiceProvider,Extension
aspnetcore:0252,aspnetcore,src/Http/Http.Results/src/CreatedOfT.cs,84,Microsoft.Extensions.DependencyInjection.ServiceProviderServiceExtensions,GetRequiredService,System.IServiceProvider,Extension
aspnetcore:0253,aspnetcore,src/Http/Http.Results/src/FileContentHttpResult.cs,112,Microsoft.Extensions.DependencyInjection.ServiceProviderServiceExtensions,GetRequiredService,System.IServiceProvider,Extension
aspnetcore:0254,aspnetcore,src/Http/Http.Results/src/FileStreamHttpResult.cs,118,Microsoft.Extensions.DependencyInjection.ServiceProviderServiceExtensions,GetRequiredService,System.IServiceProvider,Extension
aspnetcore:0255,aspnetcore,src/Http/Http.Results/src/ForbidHttpResult.cs,86,Microsoft.Extensions.DependencyInjection.ServiceProviderServiceExtensions,GetRequiredService,System.IServiceProvider,Extension
aspnetcore:0256,aspnetcore,src/Http/Http.Results/src/HttpResultsHelper.cs,153,Microsoft.Extensions.DependencyInjection.ServiceProviderServiceExtensions,GetService,System.IServiceProvider,Extension
aspnetcore:0257,aspnetcore,src/Http/Http.Results/src/InternalServerError.cs,39,Microsoft.Extensions.DependencyInjection.ServiceProviderServiceExtensions,GetRequiredService,System.IServiceProvider,Extension
aspnetcore:0258,aspnetcore,src/Http/Http.Results/src/InternalServerErrorOfT.cs,50,Microsoft.Extensions.DependencyInjection.ServiceProviderServiceExtensions,GetRequiredService,System.IServiceProvider,Extension
aspnetcore:0259,aspnetcore,src/Http/Http.Results/src/JsonHttpResultOfT.cs,97,Microsoft.Extensions.DependencyInjection.ServiceProviderServiceExtensions,GetRequiredService,System.IServiceProvider,Extension
aspnetcore:0260,aspnetcore,src/Http/Http.Results/src/NoContent.cs,38,Microsoft.Extensions.DependencyInjection.ServiceProviderServiceExtensions,GetRequiredService,System.IServiceProvider,Extension
aspnetcore:0261,aspnetcore,src/Http/Http.Results/src/NotFound.cs,38,Microsoft.Extensions.DependencyInjection.ServiceProviderServiceExtensions,GetRequiredService,System.IServiceProvider,Extension
aspnetcore:0262,aspnetcore,src/Http/Http.Results/src/NotFoundOfT.cs,49,Microsoft.Extensions.DependencyInjection.ServiceProviderServiceExtensions,GetRequiredService,System.IServiceProvider,Extension
aspnetcore:0263,aspnetcore,src/Http/Http.Results/src/Ok.cs,38,Microsoft.Extensions.DependencyInjection.ServiceProviderServiceExtensions,GetRequiredService,System.IServiceProvider,Extension
aspnetcore:0264,aspnetcore,src/Http/Http.Results/src/OkOfT.cs,49,Microsoft.Extensions.DependencyInjection.ServiceProviderServiceExtensions,GetRequiredService,System.IServiceProvider,Extension
aspnetcore:0265,aspnetcore,src/Http/Http.Results/src/PhysicalFileHttpResult.cs,122,Microsoft.Extensions.DependencyInjection.ServiceProviderServiceExtensions,GetRequiredService,System.IServiceProvider,Extension
aspnetcore:0266,aspnetcore,src/Http/Http.Results/src/ProblemHttpResult.cs,56,Microsoft.Extensions.DependencyInjection.ServiceProviderServiceExtensions,GetRequiredService,System.IServiceProvider,Extension
aspnetcore:0267,aspnetcore,src/Http/Http.Results/src/ProblemHttpResult.cs,58,Microsoft.Extensions.DependencyInjection.ServiceProviderServiceExtensions,GetService,System.IServiceProvider,Extension
aspnetcore:0268,aspnetcore,src/Http/Http.Results/src/PushStreamHttpResult.cs,106,Microsoft.Extensions.DependencyInjection.ServiceProviderServiceExtensions,GetRequiredService,System.IServiceProvider,Extension
aspnetcore:0269,aspnetcore,src/Http/Http.Results/src/RedirectHttpResult.cs,94,Microsoft.Extensions.DependencyInjection.ServiceProviderServiceExtensions,GetRequiredService,System.IServiceProvider,Extension
aspnetcore:0270,aspnetcore,src/Http/Http.Results/src/RedirectToRouteHttpResult.cs,161,Microsoft.Extensions.DependencyInjection.ServiceProviderServiceExtensions,GetRequiredService,System.IServiceProvider,Extension
aspnetcore:0271,aspnetcore,src/Http/Http.Results/src/RedirectToRouteHttpResult.cs,175,Microsoft.Extensions.DependencyInjection.ServiceProviderServiceExtensions,GetRequiredService,System.IServiceProvider,Extension
aspnetcore:0272,aspnetcore,src/Http/Http.Results/src/ServerSentEventsResult.cs,51,Microsoft.Extensions.DependencyInjection.ServiceProviderServiceExtensions,GetService,System.IServiceProvider,Extension
aspnetcore:0273,aspnetcore,src/Http/Http.Results/src/SignInHttpResult.cs,61,Microsoft.Extensions.DependencyInjection.ServiceProviderServiceExtensions,GetRequiredService,System.IServiceProvider,Extension
aspnetcore:0274,aspnetcore,src/Http/Http.Results/src/SignOutHttpResult.cs,75,Microsoft.Extensions.DependencyInjection.ServiceProviderServiceExtensions,GetRequiredService,System.IServiceProvider,Extension
aspnetcore:0275,aspnetcore,src/Http/Http.Results/src/StatusCodeHttpResult.cs,42,Microsoft.Extensions.DependencyInjection.ServiceProviderServiceExtensions,GetRequiredService,System.IServiceProvider,Extension
aspnetcore:0276,aspnetcore,src/Http/Http.Results/src/UnauthorizedHttpResult.cs,35,Microsoft.Extensions.DependencyInjection.ServiceProviderServiceExtensions,GetRequiredService,System.IServiceProvider,Extension
aspnetcore:0277,aspnetcore,src/Http/Http.Results/src/UnprocessableEntity.cs,39,Microsoft.Extensions.DependencyInjection.ServiceProviderServiceExtensions,GetRequiredService,System.IServiceProvider,Extension
aspnetcore:0278,aspnetcore,src/Http/Http.Results/src/UnprocessableEntityOfT.cs,50,Microsoft.Extensions.DependencyInjection.ServiceProviderServiceExtensions,GetRequiredService,System.IServiceProvider,Extension
aspnetcore:0280,aspnetcore,src/Http/Http.Results/src/ValidationProblem.cs,56,Microsoft.Extensions.DependencyInjection.ServiceProviderServiceExtensions,GetRequiredService,System.IServiceProvider,Extension
aspnetcore:0281,aspnetcore,src/Http/Http.Results/src/ValidationProblem.cs,58,Microsoft.Extensions.DependencyInjection.ServiceProviderServiceExtensions,GetService,System.IServiceProvider,Extension
aspnetcore:0282,aspnetcore,src/Http/Http.Results/src/VirtualFileHttpResult.cs,106,Microsoft.Extensions.DependencyInjection.ServiceProviderServiceExtensions,GetRequiredService,System.IServiceProvider,Extension
aspnetcore:0283,aspnetcore,src/Http/Http.Results/src/VirtualFileHttpResult.cs,117,Microsoft.Extensions.DependencyInjection.ServiceProviderServiceExtensions,GetRequiredService,System.IServiceProvider,Extension
aspnetcore:0284,aspnetcore,src/Http/Http/src/Internal/ResponseCookies.cs,54,Microsoft.Extensions.DependencyInjection.ServiceProviderServiceExtensions,GetService,System.IServiceProvider,Extension
aspnetcore:0287,aspnetcore,src/Http/Routing/src/Builder/EndpointRouteBuilderExtensions.cs,458,Microsoft.Extensions.DependencyInjection.ServiceProviderServiceExtensions,GetService,System.IServiceProvider,Extension
aspnetcore:0288,aspnetcore,src/Http/Routing/src/Builder/EndpointRoutingApplicationBuilderExtensions.cs,104,Microsoft.Extensions.DependencyInjection.ServiceProviderServiceExtensions,GetRequiredService,System.IServiceProvider,Extension
aspnetcore:0289,aspnetcore,src/Http/Routing/src/DefaultLinkGenerator.cs,184,Microsoft.Extensions.DependencyInjection.ServiceProviderServiceExtensions,GetRequiredService,System.IServiceProvider,Extension
aspnetcore:0291,aspnetcore,src/Http/Routing/src/DefaultLinkParser.cs,72,Microsoft.Extensions.DependencyInjection.ServiceProviderServiceExtensions,GetRequiredService,System.IServiceProvider,Extension
aspnetcore:0292,aspnetcore,src/Http/Routing/src/DependencyInjection/RoutingServiceCollectionExtensions.cs,53,Microsoft.Extensions.DependencyInjection.ServiceProviderServiceExtensions,GetRequiredService,System.IServiceProvider,Extension
aspnetcore:0296,aspnetcore,src/Http/Routing/src/Internal/DfaGraphWriter.cs,42,Microsoft.Extensions.DependencyInjection.ServiceProviderServiceExtensions,GetRequiredService,System.IServiceProvider,Extension
aspnetcore:0297,aspnetcore,src/Http/Routing/src/MapRouteRouteBuilderExtensions.cs,131,Microsoft.Extensions.DependencyInjection.ServiceProviderServiceExtensions,GetRequiredService,System.IServiceProvider,Extension
aspnetcore:0298,aspnetcore,src/Http/Routing/src/MapRouteRouteBuilderExtensions.cs,134,Microsoft.Extensions.DependencyInjection.ServiceProviderServiceExtensions,GetRequiredService,System.IServiceProvider,Extension
aspnetcore:0299,aspnetcore,src/Http/Routing/src/Matching/DfaMatcherFactory.cs,27,Microsoft.Extensions.DependencyInjection.ServiceProviderServiceExtensions,GetRequiredService,System.IServiceProvider,Extension
aspnetcore:0300,aspnetcore,src/Http/Routing/src/Matching/EndpointMetadataComparer.cs,37,Microsoft.Extensions.DependencyInjection.ServiceProviderServiceExtensions,GetServices,System.IServiceProvider,Extension
aspnetcore:0301,aspnetcore,src/Http/Routing/src/ParameterPolicyActivator.cs,222,Microsoft.Extensions.DependencyInjection.ServiceProviderServiceExtensions,GetRequiredService,System.IServiceProvider,Extension
aspnetcore:0302,aspnetcore,src/Http/Routing/src/RequestDelegateFilterPipelineBuilder.cs,22,Microsoft.Extensions.DependencyInjection.ServiceProviderServiceExtensions,GetService,System.IServiceProvider,Extension
aspnetcore:0303,aspnetcore,src/Http/Routing/src/RequestDelegateRouteBuilderExtensions.cs,299,Microsoft.Extensions.DependencyInjection.ServiceProviderServiceExtensions,GetRequiredService,System.IServiceProvider,Extension
aspnetcore:0304,aspnetcore,src/Http/Routing/src/RouteBase.cs,293,Microsoft.Extensions.DependencyInjection.ServiceProviderServiceExtensions,GetRequiredService,System.IServiceProvider,Extension
aspnetcore:0305,aspnetcore,src/Http/Routing/src/RouteBase.cs,318,Microsoft.Extensions.DependencyInjection.ServiceProviderServiceExtensions,GetRequiredService,System.IServiceProvider,Extension
aspnetcore:0306,aspnetcore,src/Http/Routing/src/RouteCollection.cs,195,Microsoft.Extensions.DependencyInjection.ServiceProviderServiceExtensions,GetRequiredService,System.IServiceProvider,Extension
aspnetcore:0307,aspnetcore,src/Http/Routing/src/RouteEndpointDataSource.cs,244,Microsoft.Extensions.DependencyInjection.ServiceProviderServiceExtensions,GetService,System.IServiceProvider,Extension
aspnetcore:0311,aspnetcore,src/HttpClientFactory/Polly/src/DependencyInjection/PollyServiceCollectionExtensions.cs,112,Microsoft.Extensions.DependencyInjection.ServiceProviderServiceExtensions,GetRequiredService,System.IServiceProvider,Extension
aspnetcore:0312,aspnetcore,src/HttpClientFactory/Polly/src/DependencyInjection/PollyServiceCollectionExtensions.cs,113,Microsoft.Extensions.DependencyInjection.ServiceProviderServiceExtensions,GetRequiredService,System.IServiceProvider,Extension
aspnetcore:0313,aspnetcore,src/HttpClientFactory/Polly/src/DependencyInjection/PollyServiceCollectionExtensions.cs,114,Microsoft.Extensions.DependencyInjection.ServiceProviderServiceExtensions,GetRequiredService,System.IServiceProvider,Extension
aspnetcore:0370,aspnetcore,src/Middleware/Diagnostics.EntityFrameworkCore/src/DatabaseDeveloperPageExceptionFilter.cs,59,Microsoft.Extensions.DependencyInjection.ServiceProviderServiceExtensions,GetServices,System.IServiceProvider,Extension
aspnetcore:0372,aspnetcore,src/Middleware/Diagnostics/src/ExceptionHandler/ExceptionHandlerExtensions.cs,109,Microsoft.Extensions.DependencyInjection.ServiceProviderServiceExtensions,GetService,System.IServiceProvider,Extension
aspnetcore:0373,aspnetcore,src/Middleware/Diagnostics/src/ExceptionHandler/ExceptionHandlerExtensions.cs,118,Microsoft.Extensions.DependencyInjection.ServiceProviderServiceExtensions,GetRequiredService,System.IServiceProvider,Extension
aspnetcore:0374,aspnetcore,src/Middleware/Diagnostics/src/ExceptionHandler/ExceptionHandlerExtensions.cs,119,Microsoft.Extensions.DependencyInjection.ServiceProviderServiceExtensions,GetRequiredService,System.IServiceProvider,Extension
aspnetcore:0375,aspnetcore,src/Middleware/Diagnostics/src/ExceptionHandler/ExceptionHandlerExtensions.cs,120,Microsoft.Extensions.DependencyInjection.ServiceProviderServiceExtensions,GetRequiredService,System.IServiceProvider,Extension
aspnetcore:0376,aspnetcore,src/Middleware/Diagnostics/src/ExceptionHandler/ExceptionHandlerExtensions.cs,121,Microsoft.Extensions.DependencyInjection.ServiceProviderServiceExtensions,GetRequiredService,System.IServiceProvider,Extension
aspnetcore:0377,aspnetcore,src/Middleware/Diagnostics/src/ExceptionHandler/ExceptionHandlerExtensions.cs,125,Microsoft.Extensions.DependencyInjection.ServiceProviderServiceExtensions,GetRequiredService,System.IServiceProvider,Extension
aspnetcore:0378,aspnetcore,src/Middleware/Diagnostics/src/ExceptionHandler/ExceptionHandlerMiddlewareImpl.cs,146,Microsoft.Extensions.DependencyInjection.ServiceProviderServiceExtensions,GetRequiredService,System.IServiceProvider,Extension
aspnetcore:0379,aspnetcore,src/Middleware/Diagnostics/src/ExceptionHandler/ExceptionHandlerMiddlewareImpl.cs,146,Microsoft.Extensions.DependencyInjection.ServiceProviderServiceExtensions,CreateAsyncScope,Microsoft.Extensions.DependencyInjection.IServiceScopeFactory,Extension
aspnetcore:0380,aspnetcore,src/Middleware/Diagnostics/src/StatusCodePage/StatusCodePagesExtensions.cs,227,Microsoft.Extensions.DependencyInjection.ServiceProviderServiceExtensions,GetRequiredService,System.IServiceProvider,Extension
aspnetcore:0381,aspnetcore,src/Middleware/Diagnostics/src/StatusCodePage/StatusCodePagesExtensions.cs,227,Microsoft.Extensions.DependencyInjection.ServiceProviderServiceExtensions,CreateAsyncScope,Microsoft.Extensions.DependencyInjection.IServiceScopeFactory,Extension
aspnetcore:0383,aspnetcore,src/Middleware/HeaderPropagation/src/DependencyInjection/HeaderPropagationApplicationBuilderExtensions.cs,31,Microsoft.Extensions.DependencyInjection.ServiceProviderServiceExtensions,GetService,System.IServiceProvider,Extension
aspnetcore:0384,aspnetcore,src/Middleware/HttpLogging/src/HttpLoggingBuilderExtensions.cs,48,Microsoft.Extensions.DependencyInjection.ServiceProviderServiceExtensions,GetService,System.IServiceProvider,Extension
aspnetcore:0385,aspnetcore,src/Middleware/HttpLogging/src/HttpLoggingBuilderExtensions.cs,60,Microsoft.Extensions.DependencyInjection.ServiceProviderServiceExtensions,GetService,System.IServiceProvider,Extension
aspnetcore:0386,aspnetcore,src/Middleware/HttpOverrides/src/ForwardedHeadersMiddleware.cs,142,Microsoft.Extensions.Logging.LoggerExtensions,LogWarning,Microsoft.Extensions.Logging.ILogger,Extension
aspnetcore:0387,aspnetcore,src/Middleware/HttpOverrides/src/ForwardedHeadersMiddleware.cs,156,Microsoft.Extensions.Logging.LoggerExtensions,LogWarning,Microsoft.Extensions.Logging.ILogger,Extension
aspnetcore:0388,aspnetcore,src/Middleware/HttpOverrides/src/ForwardedHeadersMiddleware.cs,171,Microsoft.Extensions.Logging.LoggerExtensions,LogWarning,Microsoft.Extensions.Logging.ILogger,Extension
aspnetcore:0395,aspnetcore,src/Middleware/OutputCaching/src/OutputCacheServiceCollectionExtensions.cs,33,Microsoft.Extensions.DependencyInjection.ServiceProviderServiceExtensions,GetRequiredService,System.IServiceProvider,Extension
aspnetcore:0396,aspnetcore,src/Middleware/OutputCaching/src/Policies/NamedPolicy.cs,72,Microsoft.Extensions.DependencyInjection.ServiceProviderServiceExtensions,GetRequiredService,System.IServiceProvider,Extension
aspnetcore:0397,aspnetcore,src/Middleware/OutputCaching/src/Policies/TypedPolicy.cs,33,Microsoft.Extensions.DependencyInjection.ServiceProviderServiceExtensions,GetRequiredService,System.IServiceProvider,Extension
aspnetcore:0398,aspnetcore,src/Middleware/RateLimiting/src/RateLimiterApplicationBuilderExtensions.cs,48,Microsoft.Extensions.DependencyInjection.ServiceProviderServiceExtensions,GetService,System.IServiceProvider,Extension
aspnetcore:0399,aspnetcore,src/Middleware/ResponseCompression/src/ResponseCompressionProvider.cs,71,Microsoft.Extensions.DependencyInjection.ServiceProviderServiceExtensions,GetRequiredService,System.IServiceProvider,Extension
aspnetcore:0400,aspnetcore,src/Middleware/Rewrite/src/RewriteBuilderExtensions.cs,54,Microsoft.Extensions.DependencyInjection.ServiceProviderServiceExtensions,GetRequiredService,System.IServiceProvider,Extension
aspnetcore:0401,aspnetcore,src/Middleware/Rewrite/src/RewriteBuilderExtensions.cs,57,Microsoft.Extensions.DependencyInjection.ServiceProviderServiceExtensions,GetRequiredService,System.IServiceProvider,Extension
aspnetcore:0402,aspnetcore,src/Middleware/Rewrite/src/RewriteBuilderExtensions.cs,58,Microsoft.Extensions.DependencyInjection.ServiceProviderServiceExtensions,GetRequiredService,System.IServiceProvider,Extension
aspnetcore:0414,aspnetcore,src/Middleware/Spa/SpaServices.Extensions/src/SpaApplicationBuilderExtensions.cs,34,Microsoft.Extensions.DependencyInjection.ServiceProviderServiceExtensions,GetService,System.IServiceProvider,Extension
aspnetcore:0416,aspnetcore,src/Middleware/Spa/SpaServices.Extensions/src/StaticFiles/SpaStaticFilesExtensions.cs,30,Microsoft.Extensions.DependencyInjection.ServiceProviderServiceExtensions,GetService,System.IServiceProvider,Extension
aspnetcore:0417,aspnetcore,src/Middleware/Spa/SpaServices.Extensions/src/StaticFiles/SpaStaticFilesExtensions.cs,110,Microsoft.Extensions.DependencyInjection.ServiceProviderServiceExtensions,GetService,System.IServiceProvider,Extension
aspnetcore:0419,aspnetcore,src/Mvc/Mvc.ApiExplorer/src/DependencyInjection/EndpointMethodInfoApiExplorerServiceCollectionExtensions.cs,26,Microsoft.Extensions.DependencyInjection.ServiceProviderServiceExtensions,GetRequiredService,System.IServiceProvider,Extension
aspnetcore:0420,aspnetcore,src/Mvc/Mvc.ApiExplorer/src/DependencyInjection/EndpointMethodInfoApiExplorerServiceCollectionExtensions.cs,27,Microsoft.Extensions.DependencyInjection.ServiceProviderServiceExtensions,GetServices,System.IServiceProvider,Extension
aspnetcore:0421,aspnetcore,src/Mvc/Mvc.ApiExplorer/src/DependencyInjection/EndpointMethodInfoApiExplorerServiceCollectionExtensions.cs,28,Microsoft.Extensions.DependencyInjection.ServiceProviderServiceExtensions,GetRequiredService,System.IServiceProvider,Extension
aspnetcore:0422,aspnetcore,src/Mvc/Mvc.ApiExplorer/src/DependencyInjection/MvcApiExplorerMvcCoreBuilderExtensions.cs,36,Microsoft.Extensions.DependencyInjection.ServiceProviderServiceExtensions,GetRequiredService,System.IServiceProvider,Extension
aspnetcore:0423,aspnetcore,src/Mvc/Mvc.ApiExplorer/src/DependencyInjection/MvcApiExplorerMvcCoreBuilderExtensions.cs,37,Microsoft.Extensions.DependencyInjection.ServiceProviderServiceExtensions,GetServices,System.IServiceProvider,Extension
aspnetcore:0424,aspnetcore,src/Mvc/Mvc.ApiExplorer/src/DependencyInjection/MvcApiExplorerMvcCoreBuilderExtensions.cs,38,Microsoft.Extensions.DependencyInjection.ServiceProviderServiceExtensions,GetRequiredService,System.IServiceProvider,Extension
aspnetcore:0427,aspnetcore,src/Mvc/Mvc.Core/src/ApplicationModels/ApiBehaviorApplicationModelProvider.cs,49,Microsoft.Extensions.DependencyInjection.ServiceProviderServiceExtensions,GetService,System.IServiceProvider,Extension
aspnetcore:0431,aspnetcore,src/Mvc/Mvc.Core/src/Builder/ControllerEndpointRouteBuilderExtensions.cs,518,Microsoft.Extensions.DependencyInjection.ServiceProviderServiceExtensions,GetService,System.IServiceProvider,Extension
aspnetcore:0432,aspnetcore,src/Mvc/Mvc.Core/src/Builder/ControllerEndpointRouteBuilderExtensions.cs,533,Microsoft.Extensions.DependencyInjection.ServiceProviderServiceExtensions,GetRequiredService,System.IServiceProvider,Extension
aspnetcore:0433,aspnetcore,src/Mvc/Mvc.Core/src/Builder/ControllerEndpointRouteBuilderExtensions.cs,534,Microsoft.Extensions.DependencyInjection.ServiceProviderServiceExtensions,GetRequiredService,System.IServiceProvider,Extension
aspnetcore:0448,aspnetcore,src/Mvc/Mvc.Core/src/DependencyInjection/MvcCoreServiceCollectionExtensions.cs,211,Microsoft.Extensions.DependencyInjection.ServiceProviderServiceExtensions,GetRequiredService,System.IServiceProvider,Extension
aspnetcore:0449,aspnetcore,src/Mvc/Mvc.Core/src/DependencyInjection/MvcCoreServiceCollectionExtensions.cs,217,Microsoft.Extensions.DependencyInjection.ServiceProviderServiceExtensions,GetRequiredService,System.IServiceProvider,Extension
aspnetcore:0450,aspnetcore,src/Mvc/Mvc.Core/src/DependencyInjection/MvcCoreServiceCollectionExtensions.cs,218,Microsoft.Extensions.DependencyInjection.ServiceProviderServiceExtensions,GetRequiredService,System.IServiceProvider,Extension
aspnetcore:0455,aspnetcore,src/Mvc/Mvc.Core/src/Filters/MiddlewareFilterBuilderStartupFilter.cs,18,Microsoft.Extensions.DependencyInjection.ServiceProviderServiceExtensions,GetRequiredService,System.IServiceProvider,Extension
aspnetcore:0488,aspnetcore,src/Mvc/Mvc.Core/src/ModelBinding/ModelBinderFactory.cs,45,Microsoft.Extensions.DependencyInjection.ServiceProviderServiceExtensions,GetRequiredService,System.IServiceProvider,Extension
aspnetcore:0548,aspnetcore,src/Mvc/Mvc.Testing/src/WebApplicationFactory.cs,594,Microsoft.Extensions.DependencyInjection.ServiceProviderServiceExtensions,GetService,System.IServiceProvider,Extension
aspnetcore:0549,aspnetcore,src/Mvc/Mvc.Testing/src/WebApplicationFactory.cs,815,System.Net.Http.HttpMessageInvoker,Dispose,System.Net.Http.HttpClient,NonVirtual
aspnetcore:0582,aspnetcore,src/OpenApi/src/Extensions/OpenApiEndpointConventionBuilderExtensions.cs,108,Microsoft.Extensions.DependencyInjection.ServiceProviderServiceExtensions,GetService,System.IServiceProvider,Extension
aspnetcore:0583,aspnetcore,src/OpenApi/src/Extensions/OpenApiEndpointConventionBuilderExtensions.cs,109,Microsoft.Extensions.DependencyInjection.ServiceProviderServiceExtensions,GetService,System.IServiceProvider,Extension
aspnetcore:0584,aspnetcore,src/OpenApi/src/Extensions/OpenApiEndpointRouteBuilderExtensions.cs,28,Microsoft.Extensions.DependencyInjection.ServiceProviderServiceExtensions,GetRequiredService,System.IServiceProvider,Extension
aspnetcore:0585,aspnetcore,src/OpenApi/src/Services/OpenApiDocumentProvider.cs,28,Microsoft.Extensions.DependencyInjection.ServiceProviderServiceExtensions,GetRequiredService,System.IServiceProvider,Extension
aspnetcore:0586,aspnetcore,src/OpenApi/src/Services/OpenApiDocumentProvider.cs,54,Microsoft.Extensions.DependencyInjection.ServiceProviderServiceExtensions,CreateScope,System.IServiceProvider,Extension
aspnetcore:0587,aspnetcore,src/OpenApi/src/Services/OpenApiDocumentProvider.cs,69,Microsoft.Extensions.DependencyInjection.ServiceProviderServiceExtensions,GetServices,System.IServiceProvider,Extension
aspnetcore:0590,aspnetcore,src/Security/Authentication/Core/src/AuthenticationMiddleware.cs,49,Microsoft.Extensions.DependencyInjection.ServiceProviderServiceExtensions,GetRequiredService,System.IServiceProvider,Extension
aspnetcore:0591,aspnetcore,src/Security/Authorization/Policy/src/AuthorizationMiddleware.cs,84,Microsoft.Extensions.DependencyInjection.ServiceProviderServiceExtensions,GetService,System.IServiceProvider,Extension
aspnetcore:0592,aspnetcore,src/Security/Authorization/Policy/src/AuthorizationMiddleware.cs,154,Microsoft.Extensions.DependencyInjection.ServiceProviderServiceExtensions,GetRequiredService,System.IServiceProvider,Extension
aspnetcore:0594,aspnetcore,src/Security/Authorization/Policy/src/AuthorizationMiddleware.cs,194,Microsoft.Extensions.DependencyInjection.ServiceProviderServiceExtensions,GetRequiredService,System.IServiceProvider,Extension
aspnetcore:0606,aspnetcore,src/Servers/IIS/IISIntegration/src/IISMiddleware.cs,105,Microsoft.Extensions.Logging.LoggerExtensions,LogError,Microsoft.Extensions.Logging.ILogger,Extension
aspnetcore:0607,aspnetcore,src/Servers/Kestrel/Core/src/Internal/ConnectionDispatcher.cs,74,Microsoft.Extensions.Logging.LoggerExtensions,LogCritical,Microsoft.Extensions.Logging.ILogger,Extension
aspnetcore:0612,aspnetcore,src/Servers/Kestrel/Core/src/Internal/Infrastructure/Heartbeat.cs,66,Microsoft.Extensions.Logging.LoggerExtensions,LogError,Microsoft.Extensions.Logging.ILogger,Extension
aspnetcore:0613,aspnetcore,src/Servers/Kestrel/Core/src/Internal/Infrastructure/KestrelConnection.cs,121,Microsoft.Extensions.Logging.LoggerExtensions,LogError,Microsoft.Extensions.Logging.ILogger,Extension
aspnetcore:0618,aspnetcore,src/Servers/Kestrel/Core/src/Internal/KestrelServerImpl.cs,350,Microsoft.Extensions.Logging.LoggerExtensions,LogDebug,Microsoft.Extensions.Logging.ILogger,Extension
aspnetcore:0623,aspnetcore,src/Servers/Kestrel/Core/src/KestrelServerOptions.cs,295,Microsoft.Extensions.DependencyInjection.ServiceProviderServiceExtensions,GetRequiredService,System.IServiceProvider,Extension
aspnetcore:0624,aspnetcore,src/Servers/Kestrel/Core/src/KestrelServerOptions.cs,317,Microsoft.Extensions.DependencyInjection.ServiceProviderServiceExtensions,GetRequiredService,System.IServiceProvider,Extension
aspnetcore:0625,aspnetcore,src/Servers/Kestrel/Core/src/KestrelServerOptions.cs,326,Microsoft.Extensions.DependencyInjection.ServiceProviderServiceExtensions,GetRequiredService,System.IServiceProvider,Extension
aspnetcore:0626,aspnetcore,src/Servers/Kestrel/Core/src/KestrelServerOptions.cs,330,Microsoft.Extensions.DependencyInjection.ServiceProviderServiceExtensions,GetRequiredService,System.IServiceProvider,Extension
aspnetcore:0627,aspnetcore,src/Servers/Kestrel/Core/src/KestrelServerOptions.cs,331,Microsoft.Extensions.DependencyInjection.ServiceProviderServiceExtensions,GetRequiredService,System.IServiceProvider,Extension
aspnetcore:0628,aspnetcore,src/Servers/Kestrel/Core/src/KestrelServerOptions.cs,332,Microsoft.Extensions.DependencyInjection.ServiceProviderServiceExtensions,GetRequiredService,System.IServiceProvider,Extension
aspnetcore:0629,aspnetcore,src/Servers/Kestrel/Core/src/KestrelServerOptions.cs,462,Microsoft.Extensions.DependencyInjection.ServiceProviderServiceExtensions,GetRequiredService,System.IServiceProvider,Extension
aspnetcore:0630,aspnetcore,src/Servers/Kestrel/Core/src/KestrelServerOptions.cs,465,Microsoft.Extensions.DependencyInjection.ServiceProviderServiceExtensions,GetRequiredService,System.IServiceProvider,Extension
aspnetcore:0631,aspnetcore,src/Servers/Kestrel/Core/src/KestrelServerOptions.cs,466,Microsoft.Extensions.DependencyInjection.ServiceProviderServiceExtensions,GetRequiredService,System.IServiceProvider,Extension
aspnetcore:0635,aspnetcore,src/Servers/Kestrel/Core/src/ListenOptionsHttpsExtensions.cs,194,Microsoft.Extensions.DependencyInjection.ServiceProviderServiceExtensions,GetRequiredService,System.IServiceProvider,Extension
aspnetcore:0636,aspnetcore,src/Servers/Kestrel/Core/src/ListenOptionsHttpsExtensions.cs,195,Microsoft.Extensions.DependencyInjection.ServiceProviderServiceExtensions,GetRequiredService,System.IServiceProvider,Extension
aspnetcore:0637,aspnetcore,src/Servers/Kestrel/Core/src/ListenOptionsHttpsExtensions.cs,257,Microsoft.Extensions.DependencyInjection.ServiceProviderServiceExtensions,GetRequiredService,System.IServiceProvider,Extension
aspnetcore:0638,aspnetcore,src/Servers/Kestrel/Core/src/ListenOptionsHttpsExtensions.cs,258,Microsoft.Extensions.DependencyInjection.ServiceProviderServiceExtensions,GetRequiredService,System.IServiceProvider,Extension
aspnetcore:0639,aspnetcore,src/Servers/Kestrel/Core/src/Middleware/Internal/LoggingStream.cs,224,Microsoft.Extensions.Logging.LoggerExtensions,LogDebug,Microsoft.Extensions.Logging.ILogger,Extension
aspnetcore:0641,aspnetcore,src/Servers/Kestrel/Kestrel/src/WebHostBuilderKestrelExtensions.cs,91,Microsoft.Extensions.DependencyInjection.ServiceProviderServiceExtensions,GetRequiredService,System.IServiceProvider,Extension
aspnetcore:0642,aspnetcore,src/Servers/Kestrel/Kestrel/src/WebHostBuilderKestrelExtensions.cs,92,Microsoft.Extensions.DependencyInjection.ServiceProviderServiceExtensions,GetRequiredService,System.IServiceProvider,Extension
aspnetcore:0657,aspnetcore,src/Shared/AsyncEnumerableExtensions.cs,21,Microsoft.Extensions.Logging.LoggerExtensions,LogDebug,Microsoft.Extensions.Logging.ILogger,Extension
aspnetcore:0661,aspnetcore,src/Shared/EventSource.Testing/TestCounterListener.cs,54,Microsoft.Extensions.Logging.LoggerExtensions,LogDebug,Microsoft.Extensions.Logging.ILogger,Extension
aspnetcore:0662,aspnetcore,src/Shared/EventSource.Testing/TestCounterListener.cs,58,Microsoft.Extensions.Logging.LoggerExtensions,LogDebug,Microsoft.Extensions.Logging.ILogger,Extension
aspnetcore:0666,aspnetcore,src/Shared/RangeHelper/RangeHelper.cs,43,Microsoft.Extensions.Logging.LoggerExtensions,LogTrace,Microsoft.Extensions.Logging.ILogger,Extension
aspnetcore:0667,aspnetcore,src/Shared/RangeHelper/RangeHelper.cs,50,Microsoft.Extensions.Logging.LoggerExtensions,LogDebug,Microsoft.Extensions.Logging.ILogger,Extension
aspnetcore:0668,aspnetcore,src/Shared/RangeHelper/RangeHelper.cs,61,Microsoft.Extensions.Logging.LoggerExtensions,LogDebug,Microsoft.Extensions.Logging.ILogger,Extension
aspnetcore:0670,aspnetcore,src/Shared/SignalR/InProcessTestServer.cs,114,Microsoft.Extensions.Logging.LoggerExtensions,LogInformation,Microsoft.Extensions.Logging.ILogger,Extension
aspnetcore:0671,aspnetcore,src/Shared/SignalR/InProcessTestServer.cs,126,Microsoft.Extensions.Logging.LoggerExtensions,LogInformation,Microsoft.Extensions.Logging.ILogger,Extension
aspnetcore:0672,aspnetcore,src/Shared/SignalR/InProcessTestServer.cs,134,Microsoft.Extensions.Logging.LoggerExtensions,LogInformation,Microsoft.Extensions.Logging.ILogger,Extension
aspnetcore:0673,aspnetcore,src/Shared/SignalR/InProcessTestServer.cs,162,Microsoft.Extensions.Logging.LoggerExtensions,LogInformation,Microsoft.Extensions.Logging.ILogger,Extension
aspnetcore:0674,aspnetcore,src/SignalR/clients/csharp/Client.Core/src/HubConnection.cs,249,Microsoft.Extensions.DependencyInjection.ServiceProviderServiceExtensions,GetService,System.IServiceProvider,Extension
aspnetcore:0675,aspnetcore,src/SignalR/clients/csharp/Client.Core/src/HubConnection.cs,252,Microsoft.Extensions.DependencyInjection.ServiceProviderServiceExtensions,GetService,System.IServiceProvider,Extension
aspnetcore:0676,aspnetcore,src/SignalR/clients/csharp/Client.Core/src/HubConnection.cs,2172,Microsoft.Extensions.DependencyInjection.ServiceProviderServiceExtensions,GetService,System.IServiceProvider,Extension
aspnetcore:0677,aspnetcore,src/SignalR/clients/csharp/Http.Connections.Client/src/HttpConnection.cs,290,System.Net.Http.HttpMessageInvoker,Dispose,System.Net.Http.HttpMessageInvoker,NonVirtual
aspnetcore:0678,aspnetcore,src/SignalR/clients/csharp/Http.Connections.Client/src/HttpConnection.cs,485,System.Net.Http.HttpClient,SendAsync,System.Net.Http.HttpClient,NonVirtual
aspnetcore:0679,aspnetcore,src/SignalR/clients/csharp/Http.Connections.Client/src/Internal/LongPollingTransport.cs,235,System.Net.Http.HttpClient,SendAsync,System.Net.Http.HttpClient,NonVirtual
aspnetcore:0680,aspnetcore,src/SignalR/clients/csharp/Http.Connections.Client/src/Internal/SendUtils.cs,51,System.Net.Http.HttpClient,SendAsync,System.Net.Http.HttpClient,NonVirtual
aspnetcore:0681,aspnetcore,src/SignalR/clients/csharp/Http.Connections.Client/src/Internal/ServerSentEventsTransport.cs,62,System.Net.Http.HttpClient,SendAsync,System.Net.Http.HttpClient,NonVirtual
aspnetcore:0682,aspnetcore,src/SignalR/common/Http.Connections/src/ConnectionEndpointRouteBuilderExtensions.cs,86,Microsoft.Extensions.DependencyInjection.ServiceProviderServiceExtensions,GetRequiredService,System.IServiceProvider,Extension
aspnetcore:0683,aspnetcore,src/SignalR/common/Http.Connections/src/Internal/HttpConnectionDispatcher.cs,764,Microsoft.Extensions.DependencyInjection.ServiceProviderServiceExtensions,CreateAsyncScope,System.IServiceProvider,Extension
aspnetcore:0688,aspnetcore,src/SignalR/server/Core/src/Internal/DefaultHubActivator.cs,27,Microsoft.Extensions.DependencyInjection.ServiceProviderServiceExtensions,GetService,System.IServiceProvider,Extension
aspnetcore:0689,aspnetcore,src/SignalR/server/Core/src/Internal/DefaultHubDispatcher.cs,85,Microsoft.Extensions.DependencyInjection.ServiceProviderServiceExtensions,CreateAsyncScope,Microsoft.Extensions.DependencyInjection.IServiceScopeFactory,Extension
aspnetcore:0690,aspnetcore,src/SignalR/server/Core/src/Internal/DefaultHubDispatcher.cs,87,Microsoft.Extensions.DependencyInjection.ServiceProviderServiceExtensions,GetRequiredService,System.IServiceProvider,Extension
aspnetcore:0691,aspnetcore,src/SignalR/server/Core/src/Internal/DefaultHubDispatcher.cs,121,Microsoft.Extensions.DependencyInjection.ServiceProviderServiceExtensions,CreateAsyncScope,Microsoft.Extensions.DependencyInjection.IServiceScopeFactory,Extension
aspnetcore:0692,aspnetcore,src/SignalR/server/Core/src/Internal/DefaultHubDispatcher.cs,123,Microsoft.Extensions.DependencyInjection.ServiceProviderServiceExtensions,GetRequiredService,System.IServiceProvider,Extension
aspnetcore:0693,aspnetcore,src/SignalR/server/Core/src/Internal/DefaultHubDispatcher.cs,325,Microsoft.Extensions.DependencyInjection.ServiceProviderServiceExtensions,CreateAsyncScope,Microsoft.Extensions.DependencyInjection.IServiceScopeFactory,Extension
aspnetcore:0694,aspnetcore,src/SignalR/server/Core/src/Internal/DefaultHubDispatcher.cs,330,Microsoft.Extensions.DependencyInjection.ServiceProviderServiceExtensions,GetRequiredService,System.IServiceProvider,Extension
aspnetcore:0695,aspnetcore,src/SignalR/server/Core/src/Internal/DefaultHubDispatcher.cs,678,Microsoft.Extensions.DependencyInjection.ServiceProviderServiceExtensions,GetRequiredService,System.IServiceProvider,Extension
aspnetcore:0696,aspnetcore,src/SignalR/server/Core/src/Internal/DefaultHubDispatcher.cs,679,Microsoft.Extensions.DependencyInjection.ServiceProviderServiceExtensions,GetRequiredService,System.IServiceProvider,Extension
aspnetcore:0697,aspnetcore,src/SignalR/server/Core/src/Internal/DefaultHubDispatcher.cs,775,Microsoft.Extensions.DependencyInjection.ServiceProviderServiceExtensions,GetService,System.IServiceProvider,Extension
aspnetcore:0698,aspnetcore,src/SignalR/server/Core/src/Internal/DefaultHubDispatcher.cs,834,Microsoft.Extensions.DependencyInjection.ServiceProviderServiceExtensions,GetService,System.IServiceProvider,Extension
aspnetcore:0699,aspnetcore,src/SignalR/server/Core/src/Internal/DefaultHubDispatcher.cs,860,Microsoft.Extensions.DependencyInjection.ServiceProviderServiceExtensions,GetService,System.IServiceProvider,Extension
aspnetcore:0700,aspnetcore,src/SignalR/server/Core/src/Internal/HubMethodDescriptor.cs,201,Microsoft.Extensions.DependencyInjection.ServiceProviderServiceExtensions,GetRequiredService,System.IServiceProvider,Extension
aspnetcore:0701,aspnetcore,src/SignalR/server/SignalR/src/HubEndpointRouteBuilderExtensions.cs,41,Microsoft.Extensions.DependencyInjection.ServiceProviderServiceExtensions,GetService,System.IServiceProvider,Extension
aspnetcore:0705,aspnetcore,src/StaticAssets/src/Development/StaticAssetDevelopmentRuntimeHandler.cs,210,Microsoft.Extensions.DependencyInjection.ServiceProviderServiceExtensions,GetRequiredService,System.IServiceProvider,Extension
aspnetcore:0708,aspnetcore,src/StaticAssets/src/Infrastructure/StaticAssetsEndpointDataSourceHelper.cs,59,Microsoft.Extensions.DependencyInjection.ServiceProviderServiceExtensions,GetRequiredService,System.IServiceProvider,Extension
aspnetcore:0711,aspnetcore,src/StaticAssets/src/StaticAssetsEndpointRouteBuilderExtensions.cs,30,Microsoft.Extensions.DependencyInjection.ServiceProviderServiceExtensions,GetRequiredService,System.IServiceProvider,Extension
aspnetcore:0717,aspnetcore,src/WebEncoders/src/EncoderServiceCollectionExtensions.cs,67,Microsoft.Extensions.DependencyInjection.ServiceProviderServiceExtensions,GetService,System.IServiceProvider,Extension
runtime:0001,runtime,src/libraries/Microsoft.Extensions.Hosting/src/HostBuilder.cs,308,Microsoft.Extensions.DependencyInjection.ServiceProviderServiceExtensions,GetRequiredService,System.IServiceProvider,Extension
roslyn:0001,roslyn,src/Compilers/Core/Rebuild/MetadataCompilationOptions.cs,27,Microsoft.Extensions.Logging.LoggerExtensions,LogInformation,Microsoft.Extensions.Logging.ILogger,Extension
roslyn:0005,roslyn,src/Workspaces/MSBuild/Core/MSBuild/BuildHostProcessManager.cs,480,Microsoft.Extensions.Logging.LoggerExtensions,LogTrace,Microsoft.Extensions.Logging.ILogger,Extension
roslyn:0006,roslyn,src/Workspaces/MSBuild/Core/MSBuild/BuildHostProcessManager.cs,499,Microsoft.Extensions.Logging.LoggerExtensions,LogTrace,Microsoft.Extensions.Logging.ILogger,Extension
roslyn:0007,roslyn,src/Workspaces/MSBuild/Core/MSBuild/BuildHostProcessManager.cs,506,Microsoft.Extensions.Logging.LoggerExtensions,LogTrace,Microsoft.Extensions.Logging.ILogger,Extension
