target_id,repo,file,line,containing_type,method,receiver_type,kind
eShop:0001,eShop,src/Basket.API/Repositories/RedisBasketRepository.cs,41,Microsoft.Extensions.Logging.LoggerExtensions,LogInformation,Microsoft.Extensions.Logging.ILogger,Extension
eShop:0002,eShop,src/Basket.API/Repositories/RedisBasketRepository.cs,46,Microsoft.Extensions.Logging.LoggerExtensions,LogInformation,Microsoft.Extensions.Logging.ILogger,Extension
eShop:0005,eShop,src/Ordering.API/Apis/OrdersApi.cs,108,Microsoft.Extensions.Logging.LoggerExtensions,LogInformation,Microsoft.Extensions.Logging.ILogger,Extension
eShop:0006,eShop,src/Ordering.API/Apis/OrdersApi.cs,126,Microsoft.Extensions.Logging.LoggerExtensions,LogInformation,Microsoft.Extensions.Logging.ILogger,Extension
eShop:0007,eShop,src/Ordering.API/Apis/OrdersApi.cs,134,Microsoft.Extensions.Logging.LoggerExtensions,LogWarning,Microsoft.Extensions.Logging.ILogger,Extension
eShop:0008,eShop,src/Ordering.API/Apis/OrdersApi.cs,148,Microsoft.Extensions.Logging.LoggerExtensions,LogInformation,Microsoft.Extensions.Logging.ILogger,Extension
eShop:0009,eShop,src/Ordering.API/Apis/OrdersApi.cs,159,Microsoft.Extensions.Logging.LoggerExtensions,LogInformation,Microsoft.Extensions.Logging.ILogger,Extension
eShop:0010,eShop,src/Ordering.API/Apis/OrdersApi.cs,163,Microsoft.Extensions.Logging.LoggerExtensions,LogWarning,Microsoft.Extensions.Logging.ILogger,Extension
eShop:0011,eShop,src/Ordering.API/Application/Behaviors/LoggingBehavior.cs,9,Microsoft.Extensions.Logging.LoggerExtensions,LogInformation,Microsoft.Extensions.Logging.ILogger,Extension
eShop:0012,eShop,src/Ordering.API/Application/Behaviors/TransactionBehavior.cs,59,Microsoft.Extensions.Logging.LoggerExtensions,LogError,Microsoft.Extensions.Logging.ILogger,Extension
eShop:0013,eShop,src/Ordering.API/Application/Behaviors/ValidatorBehavior.cs,18,Microsoft.Extensions.Logging.LoggerExtensions,LogInformation,Microsoft.Extensions.Logging.ILogger,Extension
eShop:0016,eShop,src/Ordering.API/Application/IntegrationEvents/EventHandling/GracePeriodConfirmedIntegrationEventHandler.cs,17,Microsoft.Extensions.Logging.LoggerExtensions,LogInformation,Microsoft.Extensions.Logging.ILogger,Extension
eShop:0017,eShop,src/Ordering.API/Application/IntegrationEvents/EventHandling/GracePeriodConfirmedIntegrationEventHandler.cs,21,Microsoft.Extensions.Logging.LoggerExtensions,LogInformation,Microsoft.Extensions.Logging.ILogger,Extension
eShop:0018,eShop,src/Ordering.API/Application/IntegrationEvents/EventHandling/OrderPaymentFailedIntegrationEventHandler.cs,14,Microsoft.Extensions.Logging.LoggerExtensions,LogInformation,Microsoft.Extensions.Logging.ILogger,Extension
eShop:0019,eShop,src/Ordering.API/Application/IntegrationEvents/EventHandling/OrderPaymentSucceededIntegrationEventHandler.cs,14,Microsoft.Extensions.Logging.LoggerExtensions,LogInformation,Microsoft.Extensions.Logging.ILogger,Extension
eShop:0020,eShop,src/Ordering.API/Application/IntegrationEvents/EventHandling/OrderStockConfirmedIntegrationEventHandler.cs,14,Microsoft.Extensions.Logging.LoggerExtensions,LogInformation,Microsoft.Extensions.Logging.ILogger,Extension
eShop:0021,eShop,src/Ordering.API/Application/IntegrationEvents/EventHandling/OrderStockRejectedIntegrationEventHandler.cs,17,Microsoft.Extensions.Logging.LoggerExtensions,LogInformation,Microsoft.Extensions.Logging.ILogger,Extension
eShop:0022,eShop,src/Ordering.API/Application/IntegrationEvents/OrderingIntegrationEventService.cs,19,Microsoft.Extensions.Logging.LoggerExtensions,LogInformation,Microsoft.Extensions.Logging.ILogger,Extension
eShop:0023,eShop,src/Ordering.API/Application/IntegrationEvents/OrderingIntegrationEventService.cs,29,Microsoft.Extensions.Logging.LoggerExtensions,LogError,Microsoft.Extensions.Logging.ILogger,Extension
eShop:0024,eShop,src/Ordering.API/Application/IntegrationEvents/OrderingIntegrationEventService.cs,38,Microsoft.Extensions.Logging.LoggerExtensions,LogInformation,Microsoft.Extensions.Logging.ILogger,Extension
eShop:0025,eShop,src/Ordering.API/Application/Validations/CancelOrderCommandValidator.cs,11,Microsoft.Extensions.Logging.LoggerExtensions,LogTrace,Microsoft.Extensions.Logging.ILogger,Extension
eShop:0026,eShop,src/Ordering.API/Application/Validations/CreateOrderCommandValidator.cs,20,Microsoft.Extensions.Logging.LoggerExtensions,LogTrace,Microsoft.Extensions.Logging.ILogger,Extension
eShop:0027,eShop,src/Ordering.API/Application/Validations/IdentifiedCommandValidator.cs,11,Microsoft.Extensions.Logging.LoggerExtensions,LogTrace,Microsoft.Extensions.Logging.ILogger,Extension
eShop:0028,eShop,src/Ordering.API/Application/Validations/ShipOrderCommandValidator.cs,11,Microsoft.Extensions.Logging.LoggerExtensions,LogTrace,Microsoft.Extensions.Logging.ILogger,Extension
eShop:0029,eShop,src/Shared/MigrateDbContextExtensions.cs,28,Microsoft.Extensions.DependencyInjection.ServiceProviderServiceExtensions,GetRequiredService,System.IServiceProvider,Extension
eShop:0030,eShop,src/Shared/MigrateDbContextExtensions.cs,33,Microsoft.Extensions.DependencyInjection.ServiceProviderServiceExtensions,CreateScope,System.IServiceProvider,Extension
eShop:0031,eShop,src/Shared/MigrateDbContextExtensions.cs,35,Microsoft.Extensions.DependencyInjection.ServiceProviderServiceExtensions,GetRequiredService,System.IServiceProvider,Extension
eShop:0032,eShop,src/Shared/MigrateDbContextExtensions.cs,36,Microsoft.Extensions.DependencyInjection.ServiceProviderServiceExtensions,GetRequiredService,System.IServiceProvider,Extension
eShop:0033,eShop,src/Shared/MigrateDbContextExtensions.cs,42,Microsoft.Extensions.Logging.LoggerExtensions,LogInformation,Microsoft.Extensions.Logging.ILogger,Extension
eShop:0034,eShop,src/Shared/MigrateDbContextExtensions.cs,50,Microsoft.Extensions.Logging.LoggerExtensions,LogError,Microsoft.Extensions.Logging.ILogger,Extension
garnet:0001,garnet,benchmark/BDN.benchmark/Embedded/GarnetServerEmbedded.cs,131,Microsoft.Extensions.Logging.LoggerExtensions,LogError,Microsoft.Extensions.Logging.ILogger,Extension
garnet:0002,garnet,libs/client/ClientSession/GarnetClientSession.cs,170,Microsoft.Extensions.Logging.LoggerExtensions,LogError,Microsoft.Extensions.Logging.ILogger,Extension
garnet:0003,garnet,libs/client/ClientSession/GarnetClientSession.cs,211,Microsoft.Extensions.Logging.LoggerExtensions,LogError,Microsoft.Extensions.Logging.ILogger,Extension
garnet:0004,garnet,libs/client/ClientSession/GarnetClientSession.cs,248,Microsoft.Extensions.Logging.LoggerExtensions,LogWarning,Microsoft.Extensions.Logging.ILogger,Extension
garnet:0005,garnet,libs/client/ClientSession/GarnetClientSession.cs,281,Microsoft.Extensions.Logging.LoggerExtensions,LogWarning,Microsoft.Extensions.Logging.ILogger,Extension
garnet:0006,garnet,libs/client/ClientSession/GarnetClientSession.cs,306,Microsoft.Extensions.Logging.LoggerExtensions,LogWarning,Microsoft.Extensions.Logging.ILogger,Extension
garnet:0007,garnet,libs/client/ClientSession/GarnetClientSession.cs,349,Microsoft.Extensions.Logging.LoggerExtensions,LogWarning,Microsoft.Extensions.Logging.ILogger,Extension
garnet:0008,garnet,libs/client/ClientSession/GarnetClientSession.cs,651,Microsoft.Extensions.Logging.LoggerExtensions,LogError,Microsoft.Extensions.Logging.ILogger,Extension
garnet:0009,garnet,libs/client/ClientSession/GarnetClientSessionIncremental.cs,193,Microsoft.Extensions.Logging.LoggerExtensions,LogTrace,Microsoft.Extensions.Logging.ILogger,Extension
garnet:0010,garnet,libs/client/GarnetClient.cs,228,Microsoft.Extensions.Logging.LoggerExtensions,LogError,Microsoft.Extensions.Logging.ILogger,Extension
garnet:0011,garnet,libs/client/GarnetClient.cs,260,Microsoft.Extensions.Logging.LoggerExtensions,LogError,Microsoft.Extensions.Logging.ILogger,Extension
garnet:0012,garnet,libs/client/GarnetClient.cs,298,Microsoft.Extensions.Logging.LoggerExtensions,LogWarning,Microsoft.Extensions.Logging.ILogger,Extension
garnet:0013,garnet,libs/client/GarnetClient.cs,331,Microsoft.Extensions.Logging.LoggerExtensions,LogWarning,Microsoft.Extensions.Logging.ILogger,Extension
garnet:0014,garnet,libs/client/GarnetClient.cs,355,Microsoft.Extensions.Logging.LoggerExtensions,LogWarning,Microsoft.Extensions.Logging.ILogger,Extension
garnet:0015,garnet,libs/client/GarnetClient.cs,398,Microsoft.Extensions.Logging.LoggerExtensions,LogWarning,Microsoft.Extensions.Logging.ILogger,Extension
garnet:0016,garnet,libs/client/GarnetClient.cs,545,Microsoft.Extensions.Logging.LoggerExtensions,LogDebug,Microsoft.Extensions.Logging.ILogger,Extension
garnet:0017,garnet,libs/client/NetworkWriter.cs,334,Microsoft.Extensions.Logging.LoggerExtensions,LogError,Microsoft.Extensions.Logging.ILogger,Extension
garnet:0018,garnet,libs/client/Utility.cs,58,Microsoft.Extensions.Logging.LoggerExtensions,LogInformation,Microsoft.Extensions.Logging.ILogger,Extension
garnet:0019,garnet,libs/cluster/Server/ClusterConfig.cs,1174,Microsoft.Extensions.Logging.LoggerExtensions,LogWarning,Microsoft.Extensions.Logging.ILogger,Extension
garnet:0020,garnet,libs/cluster/Server/ClusterConfig.cs,1508,Microsoft.Extensions.Logging.LoggerExtensions,LogWarning,Microsoft.Extensions.Logging.ILogger,Extension
garnet:0023,garnet,libs/cluster/Server/ClusterManager.cs,82,Microsoft.Extensions.Logging.LoggerExtensions,LogTrace,Microsoft.Extensions.Logging.ILogger,Extension
garnet:0024,garnet,libs/cluster/Server/ClusterManager.cs,88,Microsoft.Extensions.Logging.LoggerExtensions,LogInformation,Microsoft.Extensions.Logging.ILogger,Extension
garnet:0027,garnet,libs/cluster/Server/ClusterManager.cs,304,Microsoft.Extensions.Logging.LoggerExtensions,LogTrace,Microsoft.Extensions.Logging.ILogger,Extension
garnet:0028,garnet,libs/cluster/Server/ClusterManagerSlotState.cs,53,Microsoft.Extensions.Logging.LoggerExtensions,LogTrace,Microsoft.Extensions.Logging.ILogger,Extension
garnet:0029,garnet,libs/cluster/Server/ClusterManagerSlotState.cs,83,Microsoft.Extensions.Logging.LoggerExtensions,LogTrace,Microsoft.Extensions.Logging.ILogger,Extension
garnet:0030,garnet,libs/cluster/Server/ClusterManagerSlotState.cs,148,Microsoft.Extensions.Logging.LoggerExtensions,LogTrace,Microsoft.Extensions.Logging.ILogger,Extension
garnet:0031,garnet,libs/cluster/Server/ClusterManagerSlotState.cs,215,Microsoft.Extensions.Logging.LoggerExtensions,LogTrace,Microsoft.Extensions.Logging.ILogger,Extension
garnet:0032,garnet,libs/cluster/Server/ClusterManagerSlotState.cs,269,Microsoft.Extensions.Logging.LoggerExtensions,LogTrace,Microsoft.Extensions.Logging.ILogger,Extension
garnet:0033,garnet,libs/cluster/Server/ClusterManagerSlotState.cs,332,Microsoft.Extensions.Logging.LoggerExtensions,LogTrace,Microsoft.Extensions.Logging.ILogger,Extension
garnet:0034,garnet,libs/cluster/Server/ClusterManagerSlotState.cs,366,Microsoft.Extensions.Logging.LoggerExtensions,LogTrace,Microsoft.Extensions.Logging.ILogger,Extension
garnet:0035,garnet,libs/cluster/Server/ClusterManagerSlotState.cs,385,Microsoft.Extensions.Logging.LoggerExtensions,LogDebug,Microsoft.Extensions.Logging.ILogger,Extension
garnet:0036,garnet,libs/cluster/Server/ClusterManagerSlotState.cs,401,Microsoft.Extensions.Logging.LoggerExtensions,LogTrace,Microsoft.Extensions.Logging.ILogger,Extension
garnet:0037,garnet,libs/cluster/Server/ClusterManagerSlotState.cs,431,Microsoft.Extensions.Logging.LoggerExtensions,LogDebug,Microsoft.Extensions.Logging.ILogger,Extension
garnet:0038,garnet,libs/cluster/Server/ClusterManagerWorkerState.cs,169,Microsoft.Extensions.Logging.LoggerExtensions,LogError,Microsoft.Extensions.Logging.ILogger,Extension
garnet:0039,garnet,libs/cluster/Server/ClusterManagerWorkerState.cs,175,Microsoft.Extensions.Logging.LoggerExtensions,LogError,Microsoft.Extensions.Logging.ILogger,Extension
garnet:0040,garnet,libs/cluster/Server/ClusterManagerWorkerState.cs,183,Microsoft.Extensions.Logging.LoggerExtensions,LogError,Microsoft.Extensions.Logging.ILogger,Extension
garnet:0041,garnet,libs/cluster/Server/ClusterManagerWorkerState.cs,191,Microsoft.Extensions.Logging.LoggerExtensions,LogError,Microsoft.Extensions.Logging.ILogger,Extension
garnet:0042,garnet,libs/cluster/Server/ClusterManagerWorkerState.cs,197,Microsoft.Extensions.Logging.LoggerExtensions,LogError,Microsoft.Extensions.Logging.ILogger,Extension
garnet:0043,garnet,libs/cluster/Server/ClusterManagerWorkerState.cs,206,Microsoft.Extensions.Logging.LoggerExtensions,LogError,Microsoft.Extensions.Logging.ILogger,Extension
garnet:0044,garnet,libs/cluster/Server/ClusterUtils.cs,110,Microsoft.Extensions.Logging.LoggerExtensions,LogError,Microsoft.Extensions.Logging.ILogger,Extension
garnet:0045,garnet,libs/cluster/Server/Failover/PrimaryFailoverSession.cs,25,Microsoft.Extensions.Logging.LoggerExtensions,LogWarning,Microsoft.Extensions.Logging.ILogger,Extension
garnet:0046,garnet,libs/cluster/Server/Failover/PrimaryFailoverSession.cs,46,Microsoft.Extensions.Logging.LoggerExtensions,LogError,Microsoft.Extensions.Logging.ILogger,Extension
garnet:0047,garnet,libs/cluster/Server/Failover/PrimaryFailoverSession.cs,69,Microsoft.Extensions.Logging.LoggerExtensions,LogError,Microsoft.Extensions.Logging.ILogger,Extension
garnet:0048,garnet,libs/cluster/Server/Failover/PrimaryFailoverSession.cs,100,Microsoft.Extensions.Logging.LoggerExtensions,LogWarning,Microsoft.Extensions.Logging.ILogger,Extension
garnet:0049,garnet,libs/cluster/Server/Failover/PrimaryFailoverSession.cs,127,Microsoft.Extensions.Logging.LoggerExtensions,LogWarning,Microsoft.Extensions.Logging.ILogger,Extension
garnet:0050,garnet,libs/cluster/Server/Failover/ReplicaFailoverSession.cs,52,Microsoft.Extensions.Logging.LoggerExtensions,LogError,Microsoft.Extensions.Logging.ILogger,Extension
garnet:0051,garnet,libs/cluster/Server/Failover/ReplicaFailoverSession.cs,77,Microsoft.Extensions.Logging.LoggerExtensions,LogError,Microsoft.Extensions.Logging.ILogger,Extension
garnet:0052,garnet,libs/cluster/Server/Failover/ReplicaFailoverSession.cs,96,Microsoft.Extensions.Logging.LoggerExtensions,LogError,Microsoft.Extensions.Logging.ILogger,Extension
garnet:0053,garnet,libs/cluster/Server/Failover/ReplicaFailoverSession.cs,106,Microsoft.Extensions.Logging.LoggerExtensions,LogError,Microsoft.Extensions.Logging.ILogger,Extension
garnet:0054,garnet,libs/cluster/Server/Failover/ReplicaFailoverSession.cs,130,Microsoft.Extensions.Logging.LoggerExtensions,LogWarning,Microsoft.Extensions.Logging.ILogger,Extension
garnet:0055,garnet,libs/cluster/Server/Failover/ReplicaFailoverSession.cs,139,Microsoft.Extensions.Logging.LoggerExtensions,LogWarning,Microsoft.Extensions.Logging.ILogger,Extension
garnet:0056,garnet,libs/cluster/Server/Failover/ReplicaFailoverSession.cs,151,Microsoft.Extensions.Logging.LoggerExtensions,LogWarning,Microsoft.Extensions.Logging.ILogger,Extension
garnet:0057,garnet,libs/cluster/Server/Failover/ReplicaFailoverSession.cs,185,Microsoft.Extensions.Logging.LoggerExtensions,LogError,Microsoft.Extensions.Logging.ILogger,Extension
garnet:0058,garnet,libs/cluster/Server/Failover/ReplicaFailoverSession.cs,205,Microsoft.Extensions.Logging.LoggerExtensions,LogWarning,Microsoft.Extensions.Logging.ILogger,Extension
garnet:0059,garnet,libs/cluster/Server/Failover/ReplicaFailoverSession.cs,211,Microsoft.Extensions.Logging.LoggerExtensions,LogCritical,Microsoft.Extensions.Logging.ILogger,Extension
garnet:0060,garnet,libs/cluster/Server/Failover/ReplicaFailoverSession.cs,226,Microsoft.Extensions.Logging.LoggerExtensions,LogWarning,Microsoft.Extensions.Logging.ILogger,Extension
garnet:0061,garnet,libs/cluster/Server/Failover/ReplicaFailoverSession.cs,263,Microsoft.Extensions.Logging.LoggerExtensions,LogError,Microsoft.Extensions.Logging.ILogger,Extension
garnet:0062,garnet,libs/cluster/Server/Failover/ReplicaFailoverSession.cs,276,Microsoft.Extensions.Logging.LoggerExtensions,LogWarning,Microsoft.Extensions.Logging.ILogger,Extension
garnet:0063,garnet,libs/cluster/Server/Failover/ReplicaFailoverSession.cs,330,Microsoft.Extensions.Logging.LoggerExtensions,LogWarning,Microsoft.Extensions.Logging.ILogger,Extension
garnet:0064,garnet,libs/cluster/Server/Failover/ReplicaFailoverSession.cs,344,Microsoft.Extensions.Logging.LoggerExtensions,LogWarning,Microsoft.Extensions.Logging.ILogger,Extension
garnet:0065,garnet,libs/cluster/Server/Failover/ReplicaFailoverSession.cs,349,Microsoft.Extensions.Logging.LoggerExtensions,LogError,Microsoft.Extensions.Logging.ILogger,Extension
garnet:0066,garnet,libs/cluster/Server/Gossip/GarnetClusterConnectionStore.cs,87,Microsoft.Extensions.Logging.LoggerExtensions,LogError,Microsoft.Extensions.Logging.ILogger,Extension
garnet:0067,garnet,libs/cluster/Server/Gossip/GarnetClusterConnectionStore.cs,249,Microsoft.Extensions.Logging.LoggerExtensions,LogError,Microsoft.Extensions.Logging.ILogger,Extension
garnet:0068,garnet,libs/cluster/Server/Gossip/GarnetServerNode.cs,115,Microsoft.Extensions.Logging.LoggerExtensions,LogTrace,Microsoft.Extensions.Logging.ILogger,Extension
garnet:0069,garnet,libs/cluster/Server/Gossip/GarnetServerNode.cs,193,Microsoft.Extensions.Logging.LoggerExtensions,LogWarning,Microsoft.Extensions.Logging.ILogger,Extension
garnet:0070,garnet,libs/cluster/Server/Gossip/GarnetServerNode.cs,198,Microsoft.Extensions.Logging.LoggerExtensions,LogCritical,Microsoft.Extensions.Logging.ILogger,Extension
garnet:0071,garnet,libs/cluster/Server/Gossip/GarnetServerNode.cs,252,Microsoft.Extensions.Logging.LoggerExtensions,LogWarning,Microsoft.Extensions.Logging.ILogger,Extension
garnet:0072,garnet,libs/cluster/Server/Gossip/GarnetServerNode.cs,290,Microsoft.Extensions.Logging.LoggerExtensions,LogWarning,Microsoft.Extensions.Logging.ILogger,Extension
garnet:0073,garnet,libs/cluster/Server/Gossip/Gossip.cs,119,Microsoft.Extensions.Logging.LoggerExtensions,LogTrace,Microsoft.Extensions.Logging.ILogger,Extension
garnet:0074,garnet,libs/cluster/Server/Gossip/Gossip.cs,175,Microsoft.Extensions.Logging.LoggerExtensions,LogError,Microsoft.Extensions.Logging.ILogger,Extension
garnet:0075,garnet,libs/cluster/Server/Gossip/Gossip.cs,193,Microsoft.Extensions.Logging.LoggerExtensions,LogInformation,Microsoft.Extensions.Logging.ILogger,Extension
garnet:0076,garnet,libs/cluster/Server/Gossip/Gossip.cs,208,Microsoft.Extensions.Logging.LoggerExtensions,LogError,Microsoft.Extensions.Logging.ILogger,Extension
garnet:0077,garnet,libs/cluster/Server/Gossip/Gossip.cs,276,Microsoft.Extensions.Logging.LoggerExtensions,LogWarning,Microsoft.Extensions.Logging.ILogger,Extension
garnet:0078,garnet,libs/cluster/Server/Gossip/Gossip.cs,306,Microsoft.Extensions.Logging.LoggerExtensions,LogWarning,Microsoft.Extensions.Logging.ILogger,Extension
garnet:0079,garnet,libs/cluster/Server/Gossip/Gossip.cs,330,Microsoft.Extensions.Logging.LoggerExtensions,LogWarning,Microsoft.Extensions.Logging.ILogger,Extension
garnet:0080,garnet,libs/cluster/Server/Gossip/Gossip.cs,364,Microsoft.Extensions.Logging.LoggerExtensions,LogWarning,Microsoft.Extensions.Logging.ILogger,Extension
garnet:0081,garnet,libs/cluster/Server/Gossip/Gossip.cs,374,Microsoft.Extensions.Logging.LoggerExtensions,LogWarning,Microsoft.Extensions.Logging.ILogger,Extension
garnet:0082,garnet,libs/cluster/Server/Gossip/Gossip.cs,403,Microsoft.Extensions.Logging.LoggerExtensions,LogWarning,Microsoft.Extensions.Logging.ILogger,Extension
garnet:0083,garnet,libs/cluster/Server/Gossip/Gossip.cs,412,Microsoft.Extensions.Logging.LoggerExtensions,LogWarning,Microsoft.Extensions.Logging.ILogger,Extension
garnet:0084,garnet,libs/cluster/Server/Gossip/Gossip.cs,460,Microsoft.Extensions.Logging.LoggerExtensions,LogWarning,Microsoft.Extensions.Logging.ILogger,Extension
garnet:0085,garnet,libs/cluster/Server/Gossip/Gossip.cs,465,Microsoft.Extensions.Logging.LoggerExtensions,LogWarning,Microsoft.Extensions.Logging.ILogger,Extension
garnet:0086,garnet,libs/cluster/Server/Gossip/Gossip.cs,509,Microsoft.Extensions.Logging.LoggerExtensions,LogWarning,Microsoft.Extensions.Logging.ILogger,Extension
garnet:0087,garnet,libs/cluster/Server/Gossip/Gossip.cs,514,Microsoft.Extensions.Logging.LoggerExtensions,LogError,Microsoft.Extensions.Logging.ILogger,Extension
garnet:0088,garnet,libs/cluster/Server/Migration/MigrateOperation.cs,246,Microsoft.Extensions.Logging.LoggerExtensions,LogWarning,Microsoft.Extensions.Logging.ILogger,Extension
garnet:0089,garnet,libs/cluster/Server/Migration/MigrateOperation.cs,257,Microsoft.Extensions.Logging.LoggerExtensions,LogWarning,Microsoft.Extensions.Logging.ILogger,Extension
garnet:0090,garnet,libs/cluster/Server/Migration/MigrateOperation.cs,266,Microsoft.Extensions.Logging.LoggerExtensions,LogWarning,Microsoft.Extensions.Logging.ILogger,Extension
garnet:0091,garnet,libs/cluster/Server/Migration/MigrateOperation.cs,326,Microsoft.Extensions.Logging.LoggerExtensions,LogDebug,Microsoft.Extensions.Logging.ILogger,Extension
garnet:0092,garnet,libs/cluster/Server/Migration/MigrateSession.cs,206,Microsoft.Extensions.Logging.LoggerExtensions,LogError,Microsoft.Extensions.Logging.ILogger,Extension
garnet:0093,garnet,libs/cluster/Server/Migration/MigrateSession.cs,215,Microsoft.Extensions.Logging.LoggerExtensions,LogError,Microsoft.Extensions.Logging.ILogger,Extension
garnet:0094,garnet,libs/cluster/Server/Migration/MigrateSession.cs,267,Microsoft.Extensions.Logging.LoggerExtensions,LogError,Microsoft.Extensions.Logging.ILogger,Extension
garnet:0095,garnet,libs/cluster/Server/Migration/MigrateSessionCommonUtils.cs,94,Microsoft.Extensions.Logging.LoggerExtensions,LogCritical,Microsoft.Extensions.Logging.ILogger,Extension
garnet:0096,garnet,libs/cluster/Server/Migration/MigrateSessionCommonUtils.cs,105,Microsoft.Extensions.Logging.LoggerExtensions,LogError,Microsoft.Extensions.Logging.ILogger,Extension
garnet:0097,garnet,libs/cluster/Server/Migration/MigrateSessionCommonUtils.cs,150,Microsoft.Extensions.Logging.LoggerExtensions,LogCritical,Microsoft.Extensions.Logging.ILogger,Extension
garnet:0098,garnet,libs/cluster/Server/Migration/MigrateSessionCommonUtils.cs,174,Microsoft.Extensions.Logging.LoggerExtensions,LogError,Microsoft.Extensions.Logging.ILogger,Extension
garnet:0099,garnet,libs/cluster/Server/Migration/MigrateSessionCommonUtils.cs,183,Microsoft.Extensions.Logging.LoggerExtensions,LogError,Microsoft.Extensions.Logging.ILogger,Extension
garnet:0100,garnet,libs/cluster/Server/Migration/MigrateSessionKeys.cs,52,Microsoft.Extensions.Logging.LoggerExtensions,LogError,Microsoft.Extensions.Logging.ILogger,Extension
garnet:0101,garnet,libs/cluster/Server/Migration/MigrateSessionKeys.cs,59,Microsoft.Extensions.Logging.LoggerExtensions,LogError,Microsoft.Extensions.Logging.ILogger,Extension
garnet:0102,garnet,libs/cluster/Server/Migration/MigrateSessionKeys.cs,68,Microsoft.Extensions.Logging.LoggerExtensions,LogError,Microsoft.Extensions.Logging.ILogger,Extension
garnet:0103,garnet,libs/cluster/Server/Migration/MigrateSessionKeys.cs,116,Microsoft.Extensions.Logging.LoggerExtensions,LogCritical,Microsoft.Extensions.Logging.ILogger,Extension
garnet:0104,garnet,libs/cluster/Server/Migration/MigrateSessionKeys.cs,128,Microsoft.Extensions.Logging.LoggerExtensions,LogCritical,Microsoft.Extensions.Logging.ILogger,Extension
garnet:0105,garnet,libs/cluster/Server/Migration/MigrateSessionKeys.cs,164,Microsoft.Extensions.Logging.LoggerExtensions,LogError,Microsoft.Extensions.Logging.ILogger,Extension
garnet:0106,garnet,libs/cluster/Server/Migration/MigrateSessionKeys.cs,217,Microsoft.Extensions.Logging.LoggerExtensions,LogError,Microsoft.Extensions.Logging.ILogger,Extension
garnet:0107,garnet,libs/cluster/Server/Migration/MigrateSessionSlots.cs,62,Microsoft.Extensions.Logging.LoggerExtensions,LogError,Microsoft.Extensions.Logging.ILogger,Extension
garnet:0108,garnet,libs/cluster/Server/Migration/MigrateSessionSlots.cs,83,Microsoft.Extensions.Logging.LoggerExtensions,LogWarning,Microsoft.Extensions.Logging.ILogger,Extension
garnet:0109,garnet,libs/cluster/Server/Migration/MigrateSessionSlots.cs,93,Microsoft.Extensions.Logging.LoggerExtensions,LogWarning,Microsoft.Extensions.Logging.ILogger,Extension
garnet:0110,garnet,libs/cluster/Server/Migration/MigrateSessionSlots.cs,102,Microsoft.Extensions.Logging.LoggerExtensions,LogTrace,Microsoft.Extensions.Logging.ILogger,Extension
garnet:0111,garnet,libs/cluster/Server/Migration/MigrateSessionSlots.cs,117,Microsoft.Extensions.Logging.LoggerExtensions,LogWarning,Microsoft.Extensions.Logging.ILogger,Extension
garnet:0112,garnet,libs/cluster/Server/Migration/MigrateSessionSlots.cs,168,Microsoft.Extensions.Logging.LoggerExtensions,LogCritical,Microsoft.Extensions.Logging.ILogger,Extension
garnet:0113,garnet,libs/cluster/Server/Migration/MigrateSessionSlots.cs,196,Microsoft.Extensions.Logging.LoggerExtensions,LogCritical,Microsoft.Extensions.Logging.ILogger,Extension
garnet:0114,garnet,libs/cluster/Server/Migration/MigrateSessionSlots.cs,210,Microsoft.Extensions.Logging.LoggerExtensions,LogError,Microsoft.Extensions.Logging.ILogger,Extension
garnet:0115,garnet,libs/cluster/Server/Migration/MigrateSessionSlots.cs,234,Microsoft.Extensions.Logging.LoggerExtensions,LogWarning,Microsoft.Extensions.Logging.ILogger,Extension
garnet:0116,garnet,libs/cluster/Server/Migration/MigrateSessionSlots.cs,245,Microsoft.Extensions.Logging.LoggerExtensions,LogWarning,Microsoft.Extensions.Logging.ILogger,Extension
garnet:0117,garnet,libs/cluster/Server/Migration/MigrateSessionSlots.cs,255,Microsoft.Extensions.Logging.LoggerExtensions,LogWarning,Microsoft.Extensions.Logging.ILogger,Extension
garnet:0118,garnet,libs/cluster/Server/Migration/MigrateSessionTaskStore.cs,48,Microsoft.Extensions.Logging.LoggerExtensions,LogError,Microsoft.Extensions.Logging.ILogger,Extension
garnet:0119,garnet,libs/cluster/Server/Migration/MigrateSessionTaskStore.cs,126,Microsoft.Extensions.Logging.LoggerExtensions,LogError,Microsoft.Extensions.Logging.ILogger,Extension
garnet:0120,garnet,libs/cluster/Server/Migration/MigrateSessionTaskStore.cs,139,Microsoft.Extensions.Logging.LoggerExtensions,LogError,Microsoft.Extensions.Logging.ILogger,Extension
garnet:0121,garnet,libs/cluster/Server/Migration/MigrateSessionTaskStore.cs,177,Microsoft.Extensions.Logging.LoggerExtensions,LogError,Microsoft.Extensions.Logging.ILogger,Extension
garnet:0122,garnet,libs/cluster/Server/Migration/MigrateSessionTaskStore.cs,211,Microsoft.Extensions.Logging.LoggerExtensions,LogError,Microsoft.Extensions.Logging.ILogger,Extension
garnet:0123,garnet,libs/cluster/Server/Migration/MigrationDriver.cs,37,Microsoft.Extensions.Logging.LoggerExtensions,LogTrace,Microsoft.Extensions.Logging.ILogger,Extension
garnet:0124,garnet,libs/cluster/Server/Migration/MigrationDriver.cs,45,Microsoft.Extensions.Logging.LoggerExtensions,LogError,Microsoft.Extensions.Logging.ILogger,Extension
garnet:0125,garnet,libs/cluster/Server/Migration/MigrationDriver.cs,50,Microsoft.Extensions.Logging.LoggerExtensions,LogTrace,Microsoft.Extensions.Logging.ILogger,Extension
garnet:0126,garnet,libs/cluster/Server/Migration/MigrationDriver.cs,55,Microsoft.Extensions.Logging.LoggerExtensions,LogError,Microsoft.Extensions.Logging.ILogger,Extension
garnet:0127,garnet,libs/cluster/Server/Migration/MigrationDriver.cs,61,Microsoft.Extensions.Logging.LoggerExtensions,LogError,Microsoft.Extensions.Logging.ILogger,Extension
garnet:0128,garnet,libs/cluster/Server/Migration/MigrationDriver.cs,77,Microsoft.Extensions.Logging.LoggerExtensions,LogError,Microsoft.Extensions.Logging.ILogger,Extension
garnet:0129,garnet,libs/cluster/Server/Migration/MigrationDriver.cs,116,Microsoft.Extensions.Logging.LoggerExtensions,LogError,Microsoft.Extensions.Logging.ILogger,Extension
garnet:0130,garnet,libs/cluster/Server/Migration/MigrationDriver.cs,144,Microsoft.Extensions.Logging.LoggerExtensions,LogError,Microsoft.Extensions.Logging.ILogger,Extension
garnet:0131,garnet,libs/cluster/Server/Migration/MigrationDriver.cs,154,Microsoft.Extensions.Logging.LoggerExtensions,LogError,Microsoft.Extensions.Logging.ILogger,Extension
garnet:0132,garnet,libs/cluster/Server/Migration/MigrationDriver.cs,170,Microsoft.Extensions.Logging.LoggerExtensions,LogError,Microsoft.Extensions.Logging.ILogger,Extension
garnet:0133,garnet,libs/cluster/Server/Migration/MigrationDriver.cs,180,Microsoft.Extensions.Logging.LoggerExtensions,LogError,Microsoft.Extensions.Logging.ILogger,Extension
garnet:0134,garnet,libs/cluster/Server/Migration/MigrationDriver.cs,197,Microsoft.Extensions.Logging.LoggerExtensions,LogError,Microsoft.Extensions.Logging.ILogger,Extension
garnet:0135,garnet,libs/cluster/Server/Migration/MigrationDriver.cs,206,Microsoft.Extensions.Logging.LoggerExtensions,LogError,Microsoft.Extensions.Logging.ILogger,Extension
garnet:0136,garnet,libs/cluster/Server/Migration/MigrationDriver.cs,221,Microsoft.Extensions.Logging.LoggerExtensions,LogError,Microsoft.Extensions.Logging.ILogger,Extension
garnet:0144,garnet,libs/cluster/Server/Replication/CheckpointEntry.cs,17,Microsoft.Extensions.Logging.LoggerExtensions,Log,Microsoft.Extensions.Logging.ILogger,Extension
garnet:0145,garnet,libs/cluster/Server/Replication/CheckpointStore.cs,101,Microsoft.Extensions.Logging.LoggerExtensions,LogTrace,Microsoft.Extensions.Logging.ILogger,Extension
garnet:0146,garnet,libs/cluster/Server/Replication/CheckpointStore.cs,111,Microsoft.Extensions.Logging.LoggerExtensions,LogTrace,Microsoft.Extensions.Logging.ILogger,Extension
garnet:0147,garnet,libs/cluster/Server/Replication/CheckpointStore.cs,180,Microsoft.Extensions.Logging.LoggerExtensions,LogTrace,Microsoft.Extensions.Logging.ILogger,Extension
garnet:0148,garnet,libs/cluster/Server/Replication/CheckpointStore.cs,189,Microsoft.Extensions.Logging.LoggerExtensions,LogTrace,Microsoft.Extensions.Logging.ILogger,Extension
garnet:0149,garnet,libs/cluster/Server/Replication/GarnetClusterCheckpointManager.cs,88,Microsoft.Extensions.Logging.LoggerExtensions,LogError,Microsoft.Extensions.Logging.ILogger,Extension
garnet:0150,garnet,libs/cluster/Server/Replication/GarnetClusterCheckpointManager.cs,112,Microsoft.Extensions.Logging.LoggerExtensions,LogError,Microsoft.Extensions.Logging.ILogger,Extension
garnet:0151,garnet,libs/cluster/Server/Replication/PrimaryOps/AofSyncTaskInfo.cs,86,Microsoft.Extensions.Logging.LoggerExtensions,LogWarning,Microsoft.Extensions.Logging.ILogger,Extension
garnet:0152,garnet,libs/cluster/Server/Replication/PrimaryOps/AofSyncTaskInfo.cs,106,Microsoft.Extensions.Logging.LoggerExtensions,LogInformation,Microsoft.Extensions.Logging.ILogger,Extension
garnet:0153,garnet,libs/cluster/Server/Replication/PrimaryOps/AofSyncTaskInfo.cs,122,Microsoft.Extensions.Logging.LoggerExtensions,LogWarning,Microsoft.Extensions.Logging.ILogger,Extension
garnet:0154,garnet,libs/cluster/Server/Replication/PrimaryOps/AofSyncTaskInfo.cs,128,Microsoft.Extensions.Logging.LoggerExtensions,LogWarning,Microsoft.Extensions.Logging.ILogger,Extension
garnet:0155,garnet,libs/cluster/Server/Replication/PrimaryOps/AofSyncTaskInfo.cs,132,Microsoft.Extensions.Logging.LoggerExtensions,LogInformation,Microsoft.Extensions.Logging.ILogger,Extension
garnet:0156,garnet,libs/cluster/Server/Replication/PrimaryOps/AofTaskStore.cs,155,Microsoft.Extensions.Logging.LoggerExtensions,LogWarning,Microsoft.Extensions.Logging.ILogger,Extension
garnet:0157,garnet,libs/cluster/Server/Replication/PrimaryOps/AofTaskStore.cs,170,Microsoft.Extensions.Logging.LoggerExtensions,LogWarning,Microsoft.Extensions.Logging.ILogger,Extension
garnet:0158,garnet,libs/cluster/Server/Replication/PrimaryOps/AofTaskStore.cs,205,Microsoft.Extensions.Logging.LoggerExtensions,LogWarning,Microsoft.Extensions.Logging.ILogger,Extension
garnet:0159,garnet,libs/cluster/Server/Replication/PrimaryOps/AofTaskStore.cs,258,Microsoft.Extensions.Logging.LoggerExtensions,LogError,Microsoft.Extensions.Logging.ILogger,Extension
garnet:0160,garnet,libs/cluster/Server/Replication/PrimaryOps/AofTaskStore.cs,271,Microsoft.Extensions.Logging.LoggerExtensions,LogError,Microsoft.Extensions.Logging.ILogger,Extension
garnet:0161,garnet,libs/cluster/Server/Replication/PrimaryOps/DisklessReplication/ReplicaSyncSession.cs,163,Microsoft.Extensions.Logging.LoggerExtensions,LogError,Microsoft.Extensions.Logging.ILogger,Extension
garnet:0162,garnet,libs/cluster/Server/Replication/PrimaryOps/DisklessReplication/ReplicaSyncSession.cs,185,Microsoft.Extensions.Logging.LoggerExtensions,LogError,Microsoft.Extensions.Logging.ILogger,Extension
garnet:0163,garnet,libs/cluster/Server/Replication/PrimaryOps/DisklessReplication/ReplicaSyncSession.cs,203,Microsoft.Extensions.Logging.LoggerExtensions,LogError,Microsoft.Extensions.Logging.ILogger,Extension
garnet:0164,garnet,libs/cluster/Server/Replication/PrimaryOps/DisklessReplication/ReplicaSyncSession.cs,261,Microsoft.Extensions.Logging.LoggerExtensions,LogError,Microsoft.Extensions.Logging.ILogger,Extension
garnet:0165,garnet,libs/cluster/Server/Replication/PrimaryOps/DisklessReplication/ReplicaSyncSession.cs,281,Microsoft.Extensions.Logging.LoggerExtensions,LogError,Microsoft.Extensions.Logging.ILogger,Extension
garnet:0166,garnet,libs/cluster/Server/Replication/PrimaryOps/DisklessReplication/ReplicationSnapshotIterator.cs,75,Microsoft.Extensions.Logging.LoggerExtensions,LogError,Microsoft.Extensions.Logging.ILogger,Extension
garnet:0167,garnet,libs/cluster/Server/Replication/PrimaryOps/DisklessReplication/ReplicationSnapshotIterator.cs,92,Microsoft.Extensions.Logging.LoggerExtensions,LogTrace,Microsoft.Extensions.Logging.ILogger,Extension
garnet:0168,garnet,libs/cluster/Server/Replication/PrimaryOps/DisklessReplication/ReplicationSnapshotIterator.cs,102,Microsoft.Extensions.Logging.LoggerExtensions,LogTrace,Microsoft.Extensions.Logging.ILogger,Extension
garnet:0169,garnet,libs/cluster/Server/Replication/PrimaryOps/DisklessReplication/ReplicationSnapshotIterator.cs,111,Microsoft.Extensions.Logging.LoggerExtensions,LogError,Microsoft.Extensions.Logging.ILogger,Extension
garnet:0170,garnet,libs/cluster/Server/Replication/PrimaryOps/DisklessReplication/ReplicationSnapshotIterator.cs,146,Microsoft.Extensions.Logging.LoggerExtensions,LogTrace,Microsoft.Extensions.Logging.ILogger,Extension
garnet:0171,garnet,libs/cluster/Server/Replication/PrimaryOps/DisklessReplication/ReplicationSnapshotIterator.cs,156,Microsoft.Extensions.Logging.LoggerExtensions,LogError,Microsoft.Extensions.Logging.ILogger,Extension
garnet:0172,garnet,libs/cluster/Server/Replication/PrimaryOps/DisklessReplication/ReplicationSnapshotIterator.cs,198,Microsoft.Extensions.Logging.LoggerExtensions,LogTrace,Microsoft.Extensions.Logging.ILogger,Extension
garnet:0173,garnet,libs/cluster/Server/Replication/PrimaryOps/DisklessReplication/ReplicationSnapshotIterator.cs,222,Microsoft.Extensions.Logging.LoggerExtensions,LogError,Microsoft.Extensions.Logging.ILogger,Extension
garnet:0174,garnet,libs/cluster/Server/Replication/PrimaryOps/DisklessReplication/ReplicationSnapshotIterator.cs,244,Microsoft.Extensions.Logging.LoggerExtensions,LogError,Microsoft.Extensions.Logging.ILogger,Extension
garnet:0175,garnet,libs/cluster/Server/Replication/PrimaryOps/DisklessReplication/ReplicationSyncManager.cs,202,Microsoft.Extensions.Logging.LoggerExtensions,LogError,Microsoft.Extensions.Logging.ILogger,Extension
garnet:0176,garnet,libs/cluster/Server/Replication/PrimaryOps/DisklessReplication/ReplicationSyncManager.cs,338,Microsoft.Extensions.Logging.LoggerExtensions,LogError,Microsoft.Extensions.Logging.ILogger,Extension
garnet:0177,garnet,libs/cluster/Server/Replication/PrimaryOps/PrimarySync.cs,29,Microsoft.Extensions.Logging.LoggerExtensions,LogError,Microsoft.Extensions.Logging.ILogger,Extension
garnet:0178,garnet,libs/cluster/Server/Replication/PrimaryOps/PrimarySync.cs,78,Microsoft.Extensions.Logging.LoggerExtensions,LogError,Microsoft.Extensions.Logging.ILogger,Extension
garnet:0179,garnet,libs/cluster/Server/Replication/PrimaryOps/PrimarySync.cs,91,Microsoft.Extensions.Logging.LoggerExtensions,LogError,Microsoft.Extensions.Logging.ILogger,Extension
garnet:0180,garnet,libs/cluster/Server/Replication/PrimaryOps/ReplicaSyncSession.cs,112,Microsoft.Extensions.Logging.LoggerExtensions,LogError,Microsoft.Extensions.Logging.ILogger,Extension
garnet:0181,garnet,libs/cluster/Server/Replication/PrimaryOps/ReplicaSyncSession.cs,129,Microsoft.Extensions.Logging.LoggerExtensions,LogInformation,Microsoft.Extensions.Logging.ILogger,Extension
garnet:0182,garnet,libs/cluster/Server/Replication/PrimaryOps/ReplicaSyncSession.cs,132,Microsoft.Extensions.Logging.LoggerExtensions,LogInformation,Microsoft.Extensions.Logging.ILogger,Extension
garnet:0183,garnet,libs/cluster/Server/Replication/PrimaryOps/ReplicaSyncSession.cs,134,Microsoft.Extensions.Logging.LoggerExtensions,LogInformation,Microsoft.Extensions.Logging.ILogger,Extension
garnet:0184,garnet,libs/cluster/Server/Replication/PrimaryOps/ReplicaSyncSession.cs,147,Microsoft.Extensions.Logging.LoggerExtensions,LogError,Microsoft.Extensions.Logging.ILogger,Extension
garnet:0185,garnet,libs/cluster/Server/Replication/PrimaryOps/ReplicaSyncSession.cs,156,Microsoft.Extensions.Logging.LoggerExtensions,LogInformation,Microsoft.Extensions.Logging.ILogger,Extension
garnet:0186,garnet,libs/cluster/Server/Replication/PrimaryOps/ReplicaSyncSession.cs,182,Microsoft.Extensions.Logging.LoggerExtensions,LogInformation,Microsoft.Extensions.Logging.ILogger,Extension
garnet:0187,garnet,libs/cluster/Server/Replication/PrimaryOps/ReplicaSyncSession.cs,232,Microsoft.Extensions.Logging.LoggerExtensions,LogInformation,Microsoft.Extensions.Logging.ILogger,Extension
garnet:0188,garnet,libs/cluster/Server/Replication/PrimaryOps/ReplicaSyncSession.cs,243,Microsoft.Extensions.Logging.LoggerExtensions,LogCritical,Microsoft.Extensions.Logging.ILogger,Extension
garnet:0189,garnet,libs/cluster/Server/Replication/PrimaryOps/ReplicaSyncSession.cs,258,Microsoft.Extensions.Logging.LoggerExtensions,LogInformation,Microsoft.Extensions.Logging.ILogger,Extension
garnet:0190,garnet,libs/cluster/Server/Replication/PrimaryOps/ReplicaSyncSession.cs,275,Microsoft.Extensions.Logging.LoggerExtensions,LogInformation,Microsoft.Extensions.Logging.ILogger,Extension
garnet:0191,garnet,libs/cluster/Server/Replication/PrimaryOps/ReplicaSyncSession.cs,301,Microsoft.Extensions.Logging.LoggerExtensions,LogError,Microsoft.Extensions.Logging.ILogger,Extension
garnet:0192,garnet,libs/cluster/Server/Replication/PrimaryOps/ReplicaSyncSession.cs,310,Microsoft.Extensions.Logging.LoggerExtensions,LogWarning,Microsoft.Extensions.Logging.ILogger,Extension
garnet:0193,garnet,libs/cluster/Server/Replication/PrimaryOps/ReplicaSyncSession.cs,332,Microsoft.Extensions.Logging.LoggerExtensions,LogError,Microsoft.Extensions.Logging.ILogger,Extension
garnet:0194,garnet,libs/cluster/Server/Replication/PrimaryOps/ReplicaSyncSession.cs,361,Microsoft.Extensions.Logging.LoggerExtensions,LogInformation,Microsoft.Extensions.Logging.ILogger,Extension
garnet:0195,garnet,libs/cluster/Server/Replication/PrimaryOps/ReplicaSyncSession.cs,380,Microsoft.Extensions.Logging.LoggerExtensions,LogWarning,Microsoft.Extensions.Logging.ILogger,Extension
garnet:0196,garnet,libs/cluster/Server/Replication/PrimaryOps/ReplicaSyncSession.cs,404,Microsoft.Extensions.Logging.LoggerExtensions,LogWarning,Microsoft.Extensions.Logging.ILogger,Extension
garnet:0197,garnet,libs/cluster/Server/Replication/PrimaryOps/ReplicaSyncSession.cs,410,Microsoft.Extensions.Logging.LoggerExtensions,LogInformation,Microsoft.Extensions.Logging.ILogger,Extension
garnet:0198,garnet,libs/cluster/Server/Replication/PrimaryOps/ReplicaSyncSession.cs,439,Microsoft.Extensions.Logging.LoggerExtensions,LogInformation,Microsoft.Extensions.Logging.ILogger,Extension
garnet:0199,garnet,libs/cluster/Server/Replication/PrimaryOps/ReplicaSyncSession.cs,459,Microsoft.Extensions.Logging.LoggerExtensions,LogError,Microsoft.Extensions.Logging.ILogger,Extension
garnet:0200,garnet,libs/cluster/Server/Replication/PrimaryOps/ReplicaSyncSession.cs,463,Microsoft.Extensions.Logging.LoggerExtensions,LogInformation,Microsoft.Extensions.Logging.ILogger,Extension
garnet:0201,garnet,libs/cluster/Server/Replication/PrimaryOps/ReplicaSyncSession.cs,468,Microsoft.Extensions.Logging.LoggerExtensions,LogError,Microsoft.Extensions.Logging.ILogger,Extension
garnet:0202,garnet,libs/cluster/Server/Replication/PrimaryOps/ReplicaSyncSession.cs,486,Microsoft.Extensions.Logging.LoggerExtensions,LogInformation,Microsoft.Extensions.Logging.ILogger,Extension
garnet:0203,garnet,libs/cluster/Server/Replication/PrimaryOps/ReplicaSyncSession.cs,499,Microsoft.Extensions.Logging.LoggerExtensions,LogError,Microsoft.Extensions.Logging.ILogger,Extension
garnet:0204,garnet,libs/cluster/Server/Replication/PrimaryOps/ReplicaSyncSession.cs,510,Microsoft.Extensions.Logging.LoggerExtensions,LogError,Microsoft.Extensions.Logging.ILogger,Extension
garnet:0205,garnet,libs/cluster/Server/Replication/PrimaryOps/ReplicaSyncSession.cs,518,Microsoft.Extensions.Logging.LoggerExtensions,LogInformation,Microsoft.Extensions.Logging.ILogger,Extension
garnet:0206,garnet,libs/cluster/Server/Replication/PrimaryOps/ReplicaSyncSession.cs,545,Microsoft.Extensions.Logging.LoggerExtensions,LogError,Microsoft.Extensions.Logging.ILogger,Extension
garnet:0207,garnet,libs/cluster/Server/Replication/PrimaryOps/ReplicaSyncSession.cs,556,Microsoft.Extensions.Logging.LoggerExtensions,LogError,Microsoft.Extensions.Logging.ILogger,Extension
garnet:0208,garnet,libs/cluster/Server/Replication/PrimaryOps/ReplicaSyncSession.cs,600,Microsoft.Extensions.Logging.LoggerExtensions,LogError,Microsoft.Extensions.Logging.ILogger,Extension
garnet:0209,garnet,libs/cluster/Server/Replication/PrimaryOps/ReplicaSyncSessionTaskStore.cs,92,Microsoft.Extensions.Logging.LoggerExtensions,LogError,Microsoft.Extensions.Logging.ILogger,Extension
garnet:0210,garnet,libs/cluster/Server/Replication/PrimaryOps/ReplicaSyncSessionTaskStore.cs,103,Microsoft.Extensions.Logging.LoggerExtensions,LogError,Microsoft.Extensions.Logging.ILogger,Extension
garnet:0211,garnet,libs/cluster/Server/Replication/PrimaryOps/ReplicaSyncSessionTaskStore.cs,146,Microsoft.Extensions.Logging.LoggerExtensions,LogError,Microsoft.Extensions.Logging.ILogger,Extension
garnet:0212,garnet,libs/cluster/Server/Replication/PrimaryOps/ReplicationPrimaryAofSync.cs,58,Microsoft.Extensions.Logging.LoggerExtensions,LogError,Microsoft.Extensions.Logging.ILogger,Extension
garnet:0213,garnet,libs/cluster/Server/Replication/PrimaryOps/ReplicationPrimaryAofSync.cs,69,Microsoft.Extensions.Logging.LoggerExtensions,LogError,Microsoft.Extensions.Logging.ILogger,Extension
garnet:0214,garnet,libs/cluster/Server/Replication/PrimaryOps/ReplicationPrimaryAofSync.cs,79,Microsoft.Extensions.Logging.LoggerExtensions,LogWarning,Microsoft.Extensions.Logging.ILogger,Extension
garnet:0215,garnet,libs/cluster/Server/Replication/PrimaryOps/ReplicationPrimaryAofSync.cs,84,Microsoft.Extensions.Logging.LoggerExtensions,LogError,Microsoft.Extensions.Logging.ILogger,Extension
garnet:0216,garnet,libs/cluster/Server/Replication/ReplicaOps/ReceiveCheckpointHandler.cs,124,Microsoft.Extensions.Logging.LoggerExtensions,LogError,Microsoft.Extensions.Logging.ILogger,Extension
garnet:0217,garnet,libs/cluster/Server/Replication/ReplicaOps/ReceiveCheckpointHandler.cs,133,Microsoft.Extensions.Logging.LoggerExtensions,LogError,Microsoft.Extensions.Logging.ILogger,Extension
garnet:0218,garnet,libs/cluster/Server/Replication/ReplicaOps/ReplicaDisklessSync.cs,32,Microsoft.Extensions.Logging.LoggerExtensions,LogTrace,Microsoft.Extensions.Logging.ILogger,Extension
garnet:0219,garnet,libs/cluster/Server/Replication/ReplicaOps/ReplicaDisklessSync.cs,62,Microsoft.Extensions.Logging.LoggerExtensions,LogError,Microsoft.Extensions.Logging.ILogger,Extension
garnet:0220,garnet,libs/cluster/Server/Replication/ReplicaOps/ReplicaDisklessSync.cs,116,Microsoft.Extensions.Logging.LoggerExtensions,LogError,Microsoft.Extensions.Logging.ILogger,Extension
garnet:0221,garnet,libs/cluster/Server/Replication/ReplicaOps/ReplicaDisklessSync.cs,154,Microsoft.Extensions.Logging.LoggerExtensions,LogError,Microsoft.Extensions.Logging.ILogger,Extension
garnet:0222,garnet,libs/cluster/Server/Replication/ReplicaOps/ReplicaDisklessSync.cs,211,Microsoft.Extensions.Logging.LoggerExtensions,LogInformation,Microsoft.Extensions.Logging.ILogger,Extension
garnet:0223,garnet,libs/cluster/Server/Replication/ReplicaOps/ReplicaDisklessSync.cs,227,Microsoft.Extensions.Logging.LoggerExtensions,LogError,Microsoft.Extensions.Logging.ILogger,Extension
garnet:0224,garnet,libs/cluster/Server/Replication/ReplicaOps/ReplicaReceiveCheckpoint.cs,38,Microsoft.Extensions.Logging.LoggerExtensions,LogTrace,Microsoft.Extensions.Logging.ILogger,Extension
garnet:0225,garnet,libs/cluster/Server/Replication/ReplicaOps/ReplicaReceiveCheckpoint.cs,58,Microsoft.Extensions.Logging.LoggerExtensions,LogInformation,Microsoft.Extensions.Logging.ILogger,Extension
garnet:0226,garnet,libs/cluster/Server/Replication/ReplicaOps/ReplicaReceiveCheckpoint.cs,63,Microsoft.Extensions.Logging.LoggerExtensions,LogInformation,Microsoft.Extensions.Logging.ILogger,Extension
garnet:0227,garnet,libs/cluster/Server/Replication/ReplicaOps/ReplicaReceiveCheckpoint.cs,76,Microsoft.Extensions.Logging.LoggerExtensions,LogError,Microsoft.Extensions.Logging.ILogger,Extension
garnet:0228,garnet,libs/cluster/Server/Replication/ReplicaOps/ReplicaReceiveCheckpoint.cs,100,Microsoft.Extensions.Logging.LoggerExtensions,LogError,Microsoft.Extensions.Logging.ILogger,Extension
garnet:0229,garnet,libs/cluster/Server/Replication/ReplicaOps/ReplicaReceiveCheckpoint.cs,154,Microsoft.Extensions.Logging.LoggerExtensions,LogInformation,Microsoft.Extensions.Logging.ILogger,Extension
garnet:0230,garnet,libs/cluster/Server/Replication/ReplicaOps/ReplicaReceiveCheckpoint.cs,175,Microsoft.Extensions.Logging.LoggerExtensions,LogError,Microsoft.Extensions.Logging.ILogger,Extension
garnet:0231,garnet,libs/cluster/Server/Replication/ReplicaOps/ReplicaReceiveCheckpoint.cs,330,Microsoft.Extensions.Logging.LoggerExtensions,LogInformation,Microsoft.Extensions.Logging.ILogger,Extension
garnet:0232,garnet,libs/cluster/Server/Replication/ReplicaOps/ReplicaReceiveCheckpoint.cs,347,Microsoft.Extensions.Logging.LoggerExtensions,LogInformation,Microsoft.Extensions.Logging.ILogger,Extension
garnet:0233,garnet,libs/cluster/Server/Replication/ReplicaOps/ReplicaReceiveCheckpoint.cs,351,Microsoft.Extensions.Logging.LoggerExtensions,LogInformation,Microsoft.Extensions.Logging.ILogger,Extension
garnet:0234,garnet,libs/cluster/Server/Replication/ReplicaOps/ReplicaReceiveCheckpoint.cs,359,Microsoft.Extensions.Logging.LoggerExtensions,LogInformation,Microsoft.Extensions.Logging.ILogger,Extension
garnet:0235,garnet,libs/cluster/Server/Replication/ReplicaOps/ReplicaReceiveCheckpoint.cs,377,Microsoft.Extensions.Logging.LoggerExtensions,LogInformation,Microsoft.Extensions.Logging.ILogger,Extension
garnet:0236,garnet,libs/cluster/Server/Replication/ReplicaOps/ReplicaReceiveCheckpoint.cs,379,Microsoft.Extensions.Logging.LoggerExtensions,LogWarning,Microsoft.Extensions.Logging.ILogger,Extension
garnet:0237,garnet,libs/cluster/Server/Replication/ReplicaOps/ReplicaReceiveCheckpoint.cs,382,Microsoft.Extensions.Logging.LoggerExtensions,LogInformation,Microsoft.Extensions.Logging.ILogger,Extension
garnet:0238,garnet,libs/cluster/Server/Replication/ReplicaOps/ReplicaReceiveCheckpoint.cs,393,Microsoft.Extensions.Logging.LoggerExtensions,LogError,Microsoft.Extensions.Logging.ILogger,Extension
garnet:0239,garnet,libs/cluster/Server/Replication/ReplicaOps/ReplicaReplayTask.cs,109,Microsoft.Extensions.Logging.LoggerExtensions,LogError,Microsoft.Extensions.Logging.ILogger,Extension
garnet:0240,garnet,libs/cluster/Server/Replication/ReplicaOps/ReplicaReplayTask.cs,128,Microsoft.Extensions.Logging.LoggerExtensions,LogWarning,Microsoft.Extensions.Logging.ILogger,Extension
garnet:0241,garnet,libs/cluster/Server/Replication/ReplicaOps/ReplicationReplicaAofSync.cs,49,Microsoft.Extensions.Logging.LoggerExtensions,LogError,Microsoft.Extensions.Logging.ILogger,Extension
garnet:0242,garnet,libs/cluster/Server/Replication/ReplicaOps/ReplicationReplicaAofSync.cs,55,Microsoft.Extensions.Logging.LoggerExtensions,LogWarning,Microsoft.Extensions.Logging.ILogger,Extension
garnet:0243,garnet,libs/cluster/Server/Replication/ReplicaOps/ReplicationReplicaAofSync.cs,70,Microsoft.Extensions.Logging.LoggerExtensions,LogWarning,Microsoft.Extensions.Logging.ILogger,Extension
garnet:0244,garnet,libs/cluster/Server/Replication/ReplicaOps/ReplicationReplicaAofSync.cs,93,Microsoft.Extensions.Logging.LoggerExtensions,LogError,Microsoft.Extensions.Logging.ILogger,Extension
garnet:0245,garnet,libs/cluster/Server/Replication/ReplicaOps/ReplicationReplicaAofSync.cs,100,Microsoft.Extensions.Logging.LoggerExtensions,LogInformation,Microsoft.Extensions.Logging.ILogger,Extension
garnet:0246,garnet,libs/cluster/Server/Replication/ReplicaOps/ReplicationReplicaAofSync.cs,101,Microsoft.Extensions.Logging.LoggerExtensions,LogError,Microsoft.Extensions.Logging.ILogger,Extension
garnet:0247,garnet,libs/cluster/Server/Replication/ReplicaOps/ReplicationReplicaAofSync.cs,135,Microsoft.Extensions.Logging.LoggerExtensions,LogWarning,Microsoft.Extensions.Logging.ILogger,Extension
garnet:0248,garnet,libs/cluster/Server/Replication/ReplicationCheckpointManagement.cs,43,Microsoft.Extensions.Logging.LoggerExtensions,LogError,Microsoft.Extensions.Logging.ILogger,Extension
garnet:0249,garnet,libs/cluster/Server/Replication/ReplicationCheckpointManagement.cs,66,Microsoft.Extensions.Logging.LoggerExtensions,LogError,Microsoft.Extensions.Logging.ILogger,Extension
garnet:0252,garnet,libs/cluster/Server/Replication/ReplicationManager.cs,157,Microsoft.Extensions.Logging.LoggerExtensions,LogTrace,Microsoft.Extensions.Logging.ILogger,Extension
garnet:0254,garnet,libs/cluster/Server/Replication/ReplicationManager.cs,226,Microsoft.Extensions.Logging.LoggerExtensions,LogDebug,Microsoft.Extensions.Logging.ILogger,Extension
garnet:0255,garnet,libs/cluster/Server/Replication/ReplicationManager.cs,254,Microsoft.Extensions.Logging.LoggerExtensions,LogInformation,Microsoft.Extensions.Logging.ILogger,Extension
garnet:0256,garnet,libs/cluster/Server/Replication/ReplicationManager.cs,273,Microsoft.Extensions.Logging.LoggerExtensions,LogInformation,Microsoft.Extensions.Logging.ILogger,Extension
garnet:0257,garnet,libs/cluster/Server/Replication/ReplicationManager.cs,277,Microsoft.Extensions.Logging.LoggerExtensions,LogWarning,Microsoft.Extensions.Logging.ILogger,Extension
garnet:0258,garnet,libs/cluster/Server/Replication/ReplicationManager.cs,282,Microsoft.Extensions.Logging.LoggerExtensions,LogError,Microsoft.Extensions.Logging.ILogger,Extension
garnet:0259,garnet,libs/cluster/Server/Replication/ReplicationManager.cs,362,Microsoft.Extensions.Logging.LoggerExtensions,LogTrace,Microsoft.Extensions.Logging.ILogger,Extension
garnet:0260,garnet,libs/cluster/Server/Replication/ReplicationManager.cs,368,Microsoft.Extensions.Logging.LoggerExtensions,LogError,Microsoft.Extensions.Logging.ILogger,Extension
garnet:0261,garnet,libs/cluster/Server/Replication/ReplicationManager.cs,374,Microsoft.Extensions.Logging.LoggerExtensions,LogError,Microsoft.Extensions.Logging.ILogger,Extension
garnet:0262,garnet,libs/cluster/Server/Replication/ReplicationManager.cs,386,Microsoft.Extensions.Logging.LoggerExtensions,LogError,Microsoft.Extensions.Logging.ILogger,Extension
garnet:0263,garnet,libs/cluster/Server/Replication/ReplicationManager.cs,393,Microsoft.Extensions.Logging.LoggerExtensions,LogTrace,Microsoft.Extensions.Logging.ILogger,Extension
garnet:0264,garnet,libs/cluster/Server/Replication/ReplicationManager.cs,406,Microsoft.Extensions.Logging.LoggerExtensions,LogTrace,Microsoft.Extensions.Logging.ILogger,Extension
garnet:0265,garnet,libs/cluster/Server/Replication/ReplicationManager.cs,530,Microsoft.Extensions.Logging.LoggerExtensions,LogError,Microsoft.Extensions.Logging.ILogger,Extension
garnet:0266,garnet,libs/cluster/Server/Replication/ReplicationManager.cs,548,Microsoft.Extensions.Logging.LoggerExtensions,LogInformation,Microsoft.Extensions.Logging.ILogger,Extension
garnet:0267,garnet,libs/cluster/Server/Replication/ReplicationManager.cs,560,Microsoft.Extensions.Logging.LoggerExtensions,LogWarning,Microsoft.Extensions.Logging.ILogger,Extension
garnet:0268,garnet,libs/cluster/Server/Replication/ReplicationManager.cs,610,Microsoft.Extensions.Logging.LoggerExtensions,LogError,Microsoft.Extensions.Logging.ILogger,Extension
garnet:0269,garnet,libs/cluster/Server/Replication/ReplicationManager.cs,621,Microsoft.Extensions.Logging.LoggerExtensions,LogError,Microsoft.Extensions.Logging.ILogger,Extension
garnet:0270,garnet,libs/cluster/Server/Replication/ReplicationManager.cs,627,Microsoft.Extensions.Logging.LoggerExtensions,LogWarning,Microsoft.Extensions.Logging.ILogger,Extension
garnet:0271,garnet,libs/cluster/Server/Replication/ReplicationNetworkBufferSettings.cs,48,Microsoft.Extensions.Logging.LoggerExtensions,LogWarning,Microsoft.Extensions.Logging.ILogger,Extension
garnet:0272,garnet,libs/cluster/Server/Replication/ReplicationNetworkBufferSettings.cs,51,Microsoft.Extensions.Logging.LoggerExtensions,LogWarning,Microsoft.Extensions.Logging.ILogger,Extension
garnet:0273,garnet,libs/cluster/Server/Replication/ReplicationNetworkBufferSettings.cs,54,Microsoft.Extensions.Logging.LoggerExtensions,LogWarning,Microsoft.Extensions.Logging.ILogger,Extension
garnet:0274,garnet,libs/cluster/Server/Replication/SyncMetadata.cs,21,Microsoft.Extensions.Logging.LoggerExtensions,Log,Microsoft.Extensions.Logging.ILogger,Extension
garnet:0275,garnet,libs/cluster/Server/Replication/SyncMetadata.cs,57,Microsoft.Extensions.Logging.LoggerExtensions,Log,Microsoft.Extensions.Logging.ILogger,Extension
garnet:0276,garnet,libs/cluster/Session/MigrateCommand.cs,140,Microsoft.Extensions.Logging.LoggerExtensions,LogWarning,Microsoft.Extensions.Logging.ILogger,Extension
garnet:0277,garnet,libs/cluster/Session/MigrateCommand.cs,146,Microsoft.Extensions.Logging.LoggerExtensions,LogWarning,Microsoft.Extensions.Logging.ILogger,Extension
garnet:0278,garnet,libs/cluster/Session/MigrateCommand.cs,333,Microsoft.Extensions.Logging.LoggerExtensions,LogDebug,Microsoft.Extensions.Logging.ILogger,Extension
garnet:0279,garnet,libs/cluster/Session/ReplicaOfCommand.cs,37,Microsoft.Extensions.Logging.LoggerExtensions,LogError,Microsoft.Extensions.Logging.ILogger,Extension
garnet:0280,garnet,libs/cluster/Session/ReplicaOfCommand.cs,64,Microsoft.Extensions.Logging.LoggerExtensions,LogWarning,Microsoft.Extensions.Logging.ILogger,Extension
garnet:0281,garnet,libs/cluster/Session/RespClusterBasicCommands.cs,78,Microsoft.Extensions.Logging.LoggerExtensions,LogTrace,Microsoft.Extensions.Logging.ILogger,Extension
garnet:0282,garnet,libs/cluster/Session/RespClusterBasicCommands.cs,181,Microsoft.Extensions.Logging.LoggerExtensions,LogTrace,Microsoft.Extensions.Logging.ILogger,Extension
garnet:0283,garnet,libs/cluster/Session/RespClusterBasicCommands.cs,412,Microsoft.Extensions.Logging.LoggerExtensions,LogWarning,Microsoft.Extensions.Logging.ILogger,Extension
garnet:0284,garnet,libs/cluster/Session/RespClusterMigrateCommands.cs,42,Microsoft.Extensions.Logging.LoggerExtensions,LogTrace,Microsoft.Extensions.Logging.ILogger,Extension
garnet:0285,garnet,libs/cluster/Session/RespClusterReplicationCommands.cs,245,Microsoft.Extensions.Logging.LoggerExtensions,LogError,Microsoft.Extensions.Logging.ILogger,Extension
garnet:0286,garnet,libs/cluster/Session/RespClusterSlotManagementCommands.cs,174,Microsoft.Extensions.Logging.LoggerExtensions,LogError,Microsoft.Extensions.Logging.ILogger,Extension
garnet:0287,garnet,libs/cluster/Session/RespClusterSlotManagementCommands.cs,544,Microsoft.Extensions.Logging.LoggerExtensions,LogError,Microsoft.Extensions.Logging.ILogger,Extension
garnet:0288,garnet,libs/cluster/Session/SlotVerification/RespClusterSlotVerify.cs,31,Microsoft.Extensions.Logging.LoggerExtensions,LogDebug,Microsoft.Extensions.Logging.ILogger,Extension
garnet:0289,garnet,libs/common/Format.cs,111,Microsoft.Extensions.Logging.LoggerExtensions,LogError,Microsoft.Extensions.Logging.ILogger,Extension
garnet:0290,garnet,libs/common/Format.cs,131,Microsoft.Extensions.Logging.LoggerExtensions,LogError,Microsoft.Extensions.Logging.ILogger,Extension
garnet:0291,garnet,libs/common/Format.cs,137,Microsoft.Extensions.Logging.LoggerExtensions,LogError,Microsoft.Extensions.Logging.ILogger,Extension
garnet:0293,garnet,libs/common/Format.cs,153,Microsoft.Extensions.Logging.LoggerExtensions,LogTrace,Microsoft.Extensions.Logging.ILogger,Extension
garnet:0294,garnet,libs/common/Format.cs,158,Microsoft.Extensions.Logging.LoggerExtensions,LogTrace,Microsoft.Extensions.Logging.ILogger,Extension
garnet:0295,garnet,libs/common/Format.cs,186,Microsoft.Extensions.Logging.LoggerExtensions,LogError,Microsoft.Extensions.Logging.ILogger,Extension
garnet:0296,garnet,libs/common/Format.cs,206,Microsoft.Extensions.Logging.LoggerExtensions,LogError,Microsoft.Extensions.Logging.ILogger,Extension
garnet:0297,garnet,libs/common/Format.cs,212,Microsoft.Extensions.Logging.LoggerExtensions,LogError,Microsoft.Extensions.Logging.ILogger,Extension
garnet:0298,garnet,libs/common/Format.cs,216,Microsoft.Extensions.Logging.LoggerExtensions,LogError,Microsoft.Extensions.Logging.ILogger,Extension
garnet:0299,garnet,libs/common/Format.cs,228,Microsoft.Extensions.Logging.LoggerExtensions,LogTrace,Microsoft.Extensions.Logging.ILogger,Extension
garnet:0300,garnet,libs/common/Format.cs,233,Microsoft.Extensions.Logging.LoggerExtensions,LogTrace,Microsoft.Extensions.Logging.ILogger,Extension
garnet:0301,garnet,libs/common/Format.cs,294,Microsoft.Extensions.Logging.LoggerExtensions,LogError,Microsoft.Extensions.Logging.ILogger,Extension
garnet:0302,garnet,libs/common/LightClient.cs,152,Microsoft.Extensions.Logging.LoggerExtensions,LogWarning,Microsoft.Extensions.Logging.ILogger,Extension
garnet:0303,garnet,libs/common/LightClient.cs,185,Microsoft.Extensions.Logging.LoggerExtensions,LogWarning,Microsoft.Extensions.Logging.ILogger,Extension
garnet:0304,garnet,libs/common/Memory/LimitedFixedBufferPool.cs,117,Microsoft.Extensions.Logging.LoggerExtensions,LogError,Microsoft.Extensions.Logging.ILogger,Extension
garnet:0311,garnet,libs/common/Networking/NetworkHandler.cs,487,Microsoft.Extensions.Logging.LoggerExtensions,LogWarning,Microsoft.Extensions.Logging.ILogger,Extension
garnet:0313,garnet,libs/common/Networking/NetworkHandler.cs,689,Microsoft.Extensions.Logging.LoggerExtensions,LogTrace,Microsoft.Extensions.Logging.ILogger,Extension
garnet:0314,garnet,libs/common/Networking/NetworkHandler.cs,690,Microsoft.Extensions.Logging.LoggerExtensions,LogTrace,Microsoft.Extensions.Logging.ILogger,Extension
garnet:0315,garnet,libs/common/Networking/NetworkHandler.cs,692,Microsoft.Extensions.Logging.LoggerExtensions,LogTrace,Microsoft.Extensions.Logging.ILogger,Extension
garnet:0316,garnet,libs/common/Networking/NetworkHandler.cs,693,Microsoft.Extensions.Logging.LoggerExtensions,LogTrace,Microsoft.Extensions.Logging.ILogger,Extension
garnet:0317,garnet,libs/common/Networking/NetworkHandler.cs,694,Microsoft.Extensions.Logging.LoggerExtensions,LogTrace,Microsoft.Extensions.Logging.ILogger,Extension
garnet:0318,garnet,libs/common/Networking/NetworkHandler.cs,696,Microsoft.Extensions.Logging.LoggerExtensions,LogTrace,Microsoft.Extensions.Logging.ILogger,Extension
garnet:0319,garnet,libs/common/Networking/NetworkHandler.cs,697,Microsoft.Extensions.Logging.LoggerExtensions,LogTrace,Microsoft.Extensions.Logging.ILogger,Extension
garnet:0320,garnet,libs/common/Networking/NetworkHandler.cs,699,Microsoft.Extensions.Logging.LoggerExtensions,LogTrace,Microsoft.Extensions.Logging.ILogger,Extension
garnet:0321,garnet,libs/common/Networking/NetworkHandler.cs,704,Microsoft.Extensions.Logging.LoggerExtensions,LogTrace,Microsoft.Extensions.Logging.ILogger,Extension
garnet:0322,garnet,libs/common/Networking/NetworkHandler.cs,712,Microsoft.Extensions.Logging.LoggerExtensions,LogTrace,Microsoft.Extensions.Logging.ILogger,Extension
garnet:0323,garnet,libs/common/Networking/NetworkHandler.cs,718,Microsoft.Extensions.Logging.LoggerExtensions,LogTrace,Microsoft.Extensions.Logging.ILogger,Extension
garnet:0324,garnet,libs/common/Networking/NetworkHandler.cs,726,Microsoft.Extensions.Logging.LoggerExtensions,LogTrace,Microsoft.Extensions.Logging.ILogger,Extension
garnet:0325,garnet,libs/common/Networking/NetworkHandlerStream.cs,78,Microsoft.Extensions.Logging.LoggerExtensions,LogWarning,Microsoft.Extensions.Logging.ILogger,Extension
garnet:0326,garnet,libs/common/Networking/NetworkHandlerStream.cs,117,Microsoft.Extensions.Logging.LoggerExtensions,LogWarning,Microsoft.Extensions.Logging.ILogger,Extension
garnet:0327,garnet,libs/common/Networking/TcpNetworkHandlerBase.cs,146,Microsoft.Extensions.Logging.LoggerExtensions,LogError,Microsoft.Extensions.Logging.ILogger,Extension
garnet:0328,garnet,libs/common/Networking/TcpNetworkHandlerBase.cs,164,Microsoft.Extensions.Logging.LoggerExtensions,LogError,Microsoft.Extensions.Logging.ILogger,Extension
garnet:0329,garnet,libs/common/Networking/TcpNetworkHandlerBase.cs,195,Microsoft.Extensions.Logging.LoggerExtensions,LogTrace,Microsoft.Extensions.Logging.ILogger,Extension
garnet:0333,garnet,libs/host/Configuration/ConfigProviders.cs,186,Microsoft.Extensions.Logging.LoggerExtensions,LogError,Microsoft.Extensions.Logging.ILogger,Extension
garnet:0336,garnet,libs/host/Configuration/Options.cs,741,Microsoft.Extensions.Logging.LoggerExtensions,LogWarning,Microsoft.Extensions.Logging.ILogger,Extension
garnet:0337,garnet,libs/host/Configuration/Options.cs,823,Microsoft.Extensions.Logging.LoggerExtensions,LogWarning,Microsoft.Extensions.Logging.ILogger,Extension
garnet:0339,garnet,libs/host/Configuration/Options.cs,1019,Microsoft.Extensions.Logging.LoggerExtensions,LogError,Microsoft.Extensions.Logging.ILogger,Extension
garnet:0340,garnet,libs/host/Configuration/Options.cs,1028,Microsoft.Extensions.Logging.LoggerExtensions,LogError,Microsoft.Extensions.Logging.ILogger,Extension
garnet:0341,garnet,libs/host/Configuration/Redis/RedisConfigSerializer.cs,84,Microsoft.Extensions.Logging.LoggerExtensions,LogWarning,Microsoft.Extensions.Logging.ILogger,Extension
garnet:0343,garnet,libs/host/GarnetServer.cs,114,Microsoft.Extensions.Logging.LoggerExtensions,LogWarning,Microsoft.Extensions.Logging.ILogger,Extension
garnet:0351,garnet,libs/host/GarnetServer.cs,357,Microsoft.Extensions.Logging.LoggerExtensions,LogError,Microsoft.Extensions.Logging.ILogger,Extension
garnet:0353,garnet,libs/host/ServerSettingsManager.cs,89,Microsoft.Extensions.Logging.LoggerExtensions,LogWarning,Microsoft.Extensions.Logging.ILogger,Extension
garnet:0357,garnet,libs/host/ServerSettingsManager.cs,162,Microsoft.Extensions.Logging.LoggerExtensions,LogError,Microsoft.Extensions.Logging.ILogger,Extension
garnet:0369,garnet,libs/server/AOF/AofProcessor.cs,154,Microsoft.Extensions.Logging.LoggerExtensions,LogTrace,Microsoft.Extensions.Logging.ILogger,Extension
garnet:0371,garnet,libs/server/AOF/AofProcessor.cs,174,Microsoft.Extensions.Logging.LoggerExtensions,LogError,Microsoft.Extensions.Logging.ILogger,Extension
garnet:0372,garnet,libs/server/AOF/AofProcessor.cs,222,Microsoft.Extensions.Logging.LoggerExtensions,LogInformation,Microsoft.Extensions.Logging.ILogger,Extension
garnet:0373,garnet,libs/server/AOF/AofProcessor.cs,235,Microsoft.Extensions.Logging.LoggerExtensions,LogInformation,Microsoft.Extensions.Logging.ILogger,Extension
garnet:0374,garnet,libs/server/AOF/ReplayCoordinator/AofReplayCoordinator.cs,158,Microsoft.Extensions.Logging.LoggerExtensions,LogInformation,Microsoft.Extensions.Logging.ILogger,Extension
garnet:0375,garnet,libs/server/Auth/Aad/IssuerSigningTokenProvider.cs,55,Microsoft.Extensions.Logging.LoggerExtensions,LogError,Microsoft.Extensions.Logging.ILogger,Extension
garnet:0376,garnet,libs/server/Auth/GarnetAadAuthenticator.cs,78,Microsoft.Extensions.Logging.LoggerExtensions,LogInformation,Microsoft.Extensions.Logging.ILogger,Extension
garnet:0377,garnet,libs/server/Auth/GarnetAadAuthenticator.cs,87,Microsoft.Extensions.Logging.LoggerExtensions,LogError,Microsoft.Extensions.Logging.ILogger,Extension
garnet:0378,garnet,libs/server/Auth/GarnetACLAuthenticator.cs,77,Microsoft.Extensions.Logging.LoggerExtensions,LogDebug,Microsoft.Extensions.Logging.ILogger,Extension
garnet:0379,garnet,libs/server/Custom/CustomCommandManager.cs,225,Microsoft.Extensions.Logging.LoggerExtensions,LogError,Microsoft.Extensions.Logging.ILogger,Extension
garnet:0384,garnet,libs/server/Databases/DatabaseManagerBase.cs,249,Microsoft.Extensions.Logging.LoggerExtensions,LogError,Microsoft.Extensions.Logging.ILogger,Extension
garnet:0386,garnet,libs/server/Databases/DatabaseManagerBase.cs,300,Microsoft.Extensions.Logging.LoggerExtensions,LogError,Microsoft.Extensions.Logging.ILogger,Extension
garnet:0387,garnet,libs/server/Databases/DatabaseManagerBase.cs,327,Microsoft.Extensions.Logging.LoggerExtensions,LogError,Microsoft.Extensions.Logging.ILogger,Extension
garnet:0388,garnet,libs/server/Databases/DatabaseManagerBase.cs,460,Microsoft.Extensions.Logging.LoggerExtensions,LogError,Microsoft.Extensions.Logging.ILogger,Extension
garnet:0392,garnet,libs/server/Databases/DatabaseManagerBase.cs,514,Microsoft.Extensions.Logging.LoggerExtensions,LogInformation,Microsoft.Extensions.Logging.ILogger,Extension
garnet:0393,garnet,libs/server/Databases/DatabaseManagerBase.cs,543,Microsoft.Extensions.Logging.LoggerExtensions,LogInformation,Microsoft.Extensions.Logging.ILogger,Extension
garnet:0394,garnet,libs/server/Databases/DatabaseManagerBase.cs,559,Microsoft.Extensions.Logging.LoggerExtensions,LogInformation,Microsoft.Extensions.Logging.ILogger,Extension
garnet:0395,garnet,libs/server/Databases/DatabaseManagerBase.cs,590,Microsoft.Extensions.Logging.LoggerExtensions,LogInformation,Microsoft.Extensions.Logging.ILogger,Extension
garnet:0401,garnet,libs/server/Databases/MultiDatabaseManager.cs,108,Microsoft.Extensions.Logging.LoggerExtensions,LogInformation,Microsoft.Extensions.Logging.ILogger,Extension
garnet:0402,garnet,libs/server/Databases/MultiDatabaseManager.cs,131,Microsoft.Extensions.Logging.LoggerExtensions,LogInformation,Microsoft.Extensions.Logging.ILogger,Extension
garnet:0403,garnet,libs/server/Databases/MultiDatabaseManager.cs,137,Microsoft.Extensions.Logging.LoggerExtensions,LogInformation,Microsoft.Extensions.Logging.ILogger,Extension
garnet:0404,garnet,libs/server/Databases/MultiDatabaseManager.cs,147,Microsoft.Extensions.Logging.LoggerExtensions,LogInformation,Microsoft.Extensions.Logging.ILogger,Extension
garnet:0405,garnet,libs/server/Databases/MultiDatabaseManager.cs,303,Microsoft.Extensions.Logging.LoggerExtensions,LogInformation,Microsoft.Extensions.Logging.ILogger,Extension
garnet:0406,garnet,libs/server/Databases/MultiDatabaseManager.cs,363,Microsoft.Extensions.Logging.LoggerExtensions,LogError,Microsoft.Extensions.Logging.ILogger,Extension
garnet:0407,garnet,libs/server/Databases/MultiDatabaseManager.cs,439,Microsoft.Extensions.Logging.LoggerExtensions,LogInformation,Microsoft.Extensions.Logging.ILogger,Extension
garnet:0408,garnet,libs/server/Databases/MultiDatabaseManager.cs,1032,Microsoft.Extensions.Logging.LoggerExtensions,LogError,Microsoft.Extensions.Logging.ILogger,Extension
garnet:0409,garnet,libs/server/Databases/SingleDatabaseManager.cs,89,Microsoft.Extensions.Logging.LoggerExtensions,LogInformation,Microsoft.Extensions.Logging.ILogger,Extension
garnet:0410,garnet,libs/server/Databases/SingleDatabaseManager.cs,95,Microsoft.Extensions.Logging.LoggerExtensions,LogInformation,Microsoft.Extensions.Logging.ILogger,Extension
garnet:0412,garnet,libs/server/Databases/SingleDatabaseManager.cs,222,Microsoft.Extensions.Logging.LoggerExtensions,LogInformation,Microsoft.Extensions.Logging.ILogger,Extension
garnet:0413,garnet,libs/server/Databases/SingleDatabaseManager.cs,226,Microsoft.Extensions.Logging.LoggerExtensions,LogInformation,Microsoft.Extensions.Logging.ILogger,Extension
garnet:0415,garnet,libs/server/Lua/LuaCommands.cs,366,Microsoft.Extensions.Logging.LoggerExtensions,LogError,Microsoft.Extensions.Logging.ILogger,Extension
garnet:0417,garnet,libs/server/Lua/LuaOptions.cs,63,Microsoft.Extensions.Logging.LoggerExtensions,LogWarning,Microsoft.Extensions.Logging.ILogger,Extension
garnet:0418,garnet,libs/server/Lua/LuaRunner.cs,570,Microsoft.Extensions.Logging.LoggerExtensions,LogError,Microsoft.Extensions.Logging.ILogger,Extension
garnet:0419,garnet,libs/server/Lua/LuaRunner.cs,1119,Microsoft.Extensions.Logging.LoggerExtensions,LogError,Microsoft.Extensions.Logging.ILogger,Extension
garnet:0421,garnet,libs/server/Lua/LuaRunner.Functions.cs,1003,Microsoft.Extensions.Logging.LoggerExtensions,LogError,Microsoft.Extensions.Logging.ILogger,Extension
garnet:0422,garnet,libs/server/Lua/LuaRunner.Functions.cs,1010,Microsoft.Extensions.Logging.LoggerExtensions,LogError,Microsoft.Extensions.Logging.ILogger,Extension
garnet:0423,garnet,libs/server/Lua/LuaRunner.Functions.cs,1524,Microsoft.Extensions.Logging.LoggerExtensions,LogError,Microsoft.Extensions.Logging.ILogger,Extension
garnet:0424,garnet,libs/server/Lua/LuaRunner.Functions.cs,1561,Microsoft.Extensions.Logging.LoggerExtensions,LogError,Microsoft.Extensions.Logging.ILogger,Extension
garnet:0426,garnet,libs/server/Lua/LuaRunner.Functions.cs,2279,Microsoft.Extensions.Logging.LoggerExtensions,LogError,Microsoft.Extensions.Logging.ILogger,Extension
garnet:0427,garnet,libs/server/Lua/LuaRunner.Functions.cs,2489,Microsoft.Extensions.Logging.LoggerExtensions,LogError,Microsoft.Extensions.Logging.ILogger,Extension
garnet:0428,garnet,libs/server/Lua/LuaRunner.Functions.cs,2599,Microsoft.Extensions.Logging.LoggerExtensions,LogError,Microsoft.Extensions.Logging.ILogger,Extension
garnet:0429,garnet,libs/server/Lua/LuaRunner.Functions.cs,2739,Microsoft.Extensions.Logging.LoggerExtensions,LogError,Microsoft.Extensions.Logging.ILogger,Extension
garnet:0430,garnet,libs/server/Lua/LuaRunner.Functions.cs,3320,Microsoft.Extensions.Logging.LoggerExtensions,LogError,Microsoft.Extensions.Logging.ILogger,Extension
garnet:0431,garnet,libs/server/Lua/LuaRunner.Functions.cs,3385,Microsoft.Extensions.Logging.LoggerExtensions,LogCritical,Microsoft.Extensions.Logging.ILogger,Extension
garnet:0432,garnet,libs/server/Lua/LuaStateWrapper.cs,863,Microsoft.Extensions.Logging.LoggerExtensions,LogCritical,Microsoft.Extensions.Logging.ILogger,Extension
garnet:0433,garnet,libs/server/Lua/LuaStateWrapper.cs,933,Microsoft.Extensions.Logging.LoggerExtensions,LogCritical,Microsoft.Extensions.Logging.ILogger,Extension
garnet:0436,garnet,libs/server/Lua/SessionScriptCache.cs,208,Microsoft.Extensions.Logging.LoggerExtensions,LogError,Microsoft.Extensions.Logging.ILogger,Extension
garnet:0438,garnet,libs/server/Metrics/GarnetServerMonitor.cs,218,Microsoft.Extensions.Logging.LoggerExtensions,LogInformation,Microsoft.Extensions.Logging.ILogger,Extension
garnet:0439,garnet,libs/server/Metrics/GarnetServerMonitor.cs,243,Microsoft.Extensions.Logging.LoggerExtensions,LogInformation,Microsoft.Extensions.Logging.ILogger,Extension
garnet:0441,garnet,libs/server/PubSub/SubscribeBroker.cs,152,Microsoft.Extensions.Logging.LoggerExtensions,LogWarning,Microsoft.Extensions.Logging.ILogger,Extension
garnet:0442,garnet,libs/server/PubSub/SubscribeBroker.cs,167,Microsoft.Extensions.Logging.LoggerExtensions,LogWarning,Microsoft.Extensions.Logging.ILogger,Extension
garnet:0446,garnet,libs/server/Resp/ACLCommands.cs,357,Microsoft.Extensions.Logging.LoggerExtensions,LogError,Microsoft.Extensions.Logging.ILogger,Extension
garnet:0452,garnet,libs/server/Resp/LocalServerSession.cs,49,Microsoft.Extensions.Logging.LoggerExtensions,LogDebug,Microsoft.Extensions.Logging.ILogger,Extension
garnet:0453,garnet,libs/server/Resp/LocalServerSession.cs,66,Microsoft.Extensions.Logging.LoggerExtensions,LogDebug,Microsoft.Extensions.Logging.ILogger,Extension
garnet:0455,garnet,libs/server/Resp/PurgeBPCommand.cs,89,Microsoft.Extensions.Logging.LoggerExtensions,LogError,Microsoft.Extensions.Logging.ILogger,Extension
garnet:0456,garnet,libs/server/Resp/RespCommandDataProvider.cs,151,Microsoft.Extensions.Logging.LoggerExtensions,LogError,Microsoft.Extensions.Logging.ILogger,Extension
garnet:0457,garnet,libs/server/Resp/RespCommandDataProvider.cs,169,Microsoft.Extensions.Logging.LoggerExtensions,LogError,Microsoft.Extensions.Logging.ILogger,Extension
garnet:0460,garnet,libs/server/Resp/RespServerSession.cs,490,Microsoft.Extensions.Logging.LoggerExtensions,Log,Microsoft.Extensions.Logging.ILogger,Extension
garnet:0463,garnet,libs/server/Resp/Vector/VectorManager.Cleanup.cs,153,Microsoft.Extensions.Logging.LoggerExtensions,LogError,Microsoft.Extensions.Logging.ILogger,Extension
garnet:0464,garnet,libs/server/Resp/Vector/VectorManager.ContextMetadata.cs,360,Microsoft.Extensions.Logging.LoggerExtensions,LogError,Microsoft.Extensions.Logging.ILogger,Extension
garnet:0468,garnet,libs/server/Resp/Vector/VectorManager.cs,221,Microsoft.Extensions.Logging.LoggerExtensions,LogError,Microsoft.Extensions.Logging.ILogger,Extension
garnet:0469,garnet,libs/server/Resp/Vector/VectorManager.cs,244,Microsoft.Extensions.Logging.LoggerExtensions,LogCritical,Microsoft.Extensions.Logging.ILogger,Extension
garnet:0470,garnet,libs/server/Resp/Vector/VectorManager.cs,252,Microsoft.Extensions.Logging.LoggerExtensions,LogCritical,Microsoft.Extensions.Logging.ILogger,Extension
garnet:0472,garnet,libs/server/Resp/Vector/VectorManager.cs,465,Microsoft.Extensions.Logging.LoggerExtensions,LogCritical,Microsoft.Extensions.Logging.ILogger,Extension
garnet:0473,garnet,libs/server/Resp/Vector/VectorManager.cs,572,Microsoft.Extensions.Logging.LoggerExtensions,LogWarning,Microsoft.Extensions.Logging.ILogger,Extension
garnet:0474,garnet,libs/server/Resp/Vector/VectorManager.cs,699,Microsoft.Extensions.Logging.LoggerExtensions,LogWarning,Microsoft.Extensions.Logging.ILogger,Extension
garnet:0475,garnet,libs/server/Resp/Vector/VectorManager.Index.cs,70,Microsoft.Extensions.Logging.LoggerExtensions,LogCritical,Microsoft.Extensions.Logging.ILogger,Extension
garnet:0476,garnet,libs/server/Resp/Vector/VectorManager.Index.cs,99,Microsoft.Extensions.Logging.LoggerExtensions,LogCritical,Microsoft.Extensions.Logging.ILogger,Extension
garnet:0477,garnet,libs/server/Resp/Vector/VectorManager.Migration.cs,96,Microsoft.Extensions.Logging.LoggerExtensions,LogCritical,Microsoft.Extensions.Logging.ILogger,Extension
garnet:0478,garnet,libs/server/Resp/Vector/VectorManager.Migration.cs,251,Microsoft.Extensions.Logging.LoggerExtensions,LogCritical,Microsoft.Extensions.Logging.ILogger,Extension
garnet:0479,garnet,libs/server/Resp/Vector/VectorManager.Replication.cs,75,Microsoft.Extensions.Logging.LoggerExtensions,LogInformation,Microsoft.Extensions.Logging.ILogger,Extension
garnet:0480,garnet,libs/server/Resp/Vector/VectorManager.Replication.cs,115,Microsoft.Extensions.Logging.LoggerExtensions,LogCritical,Microsoft.Extensions.Logging.ILogger,Extension
garnet:0481,garnet,libs/server/Resp/Vector/VectorManager.Replication.cs,154,Microsoft.Extensions.Logging.LoggerExtensions,LogCritical,Microsoft.Extensions.Logging.ILogger,Extension
garnet:0482,garnet,libs/server/Resp/Vector/VectorManager.Replication.cs,332,Microsoft.Extensions.Logging.LoggerExtensions,LogInformation,Microsoft.Extensions.Logging.ILogger,Extension
garnet:0483,garnet,libs/server/Resp/Vector/VectorManager.Replication.cs,375,Microsoft.Extensions.Logging.LoggerExtensions,LogCritical,Microsoft.Extensions.Logging.ILogger,Extension
garnet:0484,garnet,libs/server/Resp/Vector/VectorManager.Replication.cs,396,Microsoft.Extensions.Logging.LoggerExtensions,LogInformation,Microsoft.Extensions.Logging.ILogger,Extension
garnet:0485,garnet,libs/server/Resp/Vector/VectorManager.Replication.cs,400,Microsoft.Extensions.Logging.LoggerExtensions,LogCritical,Microsoft.Extensions.Logging.ILogger,Extension
garnet:0486,garnet,libs/server/ServerConfig.cs,187,Microsoft.Extensions.Logging.LoggerExtensions,LogWarning,Microsoft.Extensions.Logging.ILogger,Extension
garnet:0503,garnet,libs/server/Servers/GarnetServerOptions.cs,730,Microsoft.Extensions.Logging.LoggerExtensions,LogInformation,Microsoft.Extensions.Logging.ILogger,Extension
garnet:0523,garnet,libs/server/Servers/GarnetServerOptions.cs,920,Microsoft.Extensions.Logging.LoggerExtensions,LogError,Microsoft.Extensions.Logging.ILogger,Extension
garnet:0524,garnet,libs/server/Servers/GarnetServerOptions.cs,952,Microsoft.Extensions.Logging.LoggerExtensions,LogInformation,Microsoft.Extensions.Logging.ILogger,Extension
garnet:0525,garnet,libs/server/Servers/GarnetServerOptions.cs,965,Microsoft.Extensions.Logging.LoggerExtensions,LogInformation,Microsoft.Extensions.Logging.ILogger,Extension
garnet:0526,garnet,libs/server/Servers/GarnetServerOptions.cs,978,Microsoft.Extensions.Logging.LoggerExtensions,LogInformation,Microsoft.Extensions.Logging.ILogger,Extension
garnet:0527,garnet,libs/server/Servers/GarnetServerOptions.cs,991,Microsoft.Extensions.Logging.LoggerExtensions,LogInformation,Microsoft.Extensions.Logging.ILogger,Extension
garnet:0528,garnet,libs/server/Servers/GarnetServerOptions.cs,1011,Microsoft.Extensions.Logging.LoggerExtensions,LogInformation,Microsoft.Extensions.Logging.ILogger,Extension
garnet:0529,garnet,libs/server/Servers/GarnetServerTcp.cs,196,Microsoft.Extensions.Logging.LoggerExtensions,LogCritical,Microsoft.Extensions.Logging.ILogger,Extension
garnet:0530,garnet,libs/server/Servers/GarnetServerTcp.cs,205,Microsoft.Extensions.Logging.LoggerExtensions,LogWarning,Microsoft.Extensions.Logging.ILogger,Extension
garnet:0531,garnet,libs/server/Servers/GarnetServerTcp.cs,214,Microsoft.Extensions.Logging.LoggerExtensions,LogDebug,Microsoft.Extensions.Logging.ILogger,Extension
garnet:0534,garnet,libs/server/Servers/GarnetServerTcp.cs,267,Microsoft.Extensions.Logging.LoggerExtensions,LogDebug,Microsoft.Extensions.Logging.ILogger,Extension
garnet:0535,garnet,libs/server/Servers/GarnetServerTcp.cs,271,Microsoft.Extensions.Logging.LoggerExtensions,LogError,Microsoft.Extensions.Logging.ILogger,Extension
garnet:0537,garnet,libs/server/Servers/GarnetServerTcp.cs,326,Microsoft.Extensions.Logging.LoggerExtensions,LogError,Microsoft.Extensions.Logging.ILogger,Extension
garnet:0538,garnet,libs/server/Servers/GarnetServerTcp.cs,349,Microsoft.Extensions.Logging.LoggerExtensions,LogError,Microsoft.Extensions.Logging.ILogger,Extension
garnet:0539,garnet,libs/server/Servers/ServerOptions.cs,135,Microsoft.Extensions.Logging.LoggerExtensions,LogInformation,Microsoft.Extensions.Logging.ILogger,Extension
garnet:0540,garnet,libs/server/Servers/ServerOptions.cs,148,Microsoft.Extensions.Logging.LoggerExtensions,LogInformation,Microsoft.Extensions.Logging.ILogger,Extension
garnet:0541,garnet,libs/server/Servers/ServerOptions.cs,161,Microsoft.Extensions.Logging.LoggerExtensions,LogInformation,Microsoft.Extensions.Logging.ILogger,Extension
garnet:0542,garnet,libs/server/Servers/ServerOptions.cs,174,Microsoft.Extensions.Logging.LoggerExtensions,LogInformation,Microsoft.Extensions.Logging.ILogger,Extension
garnet:0543,garnet,libs/server/Servers/ServerOptions.cs,188,Microsoft.Extensions.Logging.LoggerExtensions,LogInformation,Microsoft.Extensions.Logging.ILogger,Extension
garnet:0545,garnet,libs/server/StoreWrapper.cs,225,Microsoft.Extensions.Logging.LoggerExtensions,LogCritical,Microsoft.Extensions.Logging.ILogger,Extension
garnet:0547,garnet,libs/server/StoreWrapper.cs,640,Microsoft.Extensions.Logging.LoggerExtensions,LogError,Microsoft.Extensions.Logging.ILogger,Extension
garnet:0549,garnet,libs/server/StoreWrapper.cs,683,Microsoft.Extensions.Logging.LoggerExtensions,LogInformation,Microsoft.Extensions.Logging.ILogger,Extension
garnet:0550,garnet,libs/server/StoreWrapper.cs,685,Microsoft.Extensions.Logging.LoggerExtensions,LogInformation,Microsoft.Extensions.Logging.ILogger,Extension
garnet:0551,garnet,libs/server/StoreWrapper.cs,692,Microsoft.Extensions.Logging.LoggerExtensions,LogError,Microsoft.Extensions.Logging.ILogger,Extension
garnet:0552,garnet,libs/server/StoreWrapper.cs,703,Microsoft.Extensions.Logging.LoggerExtensions,LogWarning,Microsoft.Extensions.Logging.ILogger,Extension
garnet:0553,garnet,libs/server/StoreWrapper.cs,722,Microsoft.Extensions.Logging.LoggerExtensions,LogCritical,Microsoft.Extensions.Logging.ILogger,Extension
garnet:0554,garnet,libs/server/StoreWrapper.cs,746,Microsoft.Extensions.Logging.LoggerExtensions,LogCritical,Microsoft.Extensions.Logging.ILogger,Extension
garnet:0559,garnet,libs/server/TLS/GarnetTlsOptions.cs,105,Microsoft.Extensions.Logging.LoggerExtensions,LogError,Microsoft.Extensions.Logging.ILogger,Extension
garnet:0560,garnet,libs/server/TLS/GarnetTlsOptions.cs,111,Microsoft.Extensions.Logging.LoggerExtensions,LogError,Microsoft.Extensions.Logging.ILogger,Extension
garnet:0561,garnet,libs/server/TLS/GarnetTlsOptions.cs,126,Microsoft.Extensions.Logging.LoggerExtensions,LogError,Microsoft.Extensions.Logging.ILogger,Extension
garnet:0562,garnet,libs/server/TLS/GarnetTlsOptions.cs,132,Microsoft.Extensions.Logging.LoggerExtensions,LogError,Microsoft.Extensions.Logging.ILogger,Extension
garnet:0563,garnet,libs/server/TLS/GarnetTlsOptions.cs,139,Microsoft.Extensions.Logging.LoggerExtensions,LogError,Microsoft.Extensions.Logging.ILogger,Extension
garnet:0564,garnet,libs/server/TLS/GarnetTlsOptions.cs,145,Microsoft.Extensions.Logging.LoggerExtensions,LogError,Microsoft.Extensions.Logging.ILogger,Extension
garnet:0565,garnet,libs/server/TLS/GarnetTlsOptions.cs,174,Microsoft.Extensions.Logging.LoggerExtensions,LogError,Microsoft.Extensions.Logging.ILogger,Extension
garnet:0566,garnet,libs/server/TLS/GarnetTlsOptions.cs,200,Microsoft.Extensions.Logging.LoggerExtensions,LogWarning,Microsoft.Extensions.Logging.ILogger,Extension
garnet:0567,garnet,libs/server/TLS/GarnetTlsOptions.cs,238,Microsoft.Extensions.Logging.LoggerExtensions,LogWarning,Microsoft.Extensions.Logging.ILogger,Extension
garnet:0568,garnet,libs/server/TLS/GarnetTlsOptions.cs,268,Microsoft.Extensions.Logging.LoggerExtensions,LogError,Microsoft.Extensions.Logging.ILogger,Extension
garnet:0570,garnet,libs/server/TLS/GarnetTlsOptions.cs,323,Microsoft.Extensions.Logging.LoggerExtensions,LogError,Microsoft.Extensions.Logging.ILogger,Extension
garnet:0571,garnet,libs/server/TLS/ServerCertificateSelector.cs,126,Microsoft.Extensions.Logging.LoggerExtensions,LogError,Microsoft.Extensions.Logging.ILogger,Extension
garnet:0572,garnet,libs/server/TLS/ServerCertificateSelector.cs,139,Microsoft.Extensions.Logging.LoggerExtensions,LogError,Microsoft.Extensions.Logging.ILogger,Extension
garnet:0573,garnet,libs/server/Transaction/TransactionManager.cs,239,Microsoft.Extensions.Logging.LoggerExtensions,LogError,Microsoft.Extensions.Logging.ILogger,Extension
garnet:0574,garnet,libs/server/Transaction/TransactionManager.cs,396,Microsoft.Extensions.Logging.LoggerExtensions,LogError,Microsoft.Extensions.Logging.ILogger,Extension
garnet:0575,garnet,libs/server/Transaction/TxnRespCommands.cs,65,Microsoft.Extensions.Logging.LoggerExtensions,LogWarning,Microsoft.Extensions.Logging.ILogger,Extension
garnet:0576,garnet,libs/server/Transaction/TxnRespCommands.cs,295,Microsoft.Extensions.Logging.LoggerExtensions,LogError,Microsoft.Extensions.Logging.ILogger,Extension
garnet:0577,garnet,libs/storage/Tsavorite/cs/src/core/Allocator/AllocatorBase.cs,217,Microsoft.Extensions.Logging.LoggerExtensions,LogTrace,Microsoft.Extensions.Logging.ILogger,Extension
garnet:0580,garnet,libs/storage/Tsavorite/cs/src/core/Allocator/AllocatorBase.cs,650,Microsoft.Extensions.Logging.LoggerExtensions,LogInformation,Microsoft.Extensions.Logging.ILogger,Extension
garnet:0581,garnet,libs/storage/Tsavorite/cs/src/core/Allocator/AllocatorBase.cs,655,Microsoft.Extensions.Logging.LoggerExtensions,LogInformation,Microsoft.Extensions.Logging.ILogger,Extension
garnet:0589,garnet,libs/storage/Tsavorite/cs/src/core/Allocator/AllocatorBase.cs,1728,Microsoft.Extensions.Logging.LoggerExtensions,LogError,Microsoft.Extensions.Logging.ILogger,Extension
garnet:0590,garnet,libs/storage/Tsavorite/cs/src/core/Allocator/AllocatorBase.cs,1774,Microsoft.Extensions.Logging.LoggerExtensions,LogError,Microsoft.Extensions.Logging.ILogger,Extension
garnet:0592,garnet,libs/storage/Tsavorite/cs/src/core/Allocator/AllocatorBase.cs,1853,Microsoft.Extensions.Logging.LoggerExtensions,LogError,Microsoft.Extensions.Logging.ILogger,Extension
garnet:0593,garnet,libs/storage/Tsavorite/cs/src/core/Allocator/BlittableScanIterator.cs,267,Microsoft.Extensions.Logging.LoggerExtensions,LogError,Microsoft.Extensions.Logging.ILogger,Extension
garnet:0594,garnet,libs/storage/Tsavorite/cs/src/core/Allocator/GenericAllocatorImpl.cs,445,Microsoft.Extensions.Logging.LoggerExtensions,LogError,Microsoft.Extensions.Logging.ILogger,Extension
garnet:0595,garnet,libs/storage/Tsavorite/cs/src/core/Allocator/GenericAllocatorImpl.cs,566,Microsoft.Extensions.Logging.LoggerExtensions,LogError,Microsoft.Extensions.Logging.ILogger,Extension
garnet:0596,garnet,libs/storage/Tsavorite/cs/src/core/Allocator/GenericAllocatorImpl.cs,610,Microsoft.Extensions.Logging.LoggerExtensions,LogError,Microsoft.Extensions.Logging.ILogger,Extension
garnet:0597,garnet,libs/storage/Tsavorite/cs/src/core/Allocator/GenericAllocatorImpl.cs,620,Microsoft.Extensions.Logging.LoggerExtensions,LogError,Microsoft.Extensions.Logging.ILogger,Extension
garnet:0598,garnet,libs/storage/Tsavorite/cs/src/core/Allocator/GenericScanIterator.cs,277,Microsoft.Extensions.Logging.LoggerExtensions,LogError,Microsoft.Extensions.Logging.ILogger,Extension
garnet:0599,garnet,libs/storage/Tsavorite/cs/src/core/Allocator/MallocFixedPageSize.cs,388,Microsoft.Extensions.Logging.LoggerExtensions,LogError,Microsoft.Extensions.Logging.ILogger,Extension
garnet:0600,garnet,libs/storage/Tsavorite/cs/src/core/Allocator/MallocFixedPageSize.cs,497,Microsoft.Extensions.Logging.LoggerExtensions,LogError,Microsoft.Extensions.Logging.ILogger,Extension
garnet:0601,garnet,libs/storage/Tsavorite/cs/src/core/Allocator/SpanByteScanIterator.cs,314,Microsoft.Extensions.Logging.LoggerExtensions,LogError,Microsoft.Extensions.Logging.ILogger,Extension
garnet:0603,garnet,libs/storage/Tsavorite/cs/src/core/Index/Checkpointing/StateMachineDriver.cs,297,Microsoft.Extensions.Logging.LoggerExtensions,LogError,Microsoft.Extensions.Logging.ILogger,Extension
garnet:0604,garnet,libs/storage/Tsavorite/cs/src/core/Index/Checkpointing/StateMachineDriver.cs,333,Microsoft.Extensions.Logging.LoggerExtensions,LogError,Microsoft.Extensions.Logging.ILogger,Extension
garnet:0605,garnet,libs/storage/Tsavorite/cs/src/core/Index/Checkpointing/StreamingSnapshotTsavoriteKV.cs,78,Microsoft.Extensions.Logging.LoggerExtensions,LogError,Microsoft.Extensions.Logging.ILogger,Extension
garnet:0606,garnet,libs/storage/Tsavorite/cs/src/core/Index/Checkpointing/StreamingSnapshotTsavoriteKV.cs,136,Microsoft.Extensions.Logging.LoggerExtensions,LogError,Microsoft.Extensions.Logging.ILogger,Extension
garnet:0627,garnet,libs/storage/Tsavorite/cs/src/core/Index/Common/KVSettings.cs,200,Microsoft.Extensions.Logging.LoggerExtensions,LogInformation,Microsoft.Extensions.Logging.ILogger,Extension
garnet:0630,garnet,libs/storage/Tsavorite/cs/src/core/Index/Common/LogSizeTracker.cs,203,Microsoft.Extensions.Logging.LoggerExtensions,LogWarning,Microsoft.Extensions.Logging.ILogger,Extension
garnet:0635,garnet,libs/storage/Tsavorite/cs/src/core/Index/Recovery/DeltaLog.cs,171,Microsoft.Extensions.Logging.LoggerExtensions,LogError,Microsoft.Extensions.Logging.ILogger,Extension
garnet:0636,garnet,libs/storage/Tsavorite/cs/src/core/Index/Recovery/DeltaLog.cs,403,Microsoft.Extensions.Logging.LoggerExtensions,LogError,Microsoft.Extensions.Logging.ILogger,Extension
garnet:0637,garnet,libs/storage/Tsavorite/cs/src/core/Index/Recovery/IndexCheckpoint.cs,171,Microsoft.Extensions.Logging.LoggerExtensions,LogError,Microsoft.Extensions.Logging.ILogger,Extension
garnet:0638,garnet,libs/storage/Tsavorite/cs/src/core/Index/Recovery/IndexRecovery.cs,151,Microsoft.Extensions.Logging.LoggerExtensions,LogError,Microsoft.Extensions.Logging.ILogger,Extension
garnet:0639,garnet,libs/storage/Tsavorite/cs/src/core/Index/Recovery/Recovery.cs,193,Microsoft.Extensions.Logging.LoggerExtensions,LogInformation,Microsoft.Extensions.Logging.ILogger,Extension
garnet:0640,garnet,libs/storage/Tsavorite/cs/src/core/Index/Recovery/Recovery.cs,309,Microsoft.Extensions.Logging.LoggerExtensions,LogInformation,Microsoft.Extensions.Logging.ILogger,Extension
garnet:0644,garnet,libs/storage/Tsavorite/cs/src/core/Index/Recovery/Recovery.cs,394,Microsoft.Extensions.Logging.LoggerExtensions,LogInformation,Microsoft.Extensions.Logging.ILogger,Extension
garnet:0645,garnet,libs/storage/Tsavorite/cs/src/core/Index/Recovery/Recovery.cs,395,Microsoft.Extensions.Logging.LoggerExtensions,LogInformation,Microsoft.Extensions.Logging.ILogger,Extension
garnet:0646,garnet,libs/storage/Tsavorite/cs/src/core/Index/Recovery/Recovery.cs,396,Microsoft.Extensions.Logging.LoggerExtensions,LogInformation,Microsoft.Extensions.Logging.ILogger,Extension
garnet:0647,garnet,libs/storage/Tsavorite/cs/src/core/Index/Recovery/Recovery.cs,419,Microsoft.Extensions.Logging.LoggerExtensions,LogInformation,Microsoft.Extensions.Logging.ILogger,Extension
garnet:0648,garnet,libs/storage/Tsavorite/cs/src/core/Index/Recovery/Recovery.cs,454,Microsoft.Extensions.Logging.LoggerExtensions,LogInformation,Microsoft.Extensions.Logging.ILogger,Extension
garnet:0649,garnet,libs/storage/Tsavorite/cs/src/core/Index/Recovery/Recovery.cs,500,Microsoft.Extensions.Logging.LoggerExtensions,LogInformation,Microsoft.Extensions.Logging.ILogger,Extension
garnet:0650,garnet,libs/storage/Tsavorite/cs/src/core/Index/Recovery/Recovery.cs,1183,Microsoft.Extensions.Logging.LoggerExtensions,LogError,Microsoft.Extensions.Logging.ILogger,Extension
garnet:0651,garnet,libs/storage/Tsavorite/cs/src/core/Index/Recovery/Recovery.cs,1302,Microsoft.Extensions.Logging.LoggerExtensions,LogError,Microsoft.Extensions.Logging.ILogger,Extension
garnet:0652,garnet,libs/storage/Tsavorite/cs/src/core/Index/Tsavorite/Tsavorite.cs,136,Microsoft.Extensions.Logging.LoggerExtensions,LogInformation,Microsoft.Extensions.Logging.ILogger,Extension
garnet:0654,garnet,libs/storage/Tsavorite/cs/src/core/TsavoriteLog/TsavoriteLog.cs,325,Microsoft.Extensions.Logging.LoggerExtensions,LogError,Microsoft.Extensions.Logging.ILogger,Extension
garnet:0656,garnet,libs/storage/Tsavorite/cs/src/core/TsavoriteLog/TsavoriteLog.cs,2744,Microsoft.Extensions.Logging.LoggerExtensions,LogDebug,Microsoft.Extensions.Logging.ILogger,Extension
garnet:0657,garnet,libs/storage/Tsavorite/cs/src/core/TsavoriteLog/TsavoriteLog.cs,2839,Microsoft.Extensions.Logging.LoggerExtensions,LogError,Microsoft.Extensions.Logging.ILogger,Extension
garnet:0658,garnet,libs/storage/Tsavorite/cs/src/core/TsavoriteLog/TsavoriteLog.cs,2851,Microsoft.Extensions.Logging.LoggerExtensions,LogDebug,Microsoft.Extensions.Logging.ILogger,Extension
garnet:0659,garnet,libs/storage/Tsavorite/cs/src/core/TsavoriteLog/TsavoriteLog.cs,2878,Microsoft.Extensions.Logging.LoggerExtensions,LogError,Microsoft.Extensions.Logging.ILogger,Extension
garnet:0660,garnet,libs/storage/Tsavorite/cs/src/core/TsavoriteLog/TsavoriteLog.cs,2887,Microsoft.Extensions.Logging.LoggerExtensions,LogDebug,Microsoft.Extensions.Logging.ILogger,Extension
garnet:0661,garnet,libs/storage/Tsavorite/cs/src/core/TsavoriteLog/TsavoriteLogIterator.cs,664,Microsoft.Extensions.Logging.LoggerExtensions,LogError,Microsoft.Extensions.Logging.ILogger,Extension
garnet:0662,garnet,libs/storage/Tsavorite/cs/src/core/Utilities/Utility.cs,73,Microsoft.Extensions.Logging.LoggerExtensions,LogError,Microsoft.Extensions.Logging.ILogger,Extension
garnet:0663,garnet,libs/storage/Tsavorite/cs/src/devices/AzureStorageDevice/StorageErrorHandler.cs,89,Microsoft.Extensions.Logging.LoggerExtensions,Log,Microsoft.Extensions.Logging.ILogger,Extension
garnet:0664,garnet,libs/storage/Tsavorite/cs/src/devices/AzureStorageDevice/StorageErrorHandler.cs,97,Microsoft.Extensions.Logging.LoggerExtensions,LogDebug,Microsoft.Extensions.Logging.ILogger,Extension
garnet:0665,garnet,libs/storage/Tsavorite/cs/src/devices/AzureStorageDevice/StorageErrorHandler.cs,99,Microsoft.Extensions.Logging.LoggerExtensions,LogDebug,Microsoft.Extensions.Logging.ILogger,Extension
garnet:0666,garnet,libs/storage/Tsavorite/cs/src/devices/AzureStorageDevice/StorageErrorHandler.cs,121,Microsoft.Extensions.Logging.LoggerExtensions,LogDebug,Microsoft.Extensions.Logging.ILogger,Extension
garnet:0667,garnet,libs/storage/Tsavorite/cs/src/devices/AzureStorageDevice/StorageErrorHandler.cs,127,Microsoft.Extensions.Logging.LoggerExtensions,LogDebug,Microsoft.Extensions.Logging.ILogger,Extension
garnet:0668,garnet,libs/storage/Tsavorite/cs/src/devices/AzureStorageDevice/TsavoriteTraceHelper.cs,44,Microsoft.Extensions.Logging.LoggerExtensions,LogWarning,Microsoft.Extensions.Logging.ILogger,Extension
garnet:0669,garnet,libs/storage/Tsavorite/cs/src/devices/AzureStorageDevice/TsavoriteTraceHelper.cs,56,Microsoft.Extensions.Logging.LoggerExtensions,LogTrace,Microsoft.Extensions.Logging.ILogger,Extension
garnet:0670,garnet,libs/storage/Tsavorite/cs/src/devices/AzureStorageDevice/TsavoriteTraceHelper.cs,67,Microsoft.Extensions.Logging.LoggerExtensions,LogDebug,Microsoft.Extensions.Logging.ILogger,Extension
garnet:0671,garnet,libs/storage/Tsavorite/cs/src/devices/AzureStorageDevice/TsavoriteTraceHelper.cs,83,Microsoft.Extensions.Logging.LoggerExtensions,LogInformation,Microsoft.Extensions.Logging.ILogger,Extension
garnet:0672,garnet,libs/storage/Tsavorite/cs/src/devices/AzureStorageDevice/TsavoriteTraceHelper.cs,94,Microsoft.Extensions.Logging.LoggerExtensions,LogDebug,Microsoft.Extensions.Logging.ILogger,Extension
garnet:0673,garnet,libs/storage/Tsavorite/cs/src/devices/AzureStorageDevice/TsavoriteTraceHelper.cs,105,Microsoft.Extensions.Logging.LoggerExtensions,LogInformation,Microsoft.Extensions.Logging.ILogger,Extension
garnet:0674,garnet,libs/storage/Tsavorite/cs/src/devices/AzureStorageDevice/TsavoriteTraceHelper.cs,116,Microsoft.Extensions.Logging.LoggerExtensions,LogWarning,Microsoft.Extensions.Logging.ILogger,Extension
garnet:0675,garnet,libs/storage/Tsavorite/cs/src/devices/AzureStorageDevice/TsavoriteTraceHelper.cs,127,Microsoft.Extensions.Logging.LoggerExtensions,LogDebug,Microsoft.Extensions.Logging.ILogger,Extension
garnet:0676,garnet,modules/GarnetJSON/JsonModule.cs,24,Microsoft.Extensions.Logging.LoggerExtensions,LogError,Microsoft.Extensions.Logging.ILogger,Extension
garnet:0677,garnet,modules/GarnetJSON/JsonModule.cs,37,Microsoft.Extensions.Logging.LoggerExtensions,LogError,Microsoft.Extensions.Logging.ILogger,Extension
garnet:0678,garnet,modules/NoOpModule/NoOpModule.cs,20,Microsoft.Extensions.Logging.LoggerExtensions,LogError,Microsoft.Extensions.Logging.ILogger,Extension
jellyfin:0001,jellyfin,Emby.Photos/PhotoProvider.cs,148,Microsoft.Extensions.Logging.LoggerExtensions,LogError,Microsoft.Extensions.Logging.ILogger,Extension
jellyfin:0004,jellyfin,Emby.Server.Implementations/AppBase/BaseConfigurationManager.cs,315,Microsoft.Extensions.Logging.LoggerExtensions,LogError,Microsoft.Extensions.Logging.ILogger,Extension
jellyfin:0005,jellyfin,Emby.Server.Implementations/ApplicationHost.cs,308,Microsoft.Extensions.Logging.LoggerExtensions,LogError,Microsoft.Extensions.Logging.ILogger,Extension
jellyfin:0006,jellyfin,Emby.Server.Implementations/ApplicationHost.cs,311,Microsoft.Extensions.Logging.LoggerExtensions,LogError,Microsoft.Extensions.Logging.ILogger,Extension
jellyfin:0008,jellyfin,Emby.Server.Implementations/ApplicationHost.cs,329,Microsoft.Extensions.Logging.LoggerExtensions,LogError,Microsoft.Extensions.Logging.ILogger,Extension
jellyfin:0015,jellyfin,Emby.Server.Implementations/ApplicationHost.cs,627,Microsoft.Extensions.Logging.LoggerExtensions,LogError,Microsoft.Extensions.Logging.ILogger,Extension
jellyfin:0016,jellyfin,Emby.Server.Implementations/ApplicationHost.cs,635,Microsoft.Extensions.Logging.LoggerExtensions,LogError,Microsoft.Extensions.Logging.ILogger,Extension
jellyfin:0018,jellyfin,Emby.Server.Implementations/ApplicationHost.cs,721,Microsoft.Extensions.Logging.LoggerExtensions,LogError,Microsoft.Extensions.Logging.ILogger,Extension
jellyfin:0019,jellyfin,Emby.Server.Implementations/ApplicationHost.cs,727,Microsoft.Extensions.Logging.LoggerExtensions,LogError,Microsoft.Extensions.Logging.ILogger,Extension
jellyfin:0020,jellyfin,Emby.Server.Implementations/ApplicationHost.cs,776,Microsoft.Extensions.Logging.LoggerExtensions,LogInformation,Microsoft.Extensions.Logging.ILogger,Extension
jellyfin:0021,jellyfin,Emby.Server.Implementations/ApplicationHost.cs,814,Microsoft.Extensions.Logging.LoggerExtensions,LogInformation,Microsoft.Extensions.Logging.ILogger,Extension
jellyfin:0024,jellyfin,Emby.Server.Implementations/ApplicationHost.cs,1012,Microsoft.Extensions.Logging.LoggerExtensions,LogError,Microsoft.Extensions.Logging.ILogger,Extension
jellyfin:0025,jellyfin,Emby.Server.Implementations/Chapters/ChapterManager.cs,134,Microsoft.Extensions.Logging.LoggerExtensions,LogInformation,Microsoft.Extensions.Logging.ILogger,Extension
jellyfin:0026,jellyfin,Emby.Server.Implementations/Chapters/ChapterManager.cs,149,Microsoft.Extensions.Logging.LoggerExtensions,LogInformation,Microsoft.Extensions.Logging.ILogger,Extension
jellyfin:0027,jellyfin,Emby.Server.Implementations/Chapters/ChapterManager.cs,181,Microsoft.Extensions.Logging.LoggerExtensions,LogInformation,Microsoft.Extensions.Logging.ILogger,Extension
jellyfin:0028,jellyfin,Emby.Server.Implementations/Chapters/ChapterManager.cs,191,Microsoft.Extensions.Logging.LoggerExtensions,LogError,Microsoft.Extensions.Logging.ILogger,Extension
jellyfin:0029,jellyfin,Emby.Server.Implementations/Chapters/ChapterManager.cs,200,Microsoft.Extensions.Logging.LoggerExtensions,LogError,Microsoft.Extensions.Logging.ILogger,Extension
jellyfin:0030,jellyfin,Emby.Server.Implementations/Chapters/ChapterManager.cs,244,Microsoft.Extensions.Logging.LoggerExtensions,LogWarning,Microsoft.Extensions.Logging.ILogger,Extension
jellyfin:0031,jellyfin,Emby.Server.Implementations/Chapters/ChapterManager.cs,299,Microsoft.Extensions.Logging.LoggerExtensions,LogDebug,Microsoft.Extensions.Logging.ILogger,Extension
jellyfin:0032,jellyfin,Emby.Server.Implementations/Chapters/ChapterManager.cs,307,Microsoft.Extensions.Logging.LoggerExtensions,LogError,Microsoft.Extensions.Logging.ILogger,Extension
jellyfin:0033,jellyfin,Emby.Server.Implementations/Collections/CollectionManager.cs,279,Microsoft.Extensions.Logging.LoggerExtensions,LogWarning,Microsoft.Extensions.Logging.ILogger,Extension
jellyfin:0035,jellyfin,Emby.Server.Implementations/Data/CleanDatabaseScheduledTask.cs,68,Microsoft.Extensions.Logging.LoggerExtensions,LogInformation,Microsoft.Extensions.Logging.ILogger,Extension
jellyfin:0036,jellyfin,Emby.Server.Implementations/Data/CleanDatabaseScheduledTask.cs,90,Microsoft.Extensions.Logging.LoggerExtensions,LogWarning,Microsoft.Extensions.Logging.ILogger,Extension
jellyfin:0037,jellyfin,Emby.Server.Implementations/Data/CleanDatabaseScheduledTask.cs,143,Microsoft.Extensions.Logging.LoggerExtensions,LogInformation,Microsoft.Extensions.Logging.ILogger,Extension
jellyfin:0038,jellyfin,Emby.Server.Implementations/Devices/DeviceId.cs,44,Microsoft.Extensions.Logging.LoggerExtensions,LogError,Microsoft.Extensions.Logging.ILogger,Extension
jellyfin:0039,jellyfin,Emby.Server.Implementations/Devices/DeviceId.cs,55,Microsoft.Extensions.Logging.LoggerExtensions,LogError,Microsoft.Extensions.Logging.ILogger,Extension
jellyfin:0040,jellyfin,Emby.Server.Implementations/Devices/DeviceId.cs,76,Microsoft.Extensions.Logging.LoggerExtensions,LogError,Microsoft.Extensions.Logging.ILogger,Extension
jellyfin:0041,jellyfin,Emby.Server.Implementations/Dto/DtoService.cs,338,Microsoft.Extensions.Logging.LoggerExtensions,LogError,Microsoft.Extensions.Logging.ILogger,Extension
jellyfin:0042,jellyfin,Emby.Server.Implementations/Dto/DtoService.cs,721,Microsoft.Extensions.Logging.LoggerExtensions,LogError,Microsoft.Extensions.Logging.ILogger,Extension
jellyfin:0043,jellyfin,Emby.Server.Implementations/Dto/DtoService.cs,785,Microsoft.Extensions.Logging.LoggerExtensions,LogError,Microsoft.Extensions.Logging.ILogger,Extension
jellyfin:0044,jellyfin,Emby.Server.Implementations/Dto/DtoService.cs,1646,Microsoft.Extensions.Logging.LoggerExtensions,LogError,Microsoft.Extensions.Logging.ILogger,Extension
jellyfin:0045,jellyfin,Emby.Server.Implementations/EntryPoints/LibraryChangedNotifier.cs,271,Microsoft.Extensions.Logging.LoggerExtensions,LogError,Microsoft.Extensions.Logging.ILogger,Extension
jellyfin:0046,jellyfin,Emby.Server.Implementations/EntryPoints/LibraryChangedNotifier.cs,291,Microsoft.Extensions.Logging.LoggerExtensions,LogError,Microsoft.Extensions.Logging.ILogger,Extension
jellyfin:0047,jellyfin,Emby.Server.Implementations/HttpServer/WebSocketConnection.cs,115,Microsoft.Extensions.Logging.LoggerExtensions,LogWarning,Microsoft.Extensions.Logging.ILogger,Extension
jellyfin:0048,jellyfin,Emby.Server.Implementations/HttpServer/WebSocketConnection.cs,181,Microsoft.Extensions.Logging.LoggerExtensions,LogError,Microsoft.Extensions.Logging.ILogger,Extension
jellyfin:0049,jellyfin,Emby.Server.Implementations/HttpServer/WebSocketConnection.cs,187,Microsoft.Extensions.Logging.LoggerExtensions,LogError,Microsoft.Extensions.Logging.ILogger,Extension
jellyfin:0050,jellyfin,Emby.Server.Implementations/HttpServer/WebSocketConnection.cs,194,Microsoft.Extensions.Logging.LoggerExtensions,LogDebug,Microsoft.Extensions.Logging.ILogger,Extension
jellyfin:0051,jellyfin,Emby.Server.Implementations/HttpServer/WebSocketConnection.cs,214,Microsoft.Extensions.Logging.LoggerExtensions,LogWarning,Microsoft.Extensions.Logging.ILogger,Extension
jellyfin:0052,jellyfin,Emby.Server.Implementations/IO/FileRefresher.cs,28,Microsoft.Extensions.Logging.LoggerExtensions,LogDebug,Microsoft.Extensions.Logging.ILogger,Extension
jellyfin:0053,jellyfin,Emby.Server.Implementations/IO/FileRefresher.cs,92,Microsoft.Extensions.Logging.LoggerExtensions,LogDebug,Microsoft.Extensions.Logging.ILogger,Extension
jellyfin:0054,jellyfin,Emby.Server.Implementations/IO/FileRefresher.cs,115,Microsoft.Extensions.Logging.LoggerExtensions,LogDebug,Microsoft.Extensions.Logging.ILogger,Extension
jellyfin:0055,jellyfin,Emby.Server.Implementations/IO/FileRefresher.cs,126,Microsoft.Extensions.Logging.LoggerExtensions,LogError,Microsoft.Extensions.Logging.ILogger,Extension
jellyfin:0056,jellyfin,Emby.Server.Implementations/IO/FileRefresher.cs,145,Microsoft.Extensions.Logging.LoggerExtensions,LogInformation,Microsoft.Extensions.Logging.ILogger,Extension
jellyfin:0057,jellyfin,Emby.Server.Implementations/IO/FileRefresher.cs,153,Microsoft.Extensions.Logging.LoggerExtensions,LogError,Microsoft.Extensions.Logging.ILogger,Extension
jellyfin:0058,jellyfin,Emby.Server.Implementations/IO/LibraryMonitor.cs,98,Microsoft.Extensions.Logging.LoggerExtensions,LogError,Microsoft.Extensions.Logging.ILogger,Extension
jellyfin:0059,jellyfin,Emby.Server.Implementations/IO/LibraryMonitor.cs,221,Microsoft.Extensions.Logging.LoggerExtensions,LogInformation,Microsoft.Extensions.Logging.ILogger,Extension
jellyfin:0060,jellyfin,Emby.Server.Implementations/IO/LibraryMonitor.cs,257,Microsoft.Extensions.Logging.LoggerExtensions,LogInformation,Microsoft.Extensions.Logging.ILogger,Extension
jellyfin:0061,jellyfin,Emby.Server.Implementations/IO/LibraryMonitor.cs,266,Microsoft.Extensions.Logging.LoggerExtensions,LogError,Microsoft.Extensions.Logging.ILogger,Extension
jellyfin:0062,jellyfin,Emby.Server.Implementations/IO/LibraryMonitor.cs,292,Microsoft.Extensions.Logging.LoggerExtensions,LogInformation,Microsoft.Extensions.Logging.ILogger,Extension
jellyfin:0063,jellyfin,Emby.Server.Implementations/IO/LibraryMonitor.cs,324,Microsoft.Extensions.Logging.LoggerExtensions,LogError,Microsoft.Extensions.Logging.ILogger,Extension
jellyfin:0064,jellyfin,Emby.Server.Implementations/IO/LibraryMonitor.cs,328,Microsoft.Extensions.Logging.LoggerExtensions,LogError,Microsoft.Extensions.Logging.ILogger,Extension
jellyfin:0065,jellyfin,Emby.Server.Implementations/IO/LibraryMonitor.cs,346,Microsoft.Extensions.Logging.LoggerExtensions,LogError,Microsoft.Extensions.Logging.ILogger,Extension
jellyfin:0066,jellyfin,Emby.Server.Implementations/IO/LibraryMonitor.cs,372,Microsoft.Extensions.Logging.LoggerExtensions,LogDebug,Microsoft.Extensions.Logging.ILogger,Extension
jellyfin:0067,jellyfin,Emby.Server.Implementations/IO/LibraryMonitor.cs,380,Microsoft.Extensions.Logging.LoggerExtensions,LogDebug,Microsoft.Extensions.Logging.ILogger,Extension
jellyfin:0068,jellyfin,Emby.Server.Implementations/IO/ManagedFileSystem.cs,282,Microsoft.Extensions.Logging.LoggerExtensions,LogError,Microsoft.Extensions.Logging.ILogger,Extension
jellyfin:0069,jellyfin,Emby.Server.Implementations/IO/ManagedFileSystem.cs,351,Microsoft.Extensions.Logging.LoggerExtensions,LogError,Microsoft.Extensions.Logging.ILogger,Extension
jellyfin:0070,jellyfin,Emby.Server.Implementations/IO/ManagedFileSystem.cs,388,Microsoft.Extensions.Logging.LoggerExtensions,LogError,Microsoft.Extensions.Logging.ILogger,Extension
jellyfin:0071,jellyfin,Emby.Server.Implementations/IO/ManagedFileSystem.cs,591,Microsoft.Extensions.Logging.LoggerExtensions,LogWarning,Microsoft.Extensions.Logging.ILogger,Extension
jellyfin:0072,jellyfin,Emby.Server.Implementations/IO/ManagedFileSystem.cs,694,Microsoft.Extensions.Logging.LoggerExtensions,LogError,Microsoft.Extensions.Logging.ILogger,Extension
jellyfin:0073,jellyfin,Emby.Server.Implementations/Library/ExternalDataManager.cs,67,Microsoft.Extensions.Logging.LoggerExtensions,LogWarning,Microsoft.Extensions.Logging.ILogger,Extension
jellyfin:0074,jellyfin,Emby.Server.Implementations/Library/LibraryManager.cs,370,Microsoft.Extensions.Logging.LoggerExtensions,LogDebug,Microsoft.Extensions.Logging.ILogger,Extension
jellyfin:0075,jellyfin,Emby.Server.Implementations/Library/LibraryManager.cs,383,Microsoft.Extensions.Logging.LoggerExtensions,LogError,Microsoft.Extensions.Logging.ILogger,Extension
jellyfin:0076,jellyfin,Emby.Server.Implementations/Library/LibraryManager.cs,419,Microsoft.Extensions.Logging.LoggerExtensions,LogDebug,Microsoft.Extensions.Logging.ILogger,Extension
jellyfin:0077,jellyfin,Emby.Server.Implementations/Library/LibraryManager.cs,428,Microsoft.Extensions.Logging.LoggerExtensions,LogInformation,Microsoft.Extensions.Logging.ILogger,Extension
jellyfin:0078,jellyfin,Emby.Server.Implementations/Library/LibraryManager.cs,467,Microsoft.Extensions.Logging.LoggerExtensions,LogInformation,Microsoft.Extensions.Logging.ILogger,Extension
jellyfin:0079,jellyfin,Emby.Server.Implementations/Library/LibraryManager.cs,480,Microsoft.Extensions.Logging.LoggerExtensions,LogInformation,Microsoft.Extensions.Logging.ILogger,Extension
jellyfin:0080,jellyfin,Emby.Server.Implementations/Library/LibraryManager.cs,540,Microsoft.Extensions.Logging.LoggerExtensions,LogDebug,Microsoft.Extensions.Logging.ILogger,Extension
jellyfin:0081,jellyfin,Emby.Server.Implementations/Library/LibraryManager.cs,553,Microsoft.Extensions.Logging.LoggerExtensions,LogError,Microsoft.Extensions.Logging.ILogger,Extension
jellyfin:0082,jellyfin,Emby.Server.Implementations/Library/LibraryManager.cs,595,Microsoft.Extensions.Logging.LoggerExtensions,LogInformation,Microsoft.Extensions.Logging.ILogger,Extension
jellyfin:0083,jellyfin,Emby.Server.Implementations/Library/LibraryManager.cs,613,Microsoft.Extensions.Logging.LoggerExtensions,LogInformation,Microsoft.Extensions.Logging.ILogger,Extension
jellyfin:0084,jellyfin,Emby.Server.Implementations/Library/LibraryManager.cs,622,Microsoft.Extensions.Logging.LoggerExtensions,LogInformation,Microsoft.Extensions.Logging.ILogger,Extension
jellyfin:0085,jellyfin,Emby.Server.Implementations/Library/LibraryManager.cs,749,Microsoft.Extensions.Logging.LoggerExtensions,LogError,Microsoft.Extensions.Logging.ILogger,Extension
jellyfin:0086,jellyfin,Emby.Server.Implementations/Library/LibraryManager.cs,802,Microsoft.Extensions.Logging.LoggerExtensions,LogInformation,Microsoft.Extensions.Logging.ILogger,Extension
jellyfin:0087,jellyfin,Emby.Server.Implementations/Library/LibraryManager.cs,891,Microsoft.Extensions.Logging.LoggerExtensions,LogError,Microsoft.Extensions.Logging.ILogger,Extension
jellyfin:0088,jellyfin,Emby.Server.Implementations/Library/LibraryManager.cs,938,Microsoft.Extensions.Logging.LoggerExtensions,LogInformation,Microsoft.Extensions.Logging.ILogger,Extension
jellyfin:0089,jellyfin,Emby.Server.Implementations/Library/LibraryManager.cs,1001,Microsoft.Extensions.Logging.LoggerExtensions,LogError,Microsoft.Extensions.Logging.ILogger,Extension
jellyfin:0090,jellyfin,Emby.Server.Implementations/Library/LibraryManager.cs,1027,Microsoft.Extensions.Logging.LoggerExtensions,LogInformation,Microsoft.Extensions.Logging.ILogger,Extension
jellyfin:0092,jellyfin,Emby.Server.Implementations/Library/LibraryManager.cs,1089,Microsoft.Extensions.Logging.LoggerExtensions,LogError,Microsoft.Extensions.Logging.ILogger,Extension
jellyfin:0094,jellyfin,Emby.Server.Implementations/Library/LibraryManager.cs,1102,Microsoft.Extensions.Logging.LoggerExtensions,LogInformation,Microsoft.Extensions.Logging.ILogger,Extension
jellyfin:0098,jellyfin,Emby.Server.Implementations/Library/LibraryManager.cs,1440,Microsoft.Extensions.Logging.LoggerExtensions,LogInformation,Microsoft.Extensions.Logging.ILogger,Extension
jellyfin:0102,jellyfin,Emby.Server.Implementations/Library/LibraryManager.cs,1497,Microsoft.Extensions.Logging.LoggerExtensions,LogError,Microsoft.Extensions.Logging.ILogger,Extension
jellyfin:0103,jellyfin,Emby.Server.Implementations/Library/LibraryManager.cs,2076,Microsoft.Extensions.Logging.LoggerExtensions,LogError,Microsoft.Extensions.Logging.ILogger,Extension
jellyfin:0104,jellyfin,Emby.Server.Implementations/Library/LibraryManager.cs,2098,Microsoft.Extensions.Logging.LoggerExtensions,LogError,Microsoft.Extensions.Logging.ILogger,Extension
jellyfin:0105,jellyfin,Emby.Server.Implementations/Library/LibraryManager.cs,2110,Microsoft.Extensions.Logging.LoggerExtensions,LogError,Microsoft.Extensions.Logging.ILogger,Extension
jellyfin:0106,jellyfin,Emby.Server.Implementations/Library/LibraryManager.cs,2129,Microsoft.Extensions.Logging.LoggerExtensions,LogError,Microsoft.Extensions.Logging.ILogger,Extension
jellyfin:0107,jellyfin,Emby.Server.Implementations/Library/LibraryManager.cs,2134,Microsoft.Extensions.Logging.LoggerExtensions,LogError,Microsoft.Extensions.Logging.ILogger,Extension
jellyfin:0108,jellyfin,Emby.Server.Implementations/Library/LibraryManager.cs,2352,Microsoft.Extensions.Logging.LoggerExtensions,LogError,Microsoft.Extensions.Logging.ILogger,Extension
jellyfin:0109,jellyfin,Emby.Server.Implementations/Library/LibraryManager.cs,2373,Microsoft.Extensions.Logging.LoggerExtensions,LogError,Microsoft.Extensions.Logging.ILogger,Extension
jellyfin:0110,jellyfin,Emby.Server.Implementations/Library/LibraryManager.cs,2408,Microsoft.Extensions.Logging.LoggerExtensions,LogWarning,Microsoft.Extensions.Logging.ILogger,Extension
jellyfin:0111,jellyfin,Emby.Server.Implementations/Library/LibraryManager.cs,2413,Microsoft.Extensions.Logging.LoggerExtensions,LogWarning,Microsoft.Extensions.Logging.ILogger,Extension
jellyfin:0112,jellyfin,Emby.Server.Implementations/Library/LibraryManager.cs,2418,Microsoft.Extensions.Logging.LoggerExtensions,LogWarning,Microsoft.Extensions.Logging.ILogger,Extension
jellyfin:0113,jellyfin,Emby.Server.Implementations/Library/LibraryManager.cs,2425,Microsoft.Extensions.Logging.LoggerExtensions,LogWarning,Microsoft.Extensions.Logging.ILogger,Extension
jellyfin:0114,jellyfin,Emby.Server.Implementations/Library/LibraryManager.cs,2438,Microsoft.Extensions.Logging.LoggerExtensions,LogError,Microsoft.Extensions.Logging.ILogger,Extension
jellyfin:0115,jellyfin,Emby.Server.Implementations/Library/LibraryManager.cs,2451,Microsoft.Extensions.Logging.LoggerExtensions,LogError,Microsoft.Extensions.Logging.ILogger,Extension
jellyfin:0116,jellyfin,Emby.Server.Implementations/Library/LibraryManager.cs,2462,Microsoft.Extensions.Logging.LoggerExtensions,LogError,Microsoft.Extensions.Logging.ILogger,Extension
jellyfin:0117,jellyfin,Emby.Server.Implementations/Library/LibraryManager.cs,2559,Microsoft.Extensions.Logging.LoggerExtensions,LogError,Microsoft.Extensions.Logging.ILogger,Extension
jellyfin:0118,jellyfin,Emby.Server.Implementations/Library/LibraryManager.cs,2606,Microsoft.Extensions.Logging.LoggerExtensions,LogError,Microsoft.Extensions.Logging.ILogger,Extension
jellyfin:0119,jellyfin,Emby.Server.Implementations/Library/LibraryManager.cs,3324,Microsoft.Extensions.Logging.LoggerExtensions,LogError,Microsoft.Extensions.Logging.ILogger,Extension
jellyfin:0120,jellyfin,Emby.Server.Implementations/Library/LibraryManager.cs,3374,Microsoft.Extensions.Logging.LoggerExtensions,LogDebug,Microsoft.Extensions.Logging.ILogger,Extension
jellyfin:0121,jellyfin,Emby.Server.Implementations/Library/LibraryManager.cs,3387,Microsoft.Extensions.Logging.LoggerExtensions,LogDebug,Microsoft.Extensions.Logging.ILogger,Extension
jellyfin:0122,jellyfin,Emby.Server.Implementations/Library/LibraryManager.cs,3508,Microsoft.Extensions.Logging.LoggerExtensions,LogWarning,Microsoft.Extensions.Logging.ILogger,Extension
jellyfin:0123,jellyfin,Emby.Server.Implementations/Library/LiveStreamHelper.cs,61,Microsoft.Extensions.Logging.LoggerExtensions,LogDebug,Microsoft.Extensions.Logging.ILogger,Extension
jellyfin:0124,jellyfin,Emby.Server.Implementations/Library/LiveStreamHelper.cs,65,Microsoft.Extensions.Logging.LoggerExtensions,LogError,Microsoft.Extensions.Logging.ILogger,Extension
jellyfin:0125,jellyfin,Emby.Server.Implementations/Library/LiveStreamHelper.cs,75,Microsoft.Extensions.Logging.LoggerExtensions,LogInformation,Microsoft.Extensions.Logging.ILogger,Extension
jellyfin:0126,jellyfin,Emby.Server.Implementations/Library/LiveStreamHelper.cs,99,Microsoft.Extensions.Logging.LoggerExtensions,LogDebug,Microsoft.Extensions.Logging.ILogger,Extension
jellyfin:0127,jellyfin,Emby.Server.Implementations/Library/LiveStreamHelper.cs,120,Microsoft.Extensions.Logging.LoggerExtensions,LogInformation,Microsoft.Extensions.Logging.ILogger,Extension
jellyfin:0128,jellyfin,Emby.Server.Implementations/Library/MediaSourceManager.cs,317,Microsoft.Extensions.Logging.LoggerExtensions,LogError,Microsoft.Extensions.Logging.ILogger,Extension
jellyfin:0129,jellyfin,Emby.Server.Implementations/Library/MediaSourceManager.cs,591,Microsoft.Extensions.Logging.LoggerExtensions,LogError,Microsoft.Extensions.Logging.ILogger,Extension
jellyfin:0130,jellyfin,Emby.Server.Implementations/Library/MediaSourceManager.cs,597,Microsoft.Extensions.Logging.LoggerExtensions,LogInformation,Microsoft.Extensions.Logging.ILogger,Extension
jellyfin:0131,jellyfin,Emby.Server.Implementations/Library/MediaSourceManager.cs,713,Microsoft.Extensions.Logging.LoggerExtensions,LogDebug,Microsoft.Extensions.Logging.ILogger,Extension
jellyfin:0132,jellyfin,Emby.Server.Implementations/Library/MediaSourceManager.cs,774,Microsoft.Extensions.Logging.LoggerExtensions,LogInformation,Microsoft.Extensions.Logging.ILogger,Extension
jellyfin:0133,jellyfin,Emby.Server.Implementations/Library/MediaSourceManager.cs,919,Microsoft.Extensions.Logging.LoggerExtensions,LogInformation,Microsoft.Extensions.Logging.ILogger,Extension
jellyfin:0134,jellyfin,Emby.Server.Implementations/Library/MediaSourceManager.cs,925,Microsoft.Extensions.Logging.LoggerExtensions,LogInformation,Microsoft.Extensions.Logging.ILogger,Extension
jellyfin:0135,jellyfin,Emby.Server.Implementations/Library/MediaSourceManager.cs,928,Microsoft.Extensions.Logging.LoggerExtensions,LogInformation,Microsoft.Extensions.Logging.ILogger,Extension
jellyfin:0136,jellyfin,Emby.Server.Implementations/Library/Resolvers/Audio/MusicAlbumResolver.cs,109,Microsoft.Extensions.Logging.LoggerExtensions,LogDebug,Microsoft.Extensions.Logging.ILogger,Extension
jellyfin:0137,jellyfin,Emby.Server.Implementations/Library/Resolvers/Audio/MusicAlbumResolver.cs,162,Microsoft.Extensions.Logging.LoggerExtensions,LogDebug,Microsoft.Extensions.Logging.ILogger,Extension
jellyfin:0138,jellyfin,Emby.Server.Implementations/Library/Resolvers/BaseVideoResolver.cs,195,Microsoft.Extensions.Logging.LoggerExtensions,LogError,Microsoft.Extensions.Logging.ILogger,Extension
jellyfin:0139,jellyfin,Emby.Server.Implementations/Library/Resolvers/TV/SeasonResolver.cs,77,Microsoft.Extensions.Logging.LoggerExtensions,LogDebug,Microsoft.Extensions.Logging.ILogger,Extension
jellyfin:0140,jellyfin,Emby.Server.Implementations/Library/Resolvers/TV/SeriesResolver.cs,123,Microsoft.Extensions.Logging.LoggerExtensions,LogDebug,Microsoft.Extensions.Logging.ILogger,Extension
jellyfin:0143,jellyfin,Emby.Server.Implementations/Library/Validators/ArtistsValidator.cs,91,Microsoft.Extensions.Logging.LoggerExtensions,LogError,Microsoft.Extensions.Logging.ILogger,Extension
jellyfin:0145,jellyfin,Emby.Server.Implementations/Library/Validators/ArtistsValidator.cs,115,Microsoft.Extensions.Logging.LoggerExtensions,LogInformation,Microsoft.Extensions.Logging.ILogger,Extension
jellyfin:0146,jellyfin,Emby.Server.Implementations/Library/Validators/CollectionPostScanTask.cs,147,Microsoft.Extensions.Logging.LoggerExtensions,LogError,Microsoft.Extensions.Logging.ILogger,Extension
jellyfin:0147,jellyfin,Emby.Server.Implementations/Library/Validators/GenresValidator.cs,94,Microsoft.Extensions.Logging.LoggerExtensions,LogError,Microsoft.Extensions.Logging.ILogger,Extension
jellyfin:0149,jellyfin,Emby.Server.Implementations/Library/Validators/GenresValidator.cs,116,Microsoft.Extensions.Logging.LoggerExtensions,LogInformation,Microsoft.Extensions.Logging.ILogger,Extension
jellyfin:0150,jellyfin,Emby.Server.Implementations/Library/Validators/MusicGenresValidator.cs,78,Microsoft.Extensions.Logging.LoggerExtensions,LogError,Microsoft.Extensions.Logging.ILogger,Extension
jellyfin:0152,jellyfin,Emby.Server.Implementations/Library/Validators/PeopleValidator.cs,60,Microsoft.Extensions.Logging.LoggerExtensions,LogDebug,Microsoft.Extensions.Logging.ILogger,Extension
jellyfin:0153,jellyfin,Emby.Server.Implementations/Library/Validators/PeopleValidator.cs,71,Microsoft.Extensions.Logging.LoggerExtensions,LogWarning,Microsoft.Extensions.Logging.ILogger,Extension
jellyfin:0154,jellyfin,Emby.Server.Implementations/Library/Validators/PeopleValidator.cs,89,Microsoft.Extensions.Logging.LoggerExtensions,LogError,Microsoft.Extensions.Logging.ILogger,Extension
jellyfin:0155,jellyfin,Emby.Server.Implementations/Library/Validators/PeopleValidator.cs,118,Microsoft.Extensions.Logging.LoggerExtensions,LogInformation,Microsoft.Extensions.Logging.ILogger,Extension
jellyfin:0156,jellyfin,Emby.Server.Implementations/Library/Validators/StudiosValidator.cs,95,Microsoft.Extensions.Logging.LoggerExtensions,LogError,Microsoft.Extensions.Logging.ILogger,Extension
jellyfin:0158,jellyfin,Emby.Server.Implementations/Library/Validators/StudiosValidator.cs,117,Microsoft.Extensions.Logging.LoggerExtensions,LogInformation,Microsoft.Extensions.Logging.ILogger,Extension
jellyfin:0161,jellyfin,Emby.Server.Implementations/Playlists/PlaylistManager.cs,241,Microsoft.Extensions.Logging.LoggerExtensions,LogWarning,Microsoft.Extensions.Logging.ILogger,Extension
jellyfin:0162,jellyfin,Emby.Server.Implementations/Playlists/PlaylistManager.cs,354,Microsoft.Extensions.Logging.LoggerExtensions,LogWarning,Microsoft.Extensions.Logging.ILogger,Extension
jellyfin:0163,jellyfin,Emby.Server.Implementations/Plugins/PluginManager.cs,126,Microsoft.Extensions.Logging.LoggerExtensions,LogInformation,Microsoft.Extensions.Logging.ILogger,Extension
jellyfin:0164,jellyfin,Emby.Server.Implementations/Plugins/PluginManager.cs,144,Microsoft.Extensions.Logging.LoggerExtensions,LogError,Microsoft.Extensions.Logging.ILogger,Extension
jellyfin:0165,jellyfin,Emby.Server.Implementations/Plugins/PluginManager.cs,153,Microsoft.Extensions.Logging.LoggerExtensions,LogError,Microsoft.Extensions.Logging.ILogger,Extension
jellyfin:0166,jellyfin,Emby.Server.Implementations/Plugins/PluginManager.cs,174,Microsoft.Extensions.Logging.LoggerExtensions,LogError,Microsoft.Extensions.Logging.ILogger,Extension
jellyfin:0167,jellyfin,Emby.Server.Implementations/Plugins/PluginManager.cs,182,Microsoft.Extensions.Logging.LoggerExtensions,LogError,Microsoft.Extensions.Logging.ILogger,Extension
jellyfin:0168,jellyfin,Emby.Server.Implementations/Plugins/PluginManager.cs,187,Microsoft.Extensions.Logging.LoggerExtensions,LogInformation,Microsoft.Extensions.Logging.ILogger,Extension
jellyfin:0169,jellyfin,Emby.Server.Implementations/Plugins/PluginManager.cs,213,Microsoft.Extensions.Logging.LoggerExtensions,LogError,Microsoft.Extensions.Logging.ILogger,Extension
jellyfin:0170,jellyfin,Emby.Server.Implementations/Plugins/PluginManager.cs,232,Microsoft.Extensions.Logging.LoggerExtensions,LogError,Microsoft.Extensions.Logging.ILogger,Extension
jellyfin:0171,jellyfin,Emby.Server.Implementations/Plugins/PluginManager.cs,235,Microsoft.Extensions.Logging.LoggerExtensions,LogInformation,Microsoft.Extensions.Logging.ILogger,Extension
jellyfin:0172,jellyfin,Emby.Server.Implementations/Plugins/PluginManager.cs,276,Microsoft.Extensions.Logging.LoggerExtensions,LogWarning,Microsoft.Extensions.Logging.ILogger,Extension
jellyfin:0173,jellyfin,Emby.Server.Implementations/Plugins/PluginManager.cs,374,Microsoft.Extensions.Logging.LoggerExtensions,LogWarning,Microsoft.Extensions.Logging.ILogger,Extension
jellyfin:0174,jellyfin,Emby.Server.Implementations/Plugins/PluginManager.cs,403,Microsoft.Extensions.Logging.LoggerExtensions,LogError,Microsoft.Extensions.Logging.ILogger,Extension
jellyfin:0178,jellyfin,Emby.Server.Implementations/Plugins/PluginManager.cs,502,Microsoft.Extensions.Logging.LoggerExtensions,LogWarning,Microsoft.Extensions.Logging.ILogger,Extension
jellyfin:0181,jellyfin,Emby.Server.Implementations/Plugins/PluginManager.cs,612,Microsoft.Extensions.Logging.LoggerExtensions,LogError,Microsoft.Extensions.Logging.ILogger,Extension
jellyfin:0182,jellyfin,Emby.Server.Implementations/Plugins/PluginManager.cs,617,Microsoft.Extensions.Logging.LoggerExtensions,LogInformation,Microsoft.Extensions.Logging.ILogger,Extension
jellyfin:0183,jellyfin,Emby.Server.Implementations/Plugins/PluginManager.cs,622,Microsoft.Extensions.Logging.LoggerExtensions,LogDebug,Microsoft.Extensions.Logging.ILogger,Extension
jellyfin:0184,jellyfin,Emby.Server.Implementations/Plugins/PluginManager.cs,655,Microsoft.Extensions.Logging.LoggerExtensions,LogDebug,Microsoft.Extensions.Logging.ILogger,Extension
jellyfin:0185,jellyfin,Emby.Server.Implementations/Plugins/PluginManager.cs,683,Microsoft.Extensions.Logging.LoggerExtensions,LogError,Microsoft.Extensions.Logging.ILogger,Extension
jellyfin:0186,jellyfin,Emby.Server.Implementations/Plugins/PluginManager.cs,687,Microsoft.Extensions.Logging.LoggerExtensions,LogError,Microsoft.Extensions.Logging.ILogger,Extension
jellyfin:0188,jellyfin,Emby.Server.Implementations/Plugins/PluginManager.cs,791,Microsoft.Extensions.Logging.LoggerExtensions,LogDebug,Microsoft.Extensions.Logging.ILogger,Extension
jellyfin:0189,jellyfin,Emby.Server.Implementations/Plugins/PluginManager.cs,799,Microsoft.Extensions.Logging.LoggerExtensions,LogWarning,Microsoft.Extensions.Logging.ILogger,Extension
jellyfin:0193,jellyfin,Emby.Server.Implementations/Plugins/PluginManager.cs,901,Microsoft.Extensions.Logging.LoggerExtensions,LogError,Microsoft.Extensions.Logging.ILogger,Extension
jellyfin:0194,jellyfin,Emby.Server.Implementations/Plugins/PluginManager.cs,905,Microsoft.Extensions.Logging.LoggerExtensions,LogError,Microsoft.Extensions.Logging.ILogger,Extension
jellyfin:0196,jellyfin,Emby.Server.Implementations/QuickConnect/QuickConnectManager.cs,209,Microsoft.Extensions.Logging.LoggerExtensions,LogDebug,Microsoft.Extensions.Logging.ILogger,Extension
jellyfin:0197,jellyfin,Emby.Server.Implementations/QuickConnect/QuickConnectManager.cs,213,Microsoft.Extensions.Logging.LoggerExtensions,LogWarning,Microsoft.Extensions.Logging.ILogger,Extension
jellyfin:0198,jellyfin,Emby.Server.Implementations/QuickConnect/QuickConnectManager.cs,222,Microsoft.Extensions.Logging.LoggerExtensions,LogDebug,Microsoft.Extensions.Logging.ILogger,Extension
jellyfin:0199,jellyfin,Emby.Server.Implementations/QuickConnect/QuickConnectManager.cs,225,Microsoft.Extensions.Logging.LoggerExtensions,LogWarning,Microsoft.Extensions.Logging.ILogger,Extension
jellyfin:0200,jellyfin,Emby.Server.Implementations/ScheduledTasks/ScheduledTaskWorker.cs,98,Microsoft.Extensions.Logging.LoggerExtensions,LogError,Microsoft.Extensions.Logging.ILogger,Extension
jellyfin:0201,jellyfin,Emby.Server.Implementations/ScheduledTasks/ScheduledTaskWorker.cs,103,Microsoft.Extensions.Logging.LoggerExtensions,LogDebug,Microsoft.Extensions.Logging.ILogger,Extension
jellyfin:0205,jellyfin,Emby.Server.Implementations/ScheduledTasks/ScheduledTaskWorker.cs,394,Microsoft.Extensions.Logging.LoggerExtensions,LogInformation,Microsoft.Extensions.Logging.ILogger,Extension
jellyfin:0208,jellyfin,Emby.Server.Implementations/ScheduledTasks/ScheduledTaskWorker.cs,559,Microsoft.Extensions.Logging.LoggerExtensions,LogError,Microsoft.Extensions.Logging.ILogger,Extension
jellyfin:0211,jellyfin,Emby.Server.Implementations/ScheduledTasks/ScheduledTaskWorker.cs,577,Microsoft.Extensions.Logging.LoggerExtensions,LogInformation,Microsoft.Extensions.Logging.ILogger,Extension
jellyfin:0212,jellyfin,Emby.Server.Implementations/ScheduledTasks/ScheduledTaskWorker.cs,582,Microsoft.Extensions.Logging.LoggerExtensions,LogError,Microsoft.Extensions.Logging.ILogger,Extension
jellyfin:0214,jellyfin,Emby.Server.Implementations/ScheduledTasks/ScheduledTaskWorker.cs,595,Microsoft.Extensions.Logging.LoggerExtensions,LogError,Microsoft.Extensions.Logging.ILogger,Extension
jellyfin:0215,jellyfin,Emby.Server.Implementations/ScheduledTasks/TaskManager.cs,84,Microsoft.Extensions.Logging.LoggerExtensions,LogError,Microsoft.Extensions.Logging.ILogger,Extension
jellyfin:0216,jellyfin,Emby.Server.Implementations/ScheduledTasks/TaskManager.cs,119,Microsoft.Extensions.Logging.LoggerExtensions,LogError,Microsoft.Extensions.Logging.ILogger,Extension
jellyfin:0217,jellyfin,Emby.Server.Implementations/ScheduledTasks/TaskManager.cs,125,Microsoft.Extensions.Logging.LoggerExtensions,LogDebug,Microsoft.Extensions.Logging.ILogger,Extension
jellyfin:0218,jellyfin,Emby.Server.Implementations/ScheduledTasks/TaskManager.cs,144,Microsoft.Extensions.Logging.LoggerExtensions,LogError,Microsoft.Extensions.Logging.ILogger,Extension
jellyfin:0220,jellyfin,Emby.Server.Implementations/ScheduledTasks/Tasks/AudioNormalizationTask.cs,109,Microsoft.Extensions.Logging.LoggerExtensions,LogInformation,Microsoft.Extensions.Logging.ILogger,Extension
jellyfin:0221,jellyfin,Emby.Server.Implementations/ScheduledTasks/Tasks/AudioNormalizationTask.cs,131,Microsoft.Extensions.Logging.LoggerExtensions,LogError,Microsoft.Extensions.Logging.ILogger,Extension
jellyfin:0222,jellyfin,Emby.Server.Implementations/ScheduledTasks/Tasks/AudioNormalizationTask.cs,242,Microsoft.Extensions.Logging.LoggerExtensions,LogDebug,Microsoft.Extensions.Logging.ILogger,Extension
jellyfin:0223,jellyfin,Emby.Server.Implementations/ScheduledTasks/Tasks/AudioNormalizationTask.cs,249,Microsoft.Extensions.Logging.LoggerExtensions,LogError,Microsoft.Extensions.Logging.ILogger,Extension
jellyfin:0224,jellyfin,Emby.Server.Implementations/ScheduledTasks/Tasks/AudioNormalizationTask.cs,259,Microsoft.Extensions.Logging.LoggerExtensions,LogWarning,Microsoft.Extensions.Logging.ILogger,Extension
jellyfin:0225,jellyfin,Emby.Server.Implementations/ScheduledTasks/Tasks/AudioNormalizationTask.cs,284,Microsoft.Extensions.Logging.LoggerExtensions,LogError,Microsoft.Extensions.Logging.ILogger,Extension
jellyfin:0226,jellyfin,Emby.Server.Implementations/ScheduledTasks/Tasks/ChapterImagesTask.cs,163,Microsoft.Extensions.Logging.LoggerExtensions,LogError,Microsoft.Extensions.Logging.ILogger,Extension
jellyfin:0227,jellyfin,Emby.Server.Implementations/ScheduledTasks/Tasks/CleanupUserDataTask.cs,60,Microsoft.Extensions.Logging.LoggerExtensions,LogInformation,Microsoft.Extensions.Logging.ILogger,Extension
jellyfin:0228,jellyfin,Emby.Server.Implementations/ScheduledTasks/Tasks/CleanupUserDataTask.cs,64,Microsoft.Extensions.Logging.LoggerExtensions,LogInformation,Microsoft.Extensions.Logging.ILogger,Extension
jellyfin:0229,jellyfin,Emby.Server.Implementations/ScheduledTasks/Tasks/OptimizeDatabaseTask.cs,71,Microsoft.Extensions.Logging.LoggerExtensions,LogInformation,Microsoft.Extensions.Logging.ILogger,Extension
jellyfin:0230,jellyfin,Emby.Server.Implementations/ScheduledTasks/Tasks/OptimizeDatabaseTask.cs,79,Microsoft.Extensions.Logging.LoggerExtensions,LogError,Microsoft.Extensions.Logging.ILogger,Extension
jellyfin:0231,jellyfin,Emby.Server.Implementations/ScheduledTasks/Tasks/PluginUpdateTask.cs,104,Microsoft.Extensions.Logging.LoggerExtensions,LogError,Microsoft.Extensions.Logging.ILogger,Extension
jellyfin:0232,jellyfin,Emby.Server.Implementations/ScheduledTasks/Tasks/PluginUpdateTask.cs,108,Microsoft.Extensions.Logging.LoggerExtensions,LogError,Microsoft.Extensions.Logging.ILogger,Extension
jellyfin:0233,jellyfin,Emby.Server.Implementations/ScheduledTasks/Tasks/PluginUpdateTask.cs,112,Microsoft.Extensions.Logging.LoggerExtensions,LogError,Microsoft.Extensions.Logging.ILogger,Extension
jellyfin:0235,jellyfin,Emby.Server.Implementations/Session/SessionManager.cs,355,Microsoft.Extensions.Logging.LoggerExtensions,LogError,Microsoft.Extensions.Logging.ILogger,Extension
jellyfin:0236,jellyfin,Emby.Server.Implementations/Session/SessionManager.cs,657,Microsoft.Extensions.Logging.LoggerExtensions,LogDebug,Microsoft.Extensions.Logging.ILogger,Extension
jellyfin:0237,jellyfin,Emby.Server.Implementations/Session/SessionManager.cs,672,Microsoft.Extensions.Logging.LoggerExtensions,LogDebug,Microsoft.Extensions.Logging.ILogger,Extension
jellyfin:0238,jellyfin,Emby.Server.Implementations/Session/SessionManager.cs,691,Microsoft.Extensions.Logging.LoggerExtensions,LogDebug,Microsoft.Extensions.Logging.ILogger,Extension
jellyfin:0239,jellyfin,Emby.Server.Implementations/Session/SessionManager.cs,708,Microsoft.Extensions.Logging.LoggerExtensions,LogDebug,Microsoft.Extensions.Logging.ILogger,Extension
jellyfin:0240,jellyfin,Emby.Server.Implementations/Session/SessionManager.cs,798,Microsoft.Extensions.Logging.LoggerExtensions,LogInformation,Microsoft.Extensions.Logging.ILogger,Extension
jellyfin:0241,jellyfin,Emby.Server.Implementations/Session/SessionManager.cs,1075,Microsoft.Extensions.Logging.LoggerExtensions,LogInformation,Microsoft.Extensions.Logging.ILogger,Extension
jellyfin:0242,jellyfin,Emby.Server.Implementations/Session/SessionManager.cs,1403,Microsoft.Extensions.Logging.LoggerExtensions,LogError,Microsoft.Extensions.Logging.ILogger,Extension
jellyfin:0243,jellyfin,Emby.Server.Implementations/Session/SessionManager.cs,1456,Microsoft.Extensions.Logging.LoggerExtensions,LogError,Microsoft.Extensions.Logging.ILogger,Extension
jellyfin:0245,jellyfin,Emby.Server.Implementations/Session/SessionManager.cs,1688,Microsoft.Extensions.Logging.LoggerExtensions,LogError,Microsoft.Extensions.Logging.ILogger,Extension
jellyfin:0247,jellyfin,Emby.Server.Implementations/Session/SessionManager.cs,1723,Microsoft.Extensions.Logging.LoggerExtensions,LogInformation,Microsoft.Extensions.Logging.ILogger,Extension
jellyfin:0248,jellyfin,Emby.Server.Implementations/Session/SessionManager.cs,1739,Microsoft.Extensions.Logging.LoggerExtensions,LogError,Microsoft.Extensions.Logging.ILogger,Extension
jellyfin:0249,jellyfin,Emby.Server.Implementations/Session/SessionManager.cs,1862,Microsoft.Extensions.Logging.LoggerExtensions,LogError,Microsoft.Extensions.Logging.ILogger,Extension
jellyfin:0251,jellyfin,Emby.Server.Implementations/Session/SessionManager.cs,2143,Microsoft.Extensions.Logging.LoggerExtensions,LogError,Microsoft.Extensions.Logging.ILogger,Extension
jellyfin:0252,jellyfin,Emby.Server.Implementations/Session/SessionWebSocketListener.cs,145,Microsoft.Extensions.Logging.LoggerExtensions,LogDebug,Microsoft.Extensions.Logging.ILogger,Extension
jellyfin:0253,jellyfin,Emby.Server.Implementations/Session/SessionWebSocketListener.cs,159,Microsoft.Extensions.Logging.LoggerExtensions,LogWarning,Microsoft.Extensions.Logging.ILogger,Extension
jellyfin:0254,jellyfin,Emby.Server.Implementations/Session/SessionWebSocketListener.cs,176,Microsoft.Extensions.Logging.LoggerExtensions,LogWarning,Microsoft.Extensions.Logging.ILogger,Extension
jellyfin:0255,jellyfin,Emby.Server.Implementations/Session/SessionWebSocketListener.cs,194,Microsoft.Extensions.Logging.LoggerExtensions,LogWarning,Microsoft.Extensions.Logging.ILogger,Extension
jellyfin:0256,jellyfin,Emby.Server.Implementations/Session/SessionWebSocketListener.cs,214,Microsoft.Extensions.Logging.LoggerExtensions,LogDebug,Microsoft.Extensions.Logging.ILogger,Extension
jellyfin:0257,jellyfin,Emby.Server.Implementations/Session/SessionWebSocketListener.cs,226,Microsoft.Extensions.Logging.LoggerExtensions,LogInformation,Microsoft.Extensions.Logging.ILogger,Extension
jellyfin:0258,jellyfin,Emby.Server.Implementations/Session/SessionWebSocketListener.cs,237,Microsoft.Extensions.Logging.LoggerExtensions,LogInformation,Microsoft.Extensions.Logging.ILogger,Extension
jellyfin:0259,jellyfin,Emby.Server.Implementations/Session/SessionWebSocketListener.cs,246,Microsoft.Extensions.Logging.LoggerExtensions,LogInformation,Microsoft.Extensions.Logging.ILogger,Extension
jellyfin:0260,jellyfin,Emby.Server.Implementations/Session/WebSocketController.cs,64,Microsoft.Extensions.Logging.LoggerExtensions,LogDebug,Microsoft.Extensions.Logging.ILogger,Extension
jellyfin:0261,jellyfin,Emby.Server.Implementations/Session/WebSocketController.cs,81,Microsoft.Extensions.Logging.LoggerExtensions,LogDebug,Microsoft.Extensions.Logging.ILogger,Extension
jellyfin:0262,jellyfin,Emby.Server.Implementations/SyncPlay/Group.cs,281,Microsoft.Extensions.Logging.LoggerExtensions,LogInformation,Microsoft.Extensions.Logging.ILogger,Extension
jellyfin:0263,jellyfin,Emby.Server.Implementations/SyncPlay/Group.cs,302,Microsoft.Extensions.Logging.LoggerExtensions,LogInformation,Microsoft.Extensions.Logging.ILogger,Extension
jellyfin:0264,jellyfin,Emby.Server.Implementations/SyncPlay/Group.cs,323,Microsoft.Extensions.Logging.LoggerExtensions,LogInformation,Microsoft.Extensions.Logging.ILogger,Extension
jellyfin:0265,jellyfin,Emby.Server.Implementations/SyncPlay/Group.cs,337,Microsoft.Extensions.Logging.LoggerExtensions,LogInformation,Microsoft.Extensions.Logging.ILogger,Extension
jellyfin:0266,jellyfin,Emby.Server.Implementations/SyncPlay/Group.cs,384,Microsoft.Extensions.Logging.LoggerExtensions,LogInformation,Microsoft.Extensions.Logging.ILogger,Extension
jellyfin:0267,jellyfin,Emby.Server.Implementations/SyncPlay/SyncPlayManager.cs,161,Microsoft.Extensions.Logging.LoggerExtensions,LogWarning,Microsoft.Extensions.Logging.ILogger,Extension
jellyfin:0268,jellyfin,Emby.Server.Implementations/SyncPlay/SyncPlayManager.cs,173,Microsoft.Extensions.Logging.LoggerExtensions,LogWarning,Microsoft.Extensions.Logging.ILogger,Extension
jellyfin:0269,jellyfin,Emby.Server.Implementations/SyncPlay/SyncPlayManager.cs,243,Microsoft.Extensions.Logging.LoggerExtensions,LogInformation,Microsoft.Extensions.Logging.ILogger,Extension
jellyfin:0270,jellyfin,Emby.Server.Implementations/SyncPlay/SyncPlayManager.cs,250,Microsoft.Extensions.Logging.LoggerExtensions,LogWarning,Microsoft.Extensions.Logging.ILogger,Extension
jellyfin:0271,jellyfin,Emby.Server.Implementations/SyncPlay/SyncPlayManager.cs,354,Microsoft.Extensions.Logging.LoggerExtensions,LogWarning,Microsoft.Extensions.Logging.ILogger,Extension
jellyfin:0272,jellyfin,Emby.Server.Implementations/Updates/InstallationManager.cs,146,Microsoft.Extensions.Logging.LoggerExtensions,LogError,Microsoft.Extensions.Logging.ILogger,Extension
jellyfin:0273,jellyfin,Emby.Server.Implementations/Updates/InstallationManager.cs,151,Microsoft.Extensions.Logging.LoggerExtensions,LogError,Microsoft.Extensions.Logging.ILogger,Extension
jellyfin:0274,jellyfin,Emby.Server.Implementations/Updates/InstallationManager.cs,156,Microsoft.Extensions.Logging.LoggerExtensions,LogError,Microsoft.Extensions.Logging.ILogger,Extension
jellyfin:0275,jellyfin,Emby.Server.Implementations/Updates/InstallationManager.cs,161,Microsoft.Extensions.Logging.LoggerExtensions,LogError,Microsoft.Extensions.Logging.ILogger,Extension
jellyfin:0276,jellyfin,Emby.Server.Implementations/Updates/InstallationManager.cs,166,Microsoft.Extensions.Logging.LoggerExtensions,LogError,Microsoft.Extensions.Logging.ILogger,Extension
jellyfin:0277,jellyfin,Emby.Server.Implementations/Updates/InstallationManager.cs,348,Microsoft.Extensions.Logging.LoggerExtensions,LogInformation,Microsoft.Extensions.Logging.ILogger,Extension
jellyfin:0279,jellyfin,Emby.Server.Implementations/Updates/InstallationManager.cs,391,Microsoft.Extensions.Logging.LoggerExtensions,LogWarning,Microsoft.Extensions.Logging.ILogger,Extension
jellyfin:0280,jellyfin,Emby.Server.Implementations/Updates/InstallationManager.cs,520,Microsoft.Extensions.Logging.LoggerExtensions,LogError,Microsoft.Extensions.Logging.ILogger,Extension
jellyfin:0285,jellyfin,Jellyfin.Api/Controllers/DisplayPreferencesController.cs,205,Microsoft.Extensions.Logging.LoggerExtensions,LogError,Microsoft.Extensions.Logging.ILogger,Extension
jellyfin:0286,jellyfin,Jellyfin.Api/Controllers/DynamicHlsController.cs,1464,Microsoft.Extensions.Logging.LoggerExtensions,LogDebug,Microsoft.Extensions.Logging.ILogger,Extension
jellyfin:0287,jellyfin,Jellyfin.Api/Controllers/DynamicHlsController.cs,1474,Microsoft.Extensions.Logging.LoggerExtensions,LogDebug,Microsoft.Extensions.Logging.ILogger,Extension
jellyfin:0288,jellyfin,Jellyfin.Api/Controllers/DynamicHlsController.cs,1483,Microsoft.Extensions.Logging.LoggerExtensions,LogDebug,Microsoft.Extensions.Logging.ILogger,Extension
jellyfin:0289,jellyfin,Jellyfin.Api/Controllers/DynamicHlsController.cs,1489,Microsoft.Extensions.Logging.LoggerExtensions,LogDebug,Microsoft.Extensions.Logging.ILogger,Extension
jellyfin:0290,jellyfin,Jellyfin.Api/Controllers/DynamicHlsController.cs,1494,Microsoft.Extensions.Logging.LoggerExtensions,LogDebug,Microsoft.Extensions.Logging.ILogger,Extension
jellyfin:0291,jellyfin,Jellyfin.Api/Controllers/DynamicHlsController.cs,1545,Microsoft.Extensions.Logging.LoggerExtensions,LogDebug,Microsoft.Extensions.Logging.ILogger,Extension
jellyfin:0292,jellyfin,Jellyfin.Api/Controllers/DynamicHlsController.cs,1618,Microsoft.Extensions.Logging.LoggerExtensions,LogError,Microsoft.Extensions.Logging.ILogger,Extension
jellyfin:0293,jellyfin,Jellyfin.Api/Controllers/DynamicHlsController.cs,1925,Microsoft.Extensions.Logging.LoggerExtensions,LogDebug,Microsoft.Extensions.Logging.ILogger,Extension
jellyfin:0294,jellyfin,Jellyfin.Api/Controllers/DynamicHlsController.cs,1934,Microsoft.Extensions.Logging.LoggerExtensions,LogDebug,Microsoft.Extensions.Logging.ILogger,Extension
jellyfin:0295,jellyfin,Jellyfin.Api/Controllers/DynamicHlsController.cs,1950,Microsoft.Extensions.Logging.LoggerExtensions,LogDebug,Microsoft.Extensions.Logging.ILogger,Extension
jellyfin:0296,jellyfin,Jellyfin.Api/Controllers/DynamicHlsController.cs,1968,Microsoft.Extensions.Logging.LoggerExtensions,LogWarning,Microsoft.Extensions.Logging.ILogger,Extension
jellyfin:0297,jellyfin,Jellyfin.Api/Controllers/DynamicHlsController.cs,1972,Microsoft.Extensions.Logging.LoggerExtensions,LogDebug,Microsoft.Extensions.Logging.ILogger,Extension
jellyfin:0298,jellyfin,Jellyfin.Api/Controllers/DynamicHlsController.cs,1979,Microsoft.Extensions.Logging.LoggerExtensions,LogWarning,Microsoft.Extensions.Logging.ILogger,Extension
jellyfin:0299,jellyfin,Jellyfin.Api/Controllers/DynamicHlsController.cs,1991,Microsoft.Extensions.Logging.LoggerExtensions,LogDebug,Microsoft.Extensions.Logging.ILogger,Extension
jellyfin:0300,jellyfin,Jellyfin.Api/Controllers/DynamicHlsController.cs,2064,Microsoft.Extensions.Logging.LoggerExtensions,LogDebug,Microsoft.Extensions.Logging.ILogger,Extension
jellyfin:0301,jellyfin,Jellyfin.Api/Controllers/DynamicHlsController.cs,2072,Microsoft.Extensions.Logging.LoggerExtensions,LogError,Microsoft.Extensions.Logging.ILogger,Extension
jellyfin:0302,jellyfin,Jellyfin.Api/Controllers/DynamicHlsController.cs,2079,Microsoft.Extensions.Logging.LoggerExtensions,LogError,Microsoft.Extensions.Logging.ILogger,Extension
jellyfin:0303,jellyfin,Jellyfin.Api/Controllers/ImageController.cs,229,Microsoft.Extensions.Logging.LoggerExtensions,LogError,Microsoft.Extensions.Logging.ILogger,Extension
jellyfin:0304,jellyfin,Jellyfin.Api/Controllers/ImageController.cs,1796,Microsoft.Extensions.Logging.LoggerExtensions,LogError,Microsoft.Extensions.Logging.ILogger,Extension
jellyfin:0305,jellyfin,Jellyfin.Api/Controllers/ImageController.cs,1815,Microsoft.Extensions.Logging.LoggerExtensions,LogError,Microsoft.Extensions.Logging.ILogger,Extension
jellyfin:0306,jellyfin,Jellyfin.Api/Controllers/ItemLookupController.cs,259,Microsoft.Extensions.Logging.LoggerExtensions,LogInformation,Microsoft.Extensions.Logging.ILogger,Extension
jellyfin:0307,jellyfin,Jellyfin.Api/Controllers/ItemsController.cs,325,Microsoft.Extensions.Logging.LoggerExtensions,LogWarning,Microsoft.Extensions.Logging.ILogger,Extension
jellyfin:0308,jellyfin,Jellyfin.Api/Controllers/LibraryController.cs,328,Microsoft.Extensions.Logging.LoggerExtensions,LogError,Microsoft.Extensions.Logging.ILogger,Extension
jellyfin:0309,jellyfin,Jellyfin.Api/Controllers/MediaInfoController.cs,138,Microsoft.Extensions.Logging.LoggerExtensions,LogDebug,Microsoft.Extensions.Logging.ILogger,Extension
jellyfin:0310,jellyfin,Jellyfin.Api/Controllers/PlaystateController.cs,249,Microsoft.Extensions.Logging.LoggerExtensions,LogDebug,Microsoft.Extensions.Logging.ILogger,Extension
jellyfin:0311,jellyfin,Jellyfin.Api/Controllers/PlaystateController.cs,465,Microsoft.Extensions.Logging.LoggerExtensions,LogDebug,Microsoft.Extensions.Logging.ILogger,Extension
jellyfin:0312,jellyfin,Jellyfin.Api/Controllers/SubtitleController.cs,167,Microsoft.Extensions.Logging.LoggerExtensions,LogError,Microsoft.Extensions.Logging.ILogger,Extension
jellyfin:0313,jellyfin,Jellyfin.Api/Controllers/SubtitleController.cs,528,Microsoft.Extensions.Logging.LoggerExtensions,LogWarning,Microsoft.Extensions.Logging.ILogger,Extension
jellyfin:0314,jellyfin,Jellyfin.Api/Controllers/SubtitleController.cs,537,Microsoft.Extensions.Logging.LoggerExtensions,LogWarning,Microsoft.Extensions.Logging.ILogger,Extension
jellyfin:0315,jellyfin,Jellyfin.Api/Controllers/SubtitleController.cs,565,Microsoft.Extensions.Logging.LoggerExtensions,LogDebug,Microsoft.Extensions.Logging.ILogger,Extension
jellyfin:0316,jellyfin,Jellyfin.Api/Controllers/SubtitleController.cs,569,Microsoft.Extensions.Logging.LoggerExtensions,LogWarning,Microsoft.Extensions.Logging.ILogger,Extension
jellyfin:0317,jellyfin,Jellyfin.Api/Controllers/SubtitleController.cs,573,Microsoft.Extensions.Logging.LoggerExtensions,LogWarning,Microsoft.Extensions.Logging.ILogger,Extension
jellyfin:0318,jellyfin,Jellyfin.Api/Controllers/SystemController.cs,160,Microsoft.Extensions.Logging.LoggerExtensions,LogError,Microsoft.Extensions.Logging.ILogger,Extension
jellyfin:0319,jellyfin,Jellyfin.Api/Controllers/UniversalAudioController.cs,131,Microsoft.Extensions.Logging.LoggerExtensions,LogInformation,Microsoft.Extensions.Logging.ILogger,Extension
jellyfin:0320,jellyfin,Jellyfin.Api/Controllers/UserController.cs,549,Microsoft.Extensions.Logging.LoggerExtensions,LogWarning,Microsoft.Extensions.Logging.ILogger,Extension
jellyfin:0321,jellyfin,Jellyfin.Api/Helpers/DynamicHlsHelper.cs,902,Microsoft.Extensions.Logging.LoggerExtensions,LogError,Microsoft.Extensions.Logging.ILogger,Extension
jellyfin:0322,jellyfin,Jellyfin.Api/Helpers/FileStreamResponseHelpers.cs,57,System.Net.Http.HttpClient,SendAsync,System.Net.Http.HttpClient,NonVirtual
jellyfin:0323,jellyfin,Jellyfin.Api/Helpers/HlsHelpers.cs,29,Microsoft.Extensions.Logging.LoggerExtensions,LogDebug,Microsoft.Extensions.Logging.ILogger,Extension
jellyfin:0324,jellyfin,Jellyfin.Api/Helpers/HlsHelpers.cs,56,Microsoft.Extensions.Logging.LoggerExtensions,LogDebug,Microsoft.Extensions.Logging.ILogger,Extension
jellyfin:0325,jellyfin,Jellyfin.Api/Helpers/MediaInfoHelper.cs,232,Microsoft.Extensions.Logging.LoggerExtensions,LogInformation,Microsoft.Extensions.Logging.ILogger,Extension
jellyfin:0326,jellyfin,Jellyfin.Api/Helpers/MediaInfoHelper.cs,239,Microsoft.Extensions.Logging.LoggerExtensions,LogInformation,Microsoft.Extensions.Logging.ILogger,Extension
jellyfin:0327,jellyfin,Jellyfin.Api/Helpers/MediaInfoHelper.cs,509,Microsoft.Extensions.Logging.LoggerExtensions,LogInformation,Microsoft.Extensions.Logging.ILogger,Extension
jellyfin:0328,jellyfin,Jellyfin.Api/Middleware/BaseUrlRedirectionMiddleware.cs,58,Microsoft.Extensions.Logging.LoggerExtensions,LogDebug,Microsoft.Extensions.Logging.ILogger,Extension
jellyfin:0329,jellyfin,Jellyfin.Api/Middleware/BaseUrlRedirectionMiddleware.cs,70,Microsoft.Extensions.Logging.LoggerExtensions,LogDebug,Microsoft.Extensions.Logging.ILogger,Extension
jellyfin:0330,jellyfin,Jellyfin.Api/Middleware/ExceptionMiddleware.cs,61,Microsoft.Extensions.Logging.LoggerExtensions,LogWarning,Microsoft.Extensions.Logging.ILogger,Extension
jellyfin:0331,jellyfin,Jellyfin.Api/Middleware/IpBasedAccessValidationMiddleware.cs,51,Microsoft.Extensions.Logging.LoggerExtensions,LogWarning,Microsoft.Extensions.Logging.ILogger,Extension
jellyfin:0334,jellyfin,Jellyfin.Api/ModelBinders/NullableEnumModelBinder.cs,41,Microsoft.Extensions.Logging.LoggerExtensions,LogDebug,Microsoft.Extensions.Logging.ILogger,Extension
jellyfin:0336,jellyfin,Jellyfin.Server.Implementations/Events/Consumers/Session/PlaybackStartLogger.cs,44,Microsoft.Extensions.Logging.LoggerExtensions,LogWarning,Microsoft.Extensions.Logging.ILogger,Extension
jellyfin:0337,jellyfin,Jellyfin.Server.Implementations/Events/Consumers/Session/PlaybackStopLogger.cs,46,Microsoft.Extensions.Logging.LoggerExtensions,LogWarning,Microsoft.Extensions.Logging.ILogger,Extension
jellyfin:0340,jellyfin,Jellyfin.Server.Implementations/Events/EventManager.cs,60,Microsoft.Extensions.Logging.LoggerExtensions,LogError,Microsoft.Extensions.Logging.ILogger,Extension
jellyfin:0342,jellyfin,Jellyfin.Server.Implementations/FullSystemBackup/BackupService.cs,85,Microsoft.Extensions.Logging.LoggerExtensions,LogWarning,Microsoft.Extensions.Logging.ILogger,Extension
jellyfin:0343,jellyfin,Jellyfin.Server.Implementations/FullSystemBackup/BackupService.cs,143,Microsoft.Extensions.Logging.LoggerExtensions,LogInformation,Microsoft.Extensions.Logging.ILogger,Extension
jellyfin:0344,jellyfin,Jellyfin.Server.Implementations/FullSystemBackup/BackupService.cs,158,Microsoft.Extensions.Logging.LoggerExtensions,LogInformation,Microsoft.Extensions.Logging.ILogger,Extension
jellyfin:0345,jellyfin,Jellyfin.Server.Implementations/FullSystemBackup/BackupService.cs,166,Microsoft.Extensions.Logging.LoggerExtensions,LogInformation,Microsoft.Extensions.Logging.ILogger,Extension
jellyfin:0346,jellyfin,Jellyfin.Server.Implementations/FullSystemBackup/BackupService.cs,200,Microsoft.Extensions.Logging.LoggerExtensions,LogInformation,Microsoft.Extensions.Logging.ILogger,Extension
jellyfin:0347,jellyfin,Jellyfin.Server.Implementations/FullSystemBackup/BackupService.cs,202,Microsoft.Extensions.Logging.LoggerExtensions,LogInformation,Microsoft.Extensions.Logging.ILogger,Extension
jellyfin:0348,jellyfin,Jellyfin.Server.Implementations/FullSystemBackup/BackupService.cs,206,Microsoft.Extensions.Logging.LoggerExtensions,LogInformation,Microsoft.Extensions.Logging.ILogger,Extension
jellyfin:0349,jellyfin,Jellyfin.Server.Implementations/FullSystemBackup/BackupService.cs,211,Microsoft.Extensions.Logging.LoggerExtensions,LogInformation,Microsoft.Extensions.Logging.ILogger,Extension
jellyfin:0350,jellyfin,Jellyfin.Server.Implementations/FullSystemBackup/BackupService.cs,218,Microsoft.Extensions.Logging.LoggerExtensions,LogInformation,Microsoft.Extensions.Logging.ILogger,Extension
jellyfin:0351,jellyfin,Jellyfin.Server.Implementations/FullSystemBackup/BackupService.cs,235,Microsoft.Extensions.Logging.LoggerExtensions,LogError,Microsoft.Extensions.Logging.ILogger,Extension
jellyfin:0352,jellyfin,Jellyfin.Server.Implementations/FullSystemBackup/BackupService.cs,239,Microsoft.Extensions.Logging.LoggerExtensions,LogInformation,Microsoft.Extensions.Logging.ILogger,Extension
jellyfin:0353,jellyfin,Jellyfin.Server.Implementations/FullSystemBackup/BackupService.cs,243,Microsoft.Extensions.Logging.LoggerExtensions,LogInformation,Microsoft.Extensions.Logging.ILogger,Extension
jellyfin:0354,jellyfin,Jellyfin.Server.Implementations/FullSystemBackup/BackupService.cs,245,Microsoft.Extensions.Logging.LoggerExtensions,LogInformation,Microsoft.Extensions.Logging.ILogger,Extension
jellyfin:0355,jellyfin,Jellyfin.Server.Implementations/FullSystemBackup/BackupService.cs,249,Microsoft.Extensions.Logging.LoggerExtensions,LogInformation,Microsoft.Extensions.Logging.ILogger,Extension
jellyfin:0356,jellyfin,Jellyfin.Server.Implementations/FullSystemBackup/BackupService.cs,275,Microsoft.Extensions.Logging.LoggerExtensions,LogInformation,Microsoft.Extensions.Logging.ILogger,Extension
jellyfin:0357,jellyfin,Jellyfin.Server.Implementations/FullSystemBackup/BackupService.cs,298,Microsoft.Extensions.Logging.LoggerExtensions,LogInformation,Microsoft.Extensions.Logging.ILogger,Extension
jellyfin:0358,jellyfin,Jellyfin.Server.Implementations/FullSystemBackup/BackupService.cs,303,Microsoft.Extensions.Logging.LoggerExtensions,LogInformation,Microsoft.Extensions.Logging.ILogger,Extension
jellyfin:0359,jellyfin,Jellyfin.Server.Implementations/FullSystemBackup/BackupService.cs,333,Microsoft.Extensions.Logging.LoggerExtensions,LogInformation,Microsoft.Extensions.Logging.ILogger,Extension
jellyfin:0360,jellyfin,Jellyfin.Server.Implementations/FullSystemBackup/BackupService.cs,337,Microsoft.Extensions.Logging.LoggerExtensions,LogInformation,Microsoft.Extensions.Logging.ILogger,Extension
jellyfin:0361,jellyfin,Jellyfin.Server.Implementations/FullSystemBackup/BackupService.cs,359,Microsoft.Extensions.Logging.LoggerExtensions,LogError,Microsoft.Extensions.Logging.ILogger,Extension
jellyfin:0362,jellyfin,Jellyfin.Server.Implementations/FullSystemBackup/BackupService.cs,368,Microsoft.Extensions.Logging.LoggerExtensions,LogInformation,Microsoft.Extensions.Logging.ILogger,Extension
jellyfin:0363,jellyfin,Jellyfin.Server.Implementations/FullSystemBackup/BackupService.cs,373,Microsoft.Extensions.Logging.LoggerExtensions,LogInformation,Microsoft.Extensions.Logging.ILogger,Extension
jellyfin:0364,jellyfin,Jellyfin.Server.Implementations/FullSystemBackup/BackupService.cs,387,Microsoft.Extensions.Logging.LoggerExtensions,LogInformation,Microsoft.Extensions.Logging.ILogger,Extension
jellyfin:0365,jellyfin,Jellyfin.Server.Implementations/FullSystemBackup/BackupService.cs,433,Microsoft.Extensions.Logging.LoggerExtensions,LogInformation,Microsoft.Extensions.Logging.ILogger,Extension
jellyfin:0366,jellyfin,Jellyfin.Server.Implementations/FullSystemBackup/BackupService.cs,438,Microsoft.Extensions.Logging.LoggerExtensions,LogError,Microsoft.Extensions.Logging.ILogger,Extension
jellyfin:0367,jellyfin,Jellyfin.Server.Implementations/FullSystemBackup/BackupService.cs,448,Microsoft.Extensions.Logging.LoggerExtensions,LogWarning,Microsoft.Extensions.Logging.ILogger,Extension
jellyfin:0368,jellyfin,Jellyfin.Server.Implementations/FullSystemBackup/BackupService.cs,470,Microsoft.Extensions.Logging.LoggerExtensions,LogWarning,Microsoft.Extensions.Logging.ILogger,Extension
jellyfin:0369,jellyfin,Jellyfin.Server.Implementations/FullSystemBackup/BackupService.cs,507,Microsoft.Extensions.Logging.LoggerExtensions,LogWarning,Microsoft.Extensions.Logging.ILogger,Extension
jellyfin:0371,jellyfin,Jellyfin.Server.Implementations/Item/BaseItemMapper.cs,470,Microsoft.Extensions.Logging.LoggerExtensions,LogError,Microsoft.Extensions.Logging.ILogger,Extension
jellyfin:0372,jellyfin,Jellyfin.Server.Implementations/Item/ItemPersistenceService.cs,178,Microsoft.Extensions.Logging.LoggerExtensions,LogWarning,Microsoft.Extensions.Logging.ILogger,Extension
jellyfin:0373,jellyfin,Jellyfin.Server.Implementations/Item/ItemPersistenceService.cs,484,Microsoft.Extensions.Logging.LoggerExtensions,LogWarning,Microsoft.Extensions.Logging.ILogger,Extension
jellyfin:0374,jellyfin,Jellyfin.Server.Implementations/Item/ItemPersistenceService.cs,578,Microsoft.Extensions.Logging.LoggerExtensions,LogWarning,Microsoft.Extensions.Logging.ILogger,Extension
jellyfin:0375,jellyfin,Jellyfin.Server.Implementations/MediaSegments/MediaSegmentManager.cs,67,Microsoft.Extensions.Logging.LoggerExtensions,LogDebug,Microsoft.Extensions.Logging.ILogger,Extension
jellyfin:0376,jellyfin,Jellyfin.Server.Implementations/MediaSegments/MediaSegmentManager.cs,74,Microsoft.Extensions.Logging.LoggerExtensions,LogDebug,Microsoft.Extensions.Logging.ILogger,Extension
jellyfin:0377,jellyfin,Jellyfin.Server.Implementations/MediaSegments/MediaSegmentManager.cs,86,Microsoft.Extensions.Logging.LoggerExtensions,LogDebug,Microsoft.Extensions.Logging.ILogger,Extension
jellyfin:0378,jellyfin,Jellyfin.Server.Implementations/MediaSegments/MediaSegmentManager.cs,122,Microsoft.Extensions.Logging.LoggerExtensions,LogDebug,Microsoft.Extensions.Logging.ILogger,Extension
jellyfin:0379,jellyfin,Jellyfin.Server.Implementations/MediaSegments/MediaSegmentManager.cs,132,Microsoft.Extensions.Logging.LoggerExtensions,LogDebug,Microsoft.Extensions.Logging.ILogger,Extension
jellyfin:0380,jellyfin,Jellyfin.Server.Implementations/MediaSegments/MediaSegmentManager.cs,137,Microsoft.Extensions.Logging.LoggerExtensions,LogDebug,Microsoft.Extensions.Logging.ILogger,Extension
jellyfin:0381,jellyfin,Jellyfin.Server.Implementations/MediaSegments/MediaSegmentManager.cs,141,Microsoft.Extensions.Logging.LoggerExtensions,LogInformation,Microsoft.Extensions.Logging.ILogger,Extension
jellyfin:0382,jellyfin,Jellyfin.Server.Implementations/MediaSegments/MediaSegmentManager.cs,151,Microsoft.Extensions.Logging.LoggerExtensions,LogError,Microsoft.Extensions.Logging.ILogger,Extension
jellyfin:0383,jellyfin,Jellyfin.Server.Implementations/MediaSegments/MediaSegmentManager.cs,193,Microsoft.Extensions.Logging.LoggerExtensions,LogError,Microsoft.Extensions.Logging.ILogger,Extension
jellyfin:0384,jellyfin,Jellyfin.Server.Implementations/MediaSegments/MediaSegmentManager.cs,209,Microsoft.Extensions.Logging.LoggerExtensions,LogError,Microsoft.Extensions.Logging.ILogger,Extension
jellyfin:0385,jellyfin,Jellyfin.Server.Implementations/StorageHelpers/StorageHelper.cs,114,Microsoft.Extensions.Logging.LoggerExtensions,LogDebug,Microsoft.Extensions.Logging.ILogger,Extension
jellyfin:0386,jellyfin,Jellyfin.Server.Implementations/StorageHelpers/StorageHelper.cs,123,Microsoft.Extensions.Logging.LoggerExtensions,LogInformation,Microsoft.Extensions.Logging.ILogger,Extension
jellyfin:0387,jellyfin,Jellyfin.Server.Implementations/Trickplay/TrickplayManager.cs,107,Microsoft.Extensions.Logging.LoggerExtensions,LogInformation,Microsoft.Extensions.Logging.ILogger,Extension
jellyfin:0388,jellyfin,Jellyfin.Server.Implementations/Trickplay/TrickplayManager.cs,118,Microsoft.Extensions.Logging.LoggerExtensions,LogInformation,Microsoft.Extensions.Logging.ILogger,Extension
jellyfin:0389,jellyfin,Jellyfin.Server.Implementations/Trickplay/TrickplayManager.cs,163,Microsoft.Extensions.Logging.LoggerExtensions,LogWarning,Microsoft.Extensions.Logging.ILogger,Extension
jellyfin:0390,jellyfin,Jellyfin.Server.Implementations/Trickplay/TrickplayManager.cs,178,Microsoft.Extensions.Logging.LoggerExtensions,LogDebug,Microsoft.Extensions.Logging.ILogger,Extension
jellyfin:0391,jellyfin,Jellyfin.Server.Implementations/Trickplay/TrickplayManager.cs,182,Microsoft.Extensions.Logging.LoggerExtensions,LogWarning,Microsoft.Extensions.Logging.ILogger,Extension
jellyfin:0392,jellyfin,Jellyfin.Server.Implementations/Trickplay/TrickplayManager.cs,213,Microsoft.Extensions.Logging.LoggerExtensions,LogWarning,Microsoft.Extensions.Logging.ILogger,Extension
jellyfin:0393,jellyfin,Jellyfin.Server.Implementations/Trickplay/TrickplayManager.cs,245,Microsoft.Extensions.Logging.LoggerExtensions,LogDebug,Microsoft.Extensions.Logging.ILogger,Extension
jellyfin:0394,jellyfin,Jellyfin.Server.Implementations/Trickplay/TrickplayManager.cs,252,Microsoft.Extensions.Logging.LoggerExtensions,LogWarning,Microsoft.Extensions.Logging.ILogger,Extension
jellyfin:0395,jellyfin,Jellyfin.Server.Implementations/Trickplay/TrickplayManager.cs,260,Microsoft.Extensions.Logging.LoggerExtensions,LogDebug,Microsoft.Extensions.Logging.ILogger,Extension
jellyfin:0396,jellyfin,Jellyfin.Server.Implementations/Trickplay/TrickplayManager.cs,270,Microsoft.Extensions.Logging.LoggerExtensions,LogWarning,Microsoft.Extensions.Logging.ILogger,Extension
jellyfin:0397,jellyfin,Jellyfin.Server.Implementations/Trickplay/TrickplayManager.cs,287,Microsoft.Extensions.Logging.LoggerExtensions,LogDebug,Microsoft.Extensions.Logging.ILogger,Extension
jellyfin:0398,jellyfin,Jellyfin.Server.Implementations/Trickplay/TrickplayManager.cs,314,Microsoft.Extensions.Logging.LoggerExtensions,LogDebug,Microsoft.Extensions.Logging.ILogger,Extension
jellyfin:0399,jellyfin,Jellyfin.Server.Implementations/Trickplay/TrickplayManager.cs,323,Microsoft.Extensions.Logging.LoggerExtensions,LogInformation,Microsoft.Extensions.Logging.ILogger,Extension
jellyfin:0400,jellyfin,Jellyfin.Server.Implementations/Trickplay/TrickplayManager.cs,361,Microsoft.Extensions.Logging.LoggerExtensions,LogInformation,Microsoft.Extensions.Logging.ILogger,Extension
jellyfin:0401,jellyfin,Jellyfin.Server.Implementations/Trickplay/TrickplayManager.cs,370,Microsoft.Extensions.Logging.LoggerExtensions,LogError,Microsoft.Extensions.Logging.ILogger,Extension
jellyfin:0402,jellyfin,Jellyfin.Server.Implementations/Trickplay/TrickplayManager.cs,379,Microsoft.Extensions.Logging.LoggerExtensions,LogError,Microsoft.Extensions.Logging.ILogger,Extension
jellyfin:0403,jellyfin,Jellyfin.Server.Implementations/Users/DefaultAuthenticationProvider.cs,86,Microsoft.Extensions.Logging.LoggerExtensions,LogInformation,Microsoft.Extensions.Logging.ILogger,Extension
jellyfin:0404,jellyfin,Jellyfin.Server.Implementations/Users/UserManager.cs,460,Microsoft.Extensions.Logging.LoggerExtensions,LogInformation,Microsoft.Extensions.Logging.ILogger,Extension
jellyfin:0405,jellyfin,Jellyfin.Server.Implementations/Users/UserManager.cs,516,Microsoft.Extensions.Logging.LoggerExtensions,LogInformation,Microsoft.Extensions.Logging.ILogger,Extension
jellyfin:0406,jellyfin,Jellyfin.Server.Implementations/Users/UserManager.cs,525,Microsoft.Extensions.Logging.LoggerExtensions,LogInformation,Microsoft.Extensions.Logging.ILogger,Extension
jellyfin:0407,jellyfin,Jellyfin.Server.Implementations/Users/UserManager.cs,536,Microsoft.Extensions.Logging.LoggerExtensions,LogInformation,Microsoft.Extensions.Logging.ILogger,Extension
jellyfin:0408,jellyfin,Jellyfin.Server.Implementations/Users/UserManager.cs,545,Microsoft.Extensions.Logging.LoggerExtensions,LogInformation,Microsoft.Extensions.Logging.ILogger,Extension
jellyfin:0410,jellyfin,Jellyfin.Server.Implementations/Users/UserManager.cs,567,Microsoft.Extensions.Logging.LoggerExtensions,LogInformation,Microsoft.Extensions.Logging.ILogger,Extension
jellyfin:0412,jellyfin,Jellyfin.Server.Implementations/Users/UserManager.cs,851,Microsoft.Extensions.Logging.LoggerExtensions,LogWarning,Microsoft.Extensions.Logging.ILogger,Extension
jellyfin:0413,jellyfin,Jellyfin.Server.Implementations/Users/UserManager.cs,927,Microsoft.Extensions.Logging.LoggerExtensions,LogDebug,Microsoft.Extensions.Logging.ILogger,Extension
jellyfin:0414,jellyfin,Jellyfin.Server.Implementations/Users/UserManager.cs,935,Microsoft.Extensions.Logging.LoggerExtensions,LogDebug,Microsoft.Extensions.Logging.ILogger,Extension
jellyfin:0415,jellyfin,Jellyfin.Server.Implementations/Users/UserManager.cs,949,Microsoft.Extensions.Logging.LoggerExtensions,LogWarning,Microsoft.Extensions.Logging.ILogger,Extension
jellyfin:0417,jellyfin,Jellyfin.Server/Extensions/WebHostBuilderExtensions.cs,84,Microsoft.Extensions.Logging.LoggerExtensions,LogInformation,Microsoft.Extensions.Logging.ILogger,Extension
jellyfin:0418,jellyfin,Jellyfin.Server/Extensions/WebHostBuilderExtensions.cs,101,Microsoft.Extensions.Logging.LoggerExtensions,LogWarning,Microsoft.Extensions.Logging.ILogger,Extension
jellyfin:0419,jellyfin,Jellyfin.Server/Extensions/WebHostBuilderExtensions.cs,133,Microsoft.Extensions.Logging.LoggerExtensions,LogInformation,Microsoft.Extensions.Logging.ILogger,Extension
jellyfin:0420,jellyfin,Jellyfin.Server/Filters/CachingOpenApiProvider.cs,75,Microsoft.Extensions.Logging.LoggerExtensions,LogError,Microsoft.Extensions.Logging.ILogger,Extension
jellyfin:0421,jellyfin,Jellyfin.Server/Helpers/StartupHelpers.cs,53,Microsoft.Extensions.Logging.LoggerExtensions,LogInformation,Microsoft.Extensions.Logging.ILogger,Extension
jellyfin:0422,jellyfin,Jellyfin.Server/Helpers/StartupHelpers.cs,54,Microsoft.Extensions.Logging.LoggerExtensions,LogInformation,Microsoft.Extensions.Logging.ILogger,Extension
jellyfin:0423,jellyfin,Jellyfin.Server/Helpers/StartupHelpers.cs,55,Microsoft.Extensions.Logging.LoggerExtensions,LogInformation,Microsoft.Extensions.Logging.ILogger,Extension
jellyfin:0424,jellyfin,Jellyfin.Server/Helpers/StartupHelpers.cs,56,Microsoft.Extensions.Logging.LoggerExtensions,LogInformation,Microsoft.Extensions.Logging.ILogger,Extension
jellyfin:0425,jellyfin,Jellyfin.Server/Helpers/StartupHelpers.cs,57,Microsoft.Extensions.Logging.LoggerExtensions,LogInformation,Microsoft.Extensions.Logging.ILogger,Extension
jellyfin:0426,jellyfin,Jellyfin.Server/Helpers/StartupHelpers.cs,58,Microsoft.Extensions.Logging.LoggerExtensions,LogInformation,Microsoft.Extensions.Logging.ILogger,Extension
jellyfin:0427,jellyfin,Jellyfin.Server/Helpers/StartupHelpers.cs,59,Microsoft.Extensions.Logging.LoggerExtensions,LogInformation,Microsoft.Extensions.Logging.ILogger,Extension
jellyfin:0428,jellyfin,Jellyfin.Server/Helpers/StartupHelpers.cs,60,Microsoft.Extensions.Logging.LoggerExtensions,LogInformation,Microsoft.Extensions.Logging.ILogger,Extension
jellyfin:0429,jellyfin,Jellyfin.Server/Helpers/StartupHelpers.cs,61,Microsoft.Extensions.Logging.LoggerExtensions,LogInformation,Microsoft.Extensions.Logging.ILogger,Extension
jellyfin:0430,jellyfin,Jellyfin.Server/Helpers/StartupHelpers.cs,62,Microsoft.Extensions.Logging.LoggerExtensions,LogInformation,Microsoft.Extensions.Logging.ILogger,Extension
jellyfin:0431,jellyfin,Jellyfin.Server/Helpers/StartupHelpers.cs,63,Microsoft.Extensions.Logging.LoggerExtensions,LogInformation,Microsoft.Extensions.Logging.ILogger,Extension
jellyfin:0432,jellyfin,Jellyfin.Server/Helpers/StartupHelpers.cs,64,Microsoft.Extensions.Logging.LoggerExtensions,LogInformation,Microsoft.Extensions.Logging.ILogger,Extension
jellyfin:0433,jellyfin,Jellyfin.Server/Helpers/StartupHelpers.cs,65,Microsoft.Extensions.Logging.LoggerExtensions,LogInformation,Microsoft.Extensions.Logging.ILogger,Extension
jellyfin:0434,jellyfin,Jellyfin.Server/Helpers/StartupHelpers.cs,66,Microsoft.Extensions.Logging.LoggerExtensions,LogInformation,Microsoft.Extensions.Logging.ILogger,Extension
jellyfin:0435,jellyfin,Jellyfin.Server/Helpers/StartupHelpers.cs,217,Microsoft.Extensions.Logging.LoggerExtensions,LogInformation,Microsoft.Extensions.Logging.ILogger,Extension
jellyfin:0439,jellyfin,Jellyfin.Server/Migrations/JellyfinMigrationService.cs,142,Microsoft.Extensions.Logging.LoggerExtensions,LogInformation,Microsoft.Extensions.Logging.ILogger,Extension
jellyfin:0440,jellyfin,Jellyfin.Server/Migrations/JellyfinMigrationService.cs,173,Microsoft.Extensions.Logging.LoggerExtensions,LogInformation,Microsoft.Extensions.Logging.ILogger,Extension
jellyfin:0441,jellyfin,Jellyfin.Server/Migrations/JellyfinMigrationService.cs,179,Microsoft.Extensions.Logging.LoggerExtensions,LogCritical,Microsoft.Extensions.Logging.ILogger,Extension
jellyfin:0445,jellyfin,Jellyfin.Server/Migrations/JellyfinMigrationService.cs,225,Microsoft.Extensions.Logging.LoggerExtensions,LogCritical,Microsoft.Extensions.Logging.ILogger,Extension
jellyfin:0446,jellyfin,Jellyfin.Server/Migrations/JellyfinMigrationService.cs,226,Microsoft.Extensions.Logging.LoggerExtensions,LogError,Microsoft.Extensions.Logging.ILogger,Extension
jellyfin:0447,jellyfin,Jellyfin.Server/Migrations/JellyfinMigrationService.cs,232,Microsoft.Extensions.Logging.LoggerExtensions,LogInformation,Microsoft.Extensions.Logging.ILogger,Extension
jellyfin:0448,jellyfin,Jellyfin.Server/Migrations/JellyfinMigrationService.cs,240,Microsoft.Extensions.Logging.LoggerExtensions,LogCritical,Microsoft.Extensions.Logging.ILogger,Extension
jellyfin:0449,jellyfin,Jellyfin.Server/Migrations/JellyfinMigrationService.cs,246,Microsoft.Extensions.Logging.LoggerExtensions,LogInformation,Microsoft.Extensions.Logging.ILogger,Extension
jellyfin:0450,jellyfin,Jellyfin.Server/Migrations/JellyfinMigrationService.cs,253,Microsoft.Extensions.Logging.LoggerExtensions,LogCritical,Microsoft.Extensions.Logging.ILogger,Extension
jellyfin:0451,jellyfin,Jellyfin.Server/Migrations/JellyfinMigrationService.cs,259,Microsoft.Extensions.Logging.LoggerExtensions,LogInformation,Microsoft.Extensions.Logging.ILogger,Extension
jellyfin:0452,jellyfin,Jellyfin.Server/Migrations/JellyfinMigrationService.cs,266,Microsoft.Extensions.Logging.LoggerExtensions,LogCritical,Microsoft.Extensions.Logging.ILogger,Extension
jellyfin:0453,jellyfin,Jellyfin.Server/Migrations/JellyfinMigrationService.cs,288,Microsoft.Extensions.Logging.LoggerExtensions,LogInformation,Microsoft.Extensions.Logging.ILogger,Extension
jellyfin:0454,jellyfin,Jellyfin.Server/Migrations/JellyfinMigrationService.cs,295,Microsoft.Extensions.Logging.LoggerExtensions,LogCritical,Microsoft.Extensions.Logging.ILogger,Extension
jellyfin:0455,jellyfin,Jellyfin.Server/Migrations/JellyfinMigrationService.cs,301,Microsoft.Extensions.Logging.LoggerExtensions,LogInformation,Microsoft.Extensions.Logging.ILogger,Extension
jellyfin:0456,jellyfin,Jellyfin.Server/Migrations/JellyfinMigrationService.cs,308,Microsoft.Extensions.Logging.LoggerExtensions,LogCritical,Microsoft.Extensions.Logging.ILogger,Extension
jellyfin:0457,jellyfin,Jellyfin.Server/Migrations/JellyfinMigrationService.cs,314,Microsoft.Extensions.Logging.LoggerExtensions,LogInformation,Microsoft.Extensions.Logging.ILogger,Extension
jellyfin:0458,jellyfin,Jellyfin.Server/Migrations/JellyfinMigrationService.cs,321,Microsoft.Extensions.Logging.LoggerExtensions,LogCritical,Microsoft.Extensions.Logging.ILogger,Extension
jellyfin:0459,jellyfin,Jellyfin.Server/Migrations/JellyfinMigrationService.cs,329,Microsoft.Extensions.Logging.LoggerExtensions,LogInformation,Microsoft.Extensions.Logging.ILogger,Extension
jellyfin:0460,jellyfin,Jellyfin.Server/Migrations/JellyfinMigrationService.cs,352,Microsoft.Extensions.Logging.LoggerExtensions,LogInformation,Microsoft.Extensions.Logging.ILogger,Extension
jellyfin:0461,jellyfin,Jellyfin.Server/Migrations/JellyfinMigrationService.cs,364,Microsoft.Extensions.Logging.LoggerExtensions,LogInformation,Microsoft.Extensions.Logging.ILogger,Extension
jellyfin:0462,jellyfin,Jellyfin.Server/Migrations/JellyfinMigrationService.cs,367,Microsoft.Extensions.Logging.LoggerExtensions,LogInformation,Microsoft.Extensions.Logging.ILogger,Extension
jellyfin:0463,jellyfin,Jellyfin.Server/Migrations/JellyfinMigrationService.cs,372,Microsoft.Extensions.Logging.LoggerExtensions,LogError,Microsoft.Extensions.Logging.ILogger,Extension
jellyfin:0464,jellyfin,Jellyfin.Server/Migrations/JellyfinMigrationService.cs,378,Microsoft.Extensions.Logging.LoggerExtensions,LogInformation,Microsoft.Extensions.Logging.ILogger,Extension
jellyfin:0465,jellyfin,Jellyfin.Server/Migrations/JellyfinMigrationService.cs,382,Microsoft.Extensions.Logging.LoggerExtensions,LogError,Microsoft.Extensions.Logging.ILogger,Extension
jellyfin:0466,jellyfin,Jellyfin.Server/Migrations/JellyfinMigrationService.cs,388,Microsoft.Extensions.Logging.LoggerExtensions,LogInformation,Microsoft.Extensions.Logging.ILogger,Extension
jellyfin:0467,jellyfin,Jellyfin.Server/Migrations/JellyfinMigrationService.cs,390,Microsoft.Extensions.Logging.LoggerExtensions,LogInformation,Microsoft.Extensions.Logging.ILogger,Extension
jellyfin:0468,jellyfin,Jellyfin.Server/Migrations/JellyfinMigrationService.cs,395,Microsoft.Extensions.Logging.LoggerExtensions,LogInformation,Microsoft.Extensions.Logging.ILogger,Extension
jellyfin:0469,jellyfin,Jellyfin.Server/Migrations/JellyfinMigrationService.cs,403,Microsoft.Extensions.Logging.LoggerExtensions,LogInformation,Microsoft.Extensions.Logging.ILogger,Extension
jellyfin:0470,jellyfin,Jellyfin.Server/Migrations/PreStartupRoutines/CreateNetworkConfiguration.cs,36,Microsoft.Extensions.Logging.LoggerExtensions,LogDebug,Microsoft.Extensions.Logging.ILogger,Extension
jellyfin:0471,jellyfin,Jellyfin.Server/Migrations/PreStartupRoutines/MigrateEncodingOptions.cs,46,Microsoft.Extensions.Logging.LoggerExtensions,LogError,Microsoft.Extensions.Logging.ILogger,Extension
jellyfin:0472,jellyfin,Jellyfin.Server/Migrations/PreStartupRoutines/MigrateEncodingOptions.cs,50,Microsoft.Extensions.Logging.LoggerExtensions,LogError,Microsoft.Extensions.Logging.ILogger,Extension
jellyfin:0473,jellyfin,Jellyfin.Server/Migrations/PreStartupRoutines/MigrateMusicBrainzTimeout.cs,37,Microsoft.Extensions.Logging.LoggerExtensions,LogDebug,Microsoft.Extensions.Logging.ILogger,Extension
jellyfin:0474,jellyfin,Jellyfin.Server/Migrations/PreStartupRoutines/MigrateNetworkConfiguration.cs,45,Microsoft.Extensions.Logging.LoggerExtensions,LogError,Microsoft.Extensions.Logging.ILogger,Extension
jellyfin:0475,jellyfin,Jellyfin.Server/Migrations/PreStartupRoutines/MigrateNetworkConfiguration.cs,49,Microsoft.Extensions.Logging.LoggerExtensions,LogError,Microsoft.Extensions.Logging.ILogger,Extension
jellyfin:0476,jellyfin,Jellyfin.Server/Migrations/PreStartupRoutines/RenameEnableGroupingIntoCollections.cs,37,Microsoft.Extensions.Logging.LoggerExtensions,LogWarning,Microsoft.Extensions.Logging.ILogger,Extension
jellyfin:0477,jellyfin,Jellyfin.Server/Migrations/PreStartupRoutines/RenameEnableGroupingIntoCollections.cs,48,Microsoft.Extensions.Logging.LoggerExtensions,LogInformation,Microsoft.Extensions.Logging.ILogger,Extension
jellyfin:0478,jellyfin,Jellyfin.Server/Migrations/PreStartupRoutines/RenameEnableGroupingIntoCollections.cs,54,Microsoft.Extensions.Logging.LoggerExtensions,LogError,Microsoft.Extensions.Logging.ILogger,Extension
jellyfin:0479,jellyfin,Jellyfin.Server/Migrations/Routines/CleanupOrphanedExtras.cs,90,Microsoft.Extensions.Logging.LoggerExtensions,LogInformation,Microsoft.Extensions.Logging.ILogger,Extension
jellyfin:0480,jellyfin,Jellyfin.Server/Migrations/Routines/CleanupOrphanedExtras.cs,109,Microsoft.Extensions.Logging.LoggerExtensions,LogInformation,Microsoft.Extensions.Logging.ILogger,Extension
jellyfin:0481,jellyfin,Jellyfin.Server/Migrations/Routines/DisableTranscodingThrottling.cs,31,Microsoft.Extensions.Logging.LoggerExtensions,LogInformation,Microsoft.Extensions.Logging.ILogger,Extension
jellyfin:0482,jellyfin,Jellyfin.Server/Migrations/Routines/FixAudioData.cs,41,Microsoft.Extensions.Logging.LoggerExtensions,LogInformation,Microsoft.Extensions.Logging.ILogger,Extension
jellyfin:0483,jellyfin,Jellyfin.Server/Migrations/Routines/FixAudioData.cs,72,Microsoft.Extensions.Logging.LoggerExtensions,LogInformation,Microsoft.Extensions.Logging.ILogger,Extension
jellyfin:0484,jellyfin,Jellyfin.Server/Migrations/Routines/FixDates.cs,64,Microsoft.Extensions.Logging.LoggerExtensions,LogInformation,Microsoft.Extensions.Logging.ILogger,Extension
jellyfin:0485,jellyfin,Jellyfin.Server/Migrations/Routines/FixDates.cs,98,Microsoft.Extensions.Logging.LoggerExtensions,LogInformation,Microsoft.Extensions.Logging.ILogger,Extension
jellyfin:0486,jellyfin,Jellyfin.Server/Migrations/Routines/FixDates.cs,128,Microsoft.Extensions.Logging.LoggerExtensions,LogInformation,Microsoft.Extensions.Logging.ILogger,Extension
jellyfin:0487,jellyfin,Jellyfin.Server/Migrations/Routines/FixIncorrectOwnerIdRelationships.cs,82,Microsoft.Extensions.Logging.LoggerExtensions,LogInformation,Microsoft.Extensions.Logging.ILogger,Extension
jellyfin:0488,jellyfin,Jellyfin.Server/Migrations/Routines/FixIncorrectOwnerIdRelationships.cs,155,Microsoft.Extensions.Logging.LoggerExtensions,LogInformation,Microsoft.Extensions.Logging.ILogger,Extension
jellyfin:0489,jellyfin,Jellyfin.Server/Migrations/Routines/FixIncorrectOwnerIdRelationships.cs,183,Microsoft.Extensions.Logging.LoggerExtensions,LogInformation,Microsoft.Extensions.Logging.ILogger,Extension
jellyfin:0490,jellyfin,Jellyfin.Server/Migrations/Routines/FixIncorrectOwnerIdRelationships.cs,215,Microsoft.Extensions.Logging.LoggerExtensions,LogInformation,Microsoft.Extensions.Logging.ILogger,Extension
jellyfin:0491,jellyfin,Jellyfin.Server/Migrations/Routines/FixIncorrectOwnerIdRelationships.cs,285,Microsoft.Extensions.Logging.LoggerExtensions,LogInformation,Microsoft.Extensions.Logging.ILogger,Extension
jellyfin:0492,jellyfin,Jellyfin.Server/Migrations/Routines/FixIncorrectOwnerIdRelationships.cs,306,Microsoft.Extensions.Logging.LoggerExtensions,LogInformation,Microsoft.Extensions.Logging.ILogger,Extension
jellyfin:0493,jellyfin,Jellyfin.Server/Migrations/Routines/FixIncorrectOwnerIdRelationships.cs,339,Microsoft.Extensions.Logging.LoggerExtensions,LogInformation,Microsoft.Extensions.Logging.ILogger,Extension
jellyfin:0494,jellyfin,Jellyfin.Server/Migrations/Routines/FixLibrarySubtitleDownloadLanguages.cs,45,Microsoft.Extensions.Logging.LoggerExtensions,LogInformation,Microsoft.Extensions.Logging.ILogger,Extension
jellyfin:0495,jellyfin,Jellyfin.Server/Migrations/Routines/FixLibrarySubtitleDownloadLanguages.cs,66,Microsoft.Extensions.Logging.LoggerExtensions,LogWarning,Microsoft.Extensions.Logging.ILogger,Extension
jellyfin:0496,jellyfin,Jellyfin.Server/Migrations/Routines/FixLibrarySubtitleDownloadLanguages.cs,80,Microsoft.Extensions.Logging.LoggerExtensions,LogInformation,Microsoft.Extensions.Logging.ILogger,Extension
jellyfin:0497,jellyfin,Jellyfin.Server/Migrations/Routines/FixLibrarySubtitleDownloadLanguages.cs,85,Microsoft.Extensions.Logging.LoggerExtensions,LogInformation,Microsoft.Extensions.Logging.ILogger,Extension
jellyfin:0498,jellyfin,Jellyfin.Server/Migrations/Routines/FixLibrarySubtitleDownloadLanguages.cs,93,Microsoft.Extensions.Logging.LoggerExtensions,LogInformation,Microsoft.Extensions.Logging.ILogger,Extension
jellyfin:0499,jellyfin,Jellyfin.Server/Migrations/Routines/FixLibrarySubtitleDownloadLanguages.cs,101,Microsoft.Extensions.Logging.LoggerExtensions,LogInformation,Microsoft.Extensions.Logging.ILogger,Extension
jellyfin:0500,jellyfin,Jellyfin.Server/Migrations/Routines/MigrateActivityLogDb.cs,61,Microsoft.Extensions.Logging.LoggerExtensions,LogWarning,Microsoft.Extensions.Logging.ILogger,Extension
jellyfin:0501,jellyfin,Jellyfin.Server/Migrations/Routines/MigrateActivityLogDb.cs,73,Microsoft.Extensions.Logging.LoggerExtensions,LogWarning,Microsoft.Extensions.Logging.ILogger,Extension
jellyfin:0502,jellyfin,Jellyfin.Server/Migrations/Routines/MigrateActivityLogDb.cs,80,Microsoft.Extensions.Logging.LoggerExtensions,LogWarning,Microsoft.Extensions.Logging.ILogger,Extension
jellyfin:0503,jellyfin,Jellyfin.Server/Migrations/Routines/MigrateActivityLogDb.cs,159,Microsoft.Extensions.Logging.LoggerExtensions,LogError,Microsoft.Extensions.Logging.ILogger,Extension
jellyfin:0504,jellyfin,Jellyfin.Server/Migrations/Routines/MigrateAuthenticationDb.cs,57,Microsoft.Extensions.Logging.LoggerExtensions,LogWarning,Microsoft.Extensions.Logging.ILogger,Extension
jellyfin:0505,jellyfin,Jellyfin.Server/Migrations/Routines/MigrateAuthenticationDb.cs,70,Microsoft.Extensions.Logging.LoggerExtensions,LogWarning,Microsoft.Extensions.Logging.ILogger,Extension
jellyfin:0506,jellyfin,Jellyfin.Server/Migrations/Routines/MigrateAuthenticationDb.cs,158,Microsoft.Extensions.Logging.LoggerExtensions,LogError,Microsoft.Extensions.Logging.ILogger,Extension
jellyfin:0507,jellyfin,Jellyfin.Server/Migrations/Routines/MigrateDisplayPreferencesDb.cs,84,Microsoft.Extensions.Logging.LoggerExtensions,LogWarning,Microsoft.Extensions.Logging.ILogger,Extension
jellyfin:0508,jellyfin,Jellyfin.Server/Migrations/Routines/MigrateDisplayPreferencesDb.cs,97,Microsoft.Extensions.Logging.LoggerExtensions,LogWarning,Microsoft.Extensions.Logging.ILogger,Extension
jellyfin:0509,jellyfin,Jellyfin.Server/Migrations/Routines/MigrateDisplayPreferencesDb.cs,238,Microsoft.Extensions.Logging.LoggerExtensions,LogError,Microsoft.Extensions.Logging.ILogger,Extension
jellyfin:0510,jellyfin,Jellyfin.Server/Migrations/Routines/MigrateKeyframeData.cs,60,Microsoft.Extensions.Logging.LoggerExtensions,LogInformation,Microsoft.Extensions.Logging.ILogger,Extension
jellyfin:0511,jellyfin,Jellyfin.Server/Migrations/Routines/MigrateKeyframeData.cs,82,Microsoft.Extensions.Logging.LoggerExtensions,LogInformation,Microsoft.Extensions.Logging.ILogger,Extension
jellyfin:0512,jellyfin,Jellyfin.Server/Migrations/Routines/MigrateKeyframeData.cs,88,Microsoft.Extensions.Logging.LoggerExtensions,LogInformation,Microsoft.Extensions.Logging.ILogger,Extension
jellyfin:0513,jellyfin,Jellyfin.Server/Migrations/Routines/MigrateKeyframeData.cs,127,Microsoft.Extensions.Logging.LoggerExtensions,LogDebug,Microsoft.Extensions.Logging.ILogger,Extension
jellyfin:0514,jellyfin,Jellyfin.Server/Migrations/Routines/MigrateKeyframeData.cs,132,Microsoft.Extensions.Logging.LoggerExtensions,LogDebug,Microsoft.Extensions.Logging.ILogger,Extension
jellyfin:0515,jellyfin,Jellyfin.Server/Migrations/Routines/MigrateKeyframeData.cs,137,Microsoft.Extensions.Logging.LoggerExtensions,LogDebug,Microsoft.Extensions.Logging.ILogger,Extension
jellyfin:0516,jellyfin,Jellyfin.Server/Migrations/Routines/MigrateKeyframeData.cs,161,Microsoft.Extensions.Logging.LoggerExtensions,LogWarning,Microsoft.Extensions.Logging.ILogger,Extension
jellyfin:0517,jellyfin,Jellyfin.Server/Migrations/Routines/MigrateLibraryDb.cs,65,Microsoft.Extensions.Logging.LoggerExtensions,LogInformation,Microsoft.Extensions.Logging.ILogger,Extension
jellyfin:0518,jellyfin,Jellyfin.Server/Migrations/Routines/MigrateLibraryDb.cs,71,Microsoft.Extensions.Logging.LoggerExtensions,LogError,Microsoft.Extensions.Logging.ILogger,Extension
jellyfin:0519,jellyfin,Jellyfin.Server/Migrations/Routines/MigrateLibraryDb.cs,247,Microsoft.Extensions.Logging.LoggerExtensions,LogError,Microsoft.Extensions.Logging.ILogger,Extension
jellyfin:0520,jellyfin,Jellyfin.Server/Migrations/Routines/MigrateLibraryDb.cs,256,Microsoft.Extensions.Logging.LoggerExtensions,LogError,Microsoft.Extensions.Logging.ILogger,Extension
jellyfin:0521,jellyfin,Jellyfin.Server/Migrations/Routines/MigrateLibraryDb.cs,357,Microsoft.Extensions.Logging.LoggerExtensions,LogError,Microsoft.Extensions.Logging.ILogger,Extension
jellyfin:0522,jellyfin,Jellyfin.Server/Migrations/Routines/MigrateLibraryDb.cs,462,Microsoft.Extensions.Logging.LoggerExtensions,LogInformation,Microsoft.Extensions.Logging.ILogger,Extension
jellyfin:0523,jellyfin,Jellyfin.Server/Migrations/Routines/MigrateLibraryDb.cs,463,Microsoft.Extensions.Logging.LoggerExtensions,LogInformation,Microsoft.Extensions.Logging.ILogger,Extension
jellyfin:0524,jellyfin,Jellyfin.Server/Migrations/Routines/MigrateLibraryDb.cs,477,Microsoft.Extensions.Logging.LoggerExtensions,LogInformation,Microsoft.Extensions.Logging.ILogger,Extension
jellyfin:0525,jellyfin,Jellyfin.Server/Migrations/Routines/MigrateLibraryDb.cs,502,Microsoft.Extensions.Logging.LoggerExtensions,LogError,Microsoft.Extensions.Logging.ILogger,Extension
jellyfin:0526,jellyfin,Jellyfin.Server/Migrations/Routines/MigrateLibraryDb.cs,1461,Microsoft.Extensions.Logging.LoggerExtensions,LogInformation,Microsoft.Extensions.Logging.ILogger,Extension
jellyfin:0527,jellyfin,Jellyfin.Server/Migrations/Routines/MigrateLibraryDb.cs,1478,Microsoft.Extensions.Logging.LoggerExtensions,LogInformation,Microsoft.Extensions.Logging.ILogger,Extension
jellyfin:0528,jellyfin,Jellyfin.Server/Migrations/Routines/MigrateLibraryDbCompatibilityCheck.cs,42,Microsoft.Extensions.Logging.LoggerExtensions,LogError,Microsoft.Extensions.Logging.ILogger,Extension
jellyfin:0529,jellyfin,Jellyfin.Server/Migrations/Routines/MigrateLibraryUserData.cs,43,Microsoft.Extensions.Logging.LoggerExtensions,LogInformation,Microsoft.Extensions.Logging.ILogger,Extension
jellyfin:0530,jellyfin,Jellyfin.Server/Migrations/Routines/MigrateLibraryUserData.cs,49,Microsoft.Extensions.Logging.LoggerExtensions,LogError,Microsoft.Extensions.Logging.ILogger,Extension
jellyfin:0531,jellyfin,Jellyfin.Server/Migrations/Routines/MigrateLinkedChildren.cs,193,Microsoft.Extensions.Logging.LoggerExtensions,LogInformation,Microsoft.Extensions.Logging.ILogger,Extension
jellyfin:0532,jellyfin,Jellyfin.Server/Migrations/Routines/MigrateLinkedChildren.cs,228,Microsoft.Extensions.Logging.LoggerExtensions,LogInformation,Microsoft.Extensions.Logging.ILogger,Extension
jellyfin:0533,jellyfin,Jellyfin.Server/Migrations/Routines/MigrateLinkedChildren.cs,232,Microsoft.Extensions.Logging.LoggerExtensions,LogInformation,Microsoft.Extensions.Logging.ILogger,Extension
jellyfin:0534,jellyfin,Jellyfin.Server/Migrations/Routines/MigrateLinkedChildren.cs,237,Microsoft.Extensions.Logging.LoggerExtensions,LogInformation,Microsoft.Extensions.Logging.ILogger,Extension
jellyfin:0535,jellyfin,Jellyfin.Server/Migrations/Routines/MigrateLinkedChildren.cs,240,Microsoft.Extensions.Logging.LoggerExtensions,LogInformation,Microsoft.Extensions.Logging.ILogger,Extension
jellyfin:0536,jellyfin,Jellyfin.Server/Migrations/Routines/MigrateLinkedChildren.cs,251,Microsoft.Extensions.Logging.LoggerExtensions,LogInformation,Microsoft.Extensions.Logging.ILogger,Extension
jellyfin:0537,jellyfin,Jellyfin.Server/Migrations/Routines/MigrateLinkedChildren.cs,276,Microsoft.Extensions.Logging.LoggerExtensions,LogInformation,Microsoft.Extensions.Logging.ILogger,Extension
jellyfin:0538,jellyfin,Jellyfin.Server/Migrations/Routines/MigrateLinkedChildren.cs,293,Microsoft.Extensions.Logging.LoggerExtensions,LogInformation,Microsoft.Extensions.Logging.ILogger,Extension
jellyfin:0539,jellyfin,Jellyfin.Server/Migrations/Routines/MigrateLinkedChildren.cs,307,Microsoft.Extensions.Logging.LoggerExtensions,LogInformation,Microsoft.Extensions.Logging.ILogger,Extension
jellyfin:0540,jellyfin,Jellyfin.Server/Migrations/Routines/MigrateLinkedChildren.cs,324,Microsoft.Extensions.Logging.LoggerExtensions,LogInformation,Microsoft.Extensions.Logging.ILogger,Extension
jellyfin:0541,jellyfin,Jellyfin.Server/Migrations/Routines/MigrateLinkedChildren.cs,336,Microsoft.Extensions.Logging.LoggerExtensions,LogInformation,Microsoft.Extensions.Logging.ILogger,Extension
jellyfin:0542,jellyfin,Jellyfin.Server/Migrations/Routines/MigrateLinkedChildren.cs,353,Microsoft.Extensions.Logging.LoggerExtensions,LogInformation,Microsoft.Extensions.Logging.ILogger,Extension
jellyfin:0543,jellyfin,Jellyfin.Server/Migrations/Routines/MigrateLinkedChildren.cs,373,Microsoft.Extensions.Logging.LoggerExtensions,LogWarning,Microsoft.Extensions.Logging.ILogger,Extension
jellyfin:0544,jellyfin,Jellyfin.Server/Migrations/Routines/MigrateLinkedChildren.cs,424,Microsoft.Extensions.Logging.LoggerExtensions,LogInformation,Microsoft.Extensions.Logging.ILogger,Extension
jellyfin:0545,jellyfin,Jellyfin.Server/Migrations/Routines/MigrateLinkedChildren.cs,428,Microsoft.Extensions.Logging.LoggerExtensions,LogInformation,Microsoft.Extensions.Logging.ILogger,Extension
jellyfin:0546,jellyfin,Jellyfin.Server/Migrations/Routines/MigrateLinkedChildren.cs,436,Microsoft.Extensions.Logging.LoggerExtensions,LogInformation,Microsoft.Extensions.Logging.ILogger,Extension
jellyfin:0547,jellyfin,Jellyfin.Server/Migrations/Routines/MigrateLinkedChildren.cs,441,Microsoft.Extensions.Logging.LoggerExtensions,LogInformation,Microsoft.Extensions.Logging.ILogger,Extension
jellyfin:0548,jellyfin,Jellyfin.Server/Migrations/Routines/MigrateLinkedChildren.cs,450,Microsoft.Extensions.Logging.LoggerExtensions,LogInformation,Microsoft.Extensions.Logging.ILogger,Extension
jellyfin:0549,jellyfin,Jellyfin.Server/Migrations/Routines/MigrateLinkedChildren.cs,509,Microsoft.Extensions.Logging.LoggerExtensions,LogDebug,Microsoft.Extensions.Logging.ILogger,Extension
jellyfin:0550,jellyfin,Jellyfin.Server/Migrations/Routines/MigrateLinkedChildren.cs,517,Microsoft.Extensions.Logging.LoggerExtensions,LogWarning,Microsoft.Extensions.Logging.ILogger,Extension
jellyfin:0551,jellyfin,Jellyfin.Server/Migrations/Routines/MigrateLinkedChildren.cs,570,Microsoft.Extensions.Logging.LoggerExtensions,LogWarning,Microsoft.Extensions.Logging.ILogger,Extension
jellyfin:0552,jellyfin,Jellyfin.Server/Migrations/Routines/MigrateLinkedChildren.cs,582,Microsoft.Extensions.Logging.LoggerExtensions,LogDebug,Microsoft.Extensions.Logging.ILogger,Extension
jellyfin:0553,jellyfin,Jellyfin.Server/Migrations/Routines/MigrateRatingLevels.cs,36,Microsoft.Extensions.Logging.LoggerExtensions,LogInformation,Microsoft.Extensions.Logging.ILogger,Extension
jellyfin:0554,jellyfin,Jellyfin.Server/Migrations/Routines/MigrateUserDb.cs,63,Microsoft.Extensions.Logging.LoggerExtensions,LogWarning,Microsoft.Extensions.Logging.ILogger,Extension
jellyfin:0555,jellyfin,Jellyfin.Server/Migrations/Routines/MigrateUserDb.cs,67,Microsoft.Extensions.Logging.LoggerExtensions,LogInformation,Microsoft.Extensions.Logging.ILogger,Extension
jellyfin:0556,jellyfin,Jellyfin.Server/Migrations/Routines/MigrateUserDb.cs,77,Microsoft.Extensions.Logging.LoggerExtensions,LogWarning,Microsoft.Extensions.Logging.ILogger,Extension
jellyfin:0557,jellyfin,Jellyfin.Server/Migrations/Routines/MigrateUserDb.cs,214,Microsoft.Extensions.Logging.LoggerExtensions,LogError,Microsoft.Extensions.Logging.ILogger,Extension
jellyfin:0558,jellyfin,Jellyfin.Server/Migrations/Routines/MoveExtractedFiles.cs,76,Microsoft.Extensions.Logging.LoggerExtensions,LogInformation,Microsoft.Extensions.Logging.ILogger,Extension
jellyfin:0559,jellyfin,Jellyfin.Server/Migrations/Routines/MoveExtractedFiles.cs,103,Microsoft.Extensions.Logging.LoggerExtensions,LogInformation,Microsoft.Extensions.Logging.ILogger,Extension
jellyfin:0560,jellyfin,Jellyfin.Server/Migrations/Routines/MoveExtractedFiles.cs,122,Microsoft.Extensions.Logging.LoggerExtensions,LogInformation,Microsoft.Extensions.Logging.ILogger,Extension
jellyfin:0561,jellyfin,Jellyfin.Server/Migrations/Routines/MoveExtractedFiles.cs,158,Microsoft.Extensions.Logging.LoggerExtensions,LogDebug,Microsoft.Extensions.Logging.ILogger,Extension
jellyfin:0562,jellyfin,Jellyfin.Server/Migrations/Routines/MoveExtractedFiles.cs,223,Microsoft.Extensions.Logging.LoggerExtensions,LogDebug,Microsoft.Extensions.Logging.ILogger,Extension
jellyfin:0563,jellyfin,Jellyfin.Server/Migrations/Routines/MoveExtractedFiles.cs,229,Microsoft.Extensions.Logging.LoggerExtensions,LogDebug,Microsoft.Extensions.Logging.ILogger,Extension
jellyfin:0564,jellyfin,Jellyfin.Server/Migrations/Routines/MoveExtractedFiles.cs,235,Microsoft.Extensions.Logging.LoggerExtensions,LogDebug,Microsoft.Extensions.Logging.ILogger,Extension
jellyfin:0565,jellyfin,Jellyfin.Server/Migrations/Routines/MoveExtractedFiles.cs,280,Microsoft.Extensions.Logging.LoggerExtensions,LogDebug,Microsoft.Extensions.Logging.ILogger,Extension
jellyfin:0566,jellyfin,Jellyfin.Server/Migrations/Routines/MoveExtractedFiles.cs,286,Microsoft.Extensions.Logging.LoggerExtensions,LogDebug,Microsoft.Extensions.Logging.ILogger,Extension
jellyfin:0567,jellyfin,Jellyfin.Server/Migrations/Routines/MoveExtractedFiles.cs,292,Microsoft.Extensions.Logging.LoggerExtensions,LogDebug,Microsoft.Extensions.Logging.ILogger,Extension
jellyfin:0570,jellyfin,Jellyfin.Server/Migrations/Routines/RefreshCleanNames.cs,47,Microsoft.Extensions.Logging.LoggerExtensions,LogInformation,Microsoft.Extensions.Logging.ILogger,Extension
jellyfin:0571,jellyfin,Jellyfin.Server/Migrations/Routines/RefreshCleanNames.cs,96,Microsoft.Extensions.Logging.LoggerExtensions,LogInformation,Microsoft.Extensions.Logging.ILogger,Extension
jellyfin:0572,jellyfin,Jellyfin.Server/Migrations/Routines/RefreshInternalDateModified.cs,82,Microsoft.Extensions.Logging.LoggerExtensions,LogInformation,Microsoft.Extensions.Logging.ILogger,Extension
jellyfin:0573,jellyfin,Jellyfin.Server/Migrations/Routines/RefreshInternalDateModified.cs,124,Microsoft.Extensions.Logging.LoggerExtensions,LogInformation,Microsoft.Extensions.Logging.ILogger,Extension
jellyfin:0574,jellyfin,Jellyfin.Server/Migrations/Routines/RefreshInternalDateModified.cs,129,Microsoft.Extensions.Logging.LoggerExtensions,LogInformation,Microsoft.Extensions.Logging.ILogger,Extension
jellyfin:0575,jellyfin,Jellyfin.Server/Migrations/Routines/RemoveDownloadImagesInAdvance.cs,29,Microsoft.Extensions.Logging.LoggerExtensions,LogInformation,Microsoft.Extensions.Logging.ILogger,Extension
jellyfin:0576,jellyfin,Jellyfin.Server/Migrations/Routines/RemoveDownloadImagesInAdvance.cs,42,Microsoft.Extensions.Logging.LoggerExtensions,LogInformation,Microsoft.Extensions.Logging.ILogger,Extension
jellyfin:0577,jellyfin,Jellyfin.Server/Migrations/Routines/RemoveDuplicateExtras.cs,46,Microsoft.Extensions.Logging.LoggerExtensions,LogInformation,Microsoft.Extensions.Logging.ILogger,Extension
jellyfin:0578,jellyfin,Jellyfin.Server/Migrations/Routines/RemoveDuplicateExtras.cs,59,Microsoft.Extensions.Logging.LoggerExtensions,LogInformation,Microsoft.Extensions.Logging.ILogger,Extension
jellyfin:0579,jellyfin,Jellyfin.Server/Migrations/Routines/RemoveDuplicateExtras.cs,64,Microsoft.Extensions.Logging.LoggerExtensions,LogError,Microsoft.Extensions.Logging.ILogger,Extension
jellyfin:0580,jellyfin,Jellyfin.Server/Migrations/Routines/RemoveDuplicateExtras.cs,71,Microsoft.Extensions.Logging.LoggerExtensions,LogInformation,Microsoft.Extensions.Logging.ILogger,Extension
jellyfin:0581,jellyfin,Jellyfin.Server/Migrations/Routines/ReseedFolderFlag.cs,42,Microsoft.Extensions.Logging.LoggerExtensions,LogInformation,Microsoft.Extensions.Logging.ILogger,Extension
jellyfin:0582,jellyfin,Jellyfin.Server/Migrations/Routines/ReseedFolderFlag.cs,46,Microsoft.Extensions.Logging.LoggerExtensions,LogInformation,Microsoft.Extensions.Logging.ILogger,Extension
jellyfin:0583,jellyfin,Jellyfin.Server/Migrations/Routines/ReseedFolderFlag.cs,52,Microsoft.Extensions.Logging.LoggerExtensions,LogError,Microsoft.Extensions.Logging.ILogger,Extension
jellyfin:0584,jellyfin,Jellyfin.Server/Migrations/Routines/ReseedFolderFlag.cs,67,Microsoft.Extensions.Logging.LoggerExtensions,LogInformation,Microsoft.Extensions.Logging.ILogger,Extension
jellyfin:0586,jellyfin,Jellyfin.Server/Program.cs,110,Microsoft.Extensions.Logging.LoggerExtensions,LogCritical,Microsoft.Extensions.Logging.ILogger,Extension
jellyfin:0587,jellyfin,Jellyfin.Server/Program.cs,112,Microsoft.Extensions.Logging.LoggerExtensions,LogInformation,Microsoft.Extensions.Logging.ILogger,Extension
jellyfin:0588,jellyfin,Jellyfin.Server/Program.cs,124,Microsoft.Extensions.Logging.LoggerExtensions,LogError,Microsoft.Extensions.Logging.ILogger,Extension
jellyfin:0589,jellyfin,Jellyfin.Server/Program.cs,175,Microsoft.Extensions.Logging.LoggerExtensions,LogCritical,Microsoft.Extensions.Logging.ILogger,Extension
jellyfin:0590,jellyfin,Jellyfin.Server/Program.cs,198,Microsoft.Extensions.DependencyInjection.ServiceProviderServiceExtensions,GetService,System.IServiceProvider,Extension
jellyfin:0591,jellyfin,Jellyfin.Server/Program.cs,232,Microsoft.Extensions.Logging.LoggerExtensions,LogError,Microsoft.Extensions.Logging.ILogger,Extension
jellyfin:0592,jellyfin,Jellyfin.Server/Program.cs,239,Microsoft.Extensions.Logging.LoggerExtensions,LogInformation,Microsoft.Extensions.Logging.ILogger,Extension
jellyfin:0593,jellyfin,Jellyfin.Server/Program.cs,250,Microsoft.Extensions.Logging.LoggerExtensions,LogCritical,Microsoft.Extensions.Logging.ILogger,Extension
jellyfin:0594,jellyfin,Jellyfin.Server/Program.cs,267,Microsoft.Extensions.Logging.LoggerExtensions,LogInformation,Microsoft.Extensions.Logging.ILogger,Extension
jellyfin:0595,jellyfin,Jellyfin.Server/Program.cs,269,Microsoft.Extensions.DependencyInjection.ServiceProviderServiceExtensions,GetRequiredService,System.IServiceProvider,Extension
jellyfin:0598,jellyfin,MediaBrowser.Common/Events/EventHelper.cs,32,Microsoft.Extensions.Logging.LoggerExtensions,LogError,Microsoft.Extensions.Logging.ILogger,Extension
jellyfin:0599,jellyfin,MediaBrowser.Common/Events/EventHelper.cs,58,Microsoft.Extensions.Logging.LoggerExtensions,LogError,Microsoft.Extensions.Logging.ILogger,Extension
jellyfin:0600,jellyfin,MediaBrowser.Controller/Entities/Audio/MusicArtist.cs,196,Microsoft.Extensions.Logging.LoggerExtensions,LogDebug,Microsoft.Extensions.Logging.ILogger,Extension
jellyfin:0601,jellyfin,MediaBrowser.Controller/Entities/Audio/MusicGenre.cs,101,Microsoft.Extensions.Logging.LoggerExtensions,LogDebug,Microsoft.Extensions.Logging.ILogger,Extension
jellyfin:0602,jellyfin,MediaBrowser.Controller/Entities/BaseItem.cs,1324,Microsoft.Extensions.Logging.LoggerExtensions,LogError,Microsoft.Extensions.Logging.ILogger,Extension
jellyfin:0603,jellyfin,MediaBrowser.Controller/Entities/BaseItem.cs,1652,Microsoft.Extensions.Logging.LoggerExtensions,LogDebug,Microsoft.Extensions.Logging.ILogger,Extension
jellyfin:0604,jellyfin,MediaBrowser.Controller/Entities/BaseItem.cs,1874,Microsoft.Extensions.Logging.LoggerExtensions,LogWarning,Microsoft.Extensions.Logging.ILogger,Extension
jellyfin:0605,jellyfin,MediaBrowser.Controller/Entities/BaseItem.cs,1887,Microsoft.Extensions.Logging.LoggerExtensions,LogWarning,Microsoft.Extensions.Logging.ILogger,Extension
jellyfin:0606,jellyfin,MediaBrowser.Controller/Entities/BaseItem.cs,1900,Microsoft.Extensions.Logging.LoggerExtensions,LogWarning,Microsoft.Extensions.Logging.ILogger,Extension
jellyfin:0607,jellyfin,MediaBrowser.Controller/Entities/CollectionFolder.cs,156,Microsoft.Extensions.Logging.LoggerExtensions,LogError,Microsoft.Extensions.Logging.ILogger,Extension
jellyfin:0608,jellyfin,MediaBrowser.Controller/Entities/Folder.cs,310,Microsoft.Extensions.Logging.LoggerExtensions,LogError,Microsoft.Extensions.Logging.ILogger,Extension
jellyfin:0610,jellyfin,MediaBrowser.Controller/Entities/Folder.cs,399,Microsoft.Extensions.Logging.LoggerExtensions,LogError,Microsoft.Extensions.Logging.ILogger,Extension
jellyfin:0611,jellyfin,MediaBrowser.Controller/Entities/Folder.cs,403,Microsoft.Extensions.Logging.LoggerExtensions,LogError,Microsoft.Extensions.Logging.ILogger,Extension
jellyfin:0612,jellyfin,MediaBrowser.Controller/Entities/Folder.cs,407,Microsoft.Extensions.Logging.LoggerExtensions,LogError,Microsoft.Extensions.Logging.ILogger,Extension
jellyfin:0613,jellyfin,MediaBrowser.Controller/Entities/Folder.cs,466,Microsoft.Extensions.Logging.LoggerExtensions,LogInformation,Microsoft.Extensions.Logging.ILogger,Extension
jellyfin:0615,jellyfin,MediaBrowser.Controller/Entities/Folder.cs,516,Microsoft.Extensions.Logging.LoggerExtensions,LogDebug,Microsoft.Extensions.Logging.ILogger,Extension
jellyfin:0616,jellyfin,MediaBrowser.Controller/Entities/Folder.cs,536,Microsoft.Extensions.Logging.LoggerExtensions,LogDebug,Microsoft.Extensions.Logging.ILogger,Extension
jellyfin:0617,jellyfin,MediaBrowser.Controller/Entities/Folder.cs,546,Microsoft.Extensions.Logging.LoggerExtensions,LogDebug,Microsoft.Extensions.Logging.ILogger,Extension
jellyfin:0618,jellyfin,MediaBrowser.Controller/Entities/Folder.cs,564,Microsoft.Extensions.Logging.LoggerExtensions,LogInformation,Microsoft.Extensions.Logging.ILogger,Extension
jellyfin:0619,jellyfin,MediaBrowser.Controller/Entities/Folder.cs,624,Microsoft.Extensions.Logging.LoggerExtensions,LogInformation,Microsoft.Extensions.Logging.ILogger,Extension
jellyfin:0620,jellyfin,MediaBrowser.Controller/Entities/Folder.cs,1801,Microsoft.Extensions.Logging.LoggerExtensions,LogDebug,Microsoft.Extensions.Logging.ILogger,Extension
jellyfin:0621,jellyfin,MediaBrowser.Controller/Entities/Folder.cs,1816,Microsoft.Extensions.Logging.LoggerExtensions,LogError,Microsoft.Extensions.Logging.ILogger,Extension
jellyfin:0622,jellyfin,MediaBrowser.Controller/Entities/Folder.cs,1822,Microsoft.Extensions.Logging.LoggerExtensions,LogError,Microsoft.Extensions.Logging.ILogger,Extension
jellyfin:0623,jellyfin,MediaBrowser.Controller/Entities/Folder.cs,1833,Microsoft.Extensions.Logging.LoggerExtensions,LogInformation,Microsoft.Extensions.Logging.ILogger,Extension
jellyfin:0624,jellyfin,MediaBrowser.Controller/Entities/Genre.cs,104,Microsoft.Extensions.Logging.LoggerExtensions,LogDebug,Microsoft.Extensions.Logging.ILogger,Extension
jellyfin:0625,jellyfin,MediaBrowser.Controller/Entities/Person.cs,123,Microsoft.Extensions.Logging.LoggerExtensions,LogDebug,Microsoft.Extensions.Logging.ILogger,Extension
jellyfin:0626,jellyfin,MediaBrowser.Controller/Entities/Studio.cs,99,Microsoft.Extensions.Logging.LoggerExtensions,LogDebug,Microsoft.Extensions.Logging.ILogger,Extension
jellyfin:0627,jellyfin,MediaBrowser.Controller/Entities/TV/Episode.cs,359,Microsoft.Extensions.Logging.LoggerExtensions,LogError,Microsoft.Extensions.Logging.ILogger,Extension
jellyfin:0628,jellyfin,MediaBrowser.Controller/Entities/TV/Episode.cs,372,Microsoft.Extensions.Logging.LoggerExtensions,LogError,Microsoft.Extensions.Logging.ILogger,Extension
jellyfin:0629,jellyfin,MediaBrowser.Controller/Entities/UserViewBuilder.cs,262,Microsoft.Extensions.Logging.LoggerExtensions,LogError,Microsoft.Extensions.Logging.ILogger,Extension
jellyfin:0630,jellyfin,MediaBrowser.Controller/Entities/UserViewBuilder.cs,390,Microsoft.Extensions.Logging.LoggerExtensions,LogError,Microsoft.Extensions.Logging.ILogger,Extension
jellyfin:0631,jellyfin,MediaBrowser.Controller/Entities/Video.cs,532,Microsoft.Extensions.Logging.LoggerExtensions,LogInformation,Microsoft.Extensions.Logging.ILogger,Extension
jellyfin:0632,jellyfin,MediaBrowser.Controller/Entities/Year.cs,106,Microsoft.Extensions.Logging.LoggerExtensions,LogDebug,Microsoft.Extensions.Logging.ILogger,Extension
jellyfin:0635,jellyfin,MediaBrowser.Controller/Extensions/ConfigurationExtensions.cs,116,Microsoft.Extensions.Configuration.ConfigurationBinder,GetValue,Microsoft.Extensions.Configuration.IConfiguration,Extension
jellyfin:0636,jellyfin,MediaBrowser.Controller/Extensions/ConfigurationExtensions.cs,124,Microsoft.Extensions.Configuration.ConfigurationBinder,GetValue,Microsoft.Extensions.Configuration.IConfiguration,Extension
jellyfin:0637,jellyfin,MediaBrowser.Controller/Extensions/ConfigurationExtensions.cs,148,Microsoft.Extensions.Configuration.ConfigurationBinder,GetValue,Microsoft.Extensions.Configuration.IConfiguration,Extension
jellyfin:0638,jellyfin,MediaBrowser.Controller/IO/FileData.cs,66,Microsoft.Extensions.Logging.LoggerExtensions,LogWarning,Microsoft.Extensions.Logging.ILogger,Extension
jellyfin:0639,jellyfin,MediaBrowser.Controller/IO/FileData.cs,80,Microsoft.Extensions.Logging.LoggerExtensions,LogError,Microsoft.Extensions.Logging.ILogger,Extension
jellyfin:0640,jellyfin,MediaBrowser.Controller/IO/FileSystemHelper.cs,29,Microsoft.Extensions.Logging.LoggerExtensions,LogError,Microsoft.Extensions.Logging.ILogger,Extension
jellyfin:0641,jellyfin,MediaBrowser.Controller/IO/FileSystemHelper.cs,33,Microsoft.Extensions.Logging.LoggerExtensions,LogError,Microsoft.Extensions.Logging.ILogger,Extension
jellyfin:0642,jellyfin,MediaBrowser.Controller/IO/FileSystemHelper.cs,56,Microsoft.Extensions.Logging.LoggerExtensions,LogError,Microsoft.Extensions.Logging.ILogger,Extension
jellyfin:0643,jellyfin,MediaBrowser.Controller/IO/FileSystemHelper.cs,60,Microsoft.Extensions.Logging.LoggerExtensions,LogError,Microsoft.Extensions.Logging.ILogger,Extension
jellyfin:0647,jellyfin,MediaBrowser.Controller/LibraryTaskScheduler/LimitedConcurrencyLibraryScheduler.cs,83,Microsoft.Extensions.Logging.LoggerExtensions,LogDebug,Microsoft.Extensions.Logging.ILogger,Extension
jellyfin:0648,jellyfin,MediaBrowser.Controller/LibraryTaskScheduler/LimitedConcurrencyLibraryScheduler.cs,91,Microsoft.Extensions.Logging.LoggerExtensions,LogDebug,Microsoft.Extensions.Logging.ILogger,Extension
jellyfin:0652,jellyfin,MediaBrowser.Controller/LibraryTaskScheduler/LimitedConcurrencyLibraryScheduler.cs,193,Microsoft.Extensions.Logging.LoggerExtensions,LogError,Microsoft.Extensions.Logging.ILogger,Extension
jellyfin:0654,jellyfin,MediaBrowser.Controller/LibraryTaskScheduler/LimitedConcurrencyLibraryScheduler.cs,248,Microsoft.Extensions.Logging.LoggerExtensions,LogDebug,Microsoft.Extensions.Logging.ILogger,Extension
jellyfin:0655,jellyfin,MediaBrowser.Controller/LibraryTaskScheduler/LimitedConcurrencyLibraryScheduler.cs,261,Microsoft.Extensions.Logging.LoggerExtensions,LogDebug,Microsoft.Extensions.Logging.ILogger,Extension
jellyfin:0658,jellyfin,MediaBrowser.Controller/MediaEncoding/JobLogger.cs,58,Microsoft.Extensions.Logging.LoggerExtensions,LogError,Microsoft.Extensions.Logging.ILogger,Extension
jellyfin:0659,jellyfin,MediaBrowser.Controller/MediaEncoding/TranscodingJob.cs,205,Microsoft.Extensions.Logging.LoggerExtensions,LogDebug,Microsoft.Extensions.Logging.ILogger,Extension
jellyfin:0660,jellyfin,MediaBrowser.Controller/MediaEncoding/TranscodingJob.cs,210,Microsoft.Extensions.Logging.LoggerExtensions,LogDebug,Microsoft.Extensions.Logging.ILogger,Extension
jellyfin:0661,jellyfin,MediaBrowser.Controller/MediaEncoding/TranscodingJob.cs,232,Microsoft.Extensions.Logging.LoggerExtensions,LogDebug,Microsoft.Extensions.Logging.ILogger,Extension
jellyfin:0662,jellyfin,MediaBrowser.Controller/MediaEncoding/TranscodingJob.cs,255,Microsoft.Extensions.Logging.LoggerExtensions,LogInformation,Microsoft.Extensions.Logging.ILogger,Extension
jellyfin:0663,jellyfin,MediaBrowser.Controller/MediaEncoding/TranscodingJob.cs,262,Microsoft.Extensions.Logging.LoggerExtensions,LogInformation,Microsoft.Extensions.Logging.ILogger,Extension
jellyfin:0664,jellyfin,MediaBrowser.Controller/MediaEncoding/TranscodingSegmentCleaner.cs,121,Microsoft.Extensions.Logging.LoggerExtensions,LogDebug,Microsoft.Extensions.Logging.ILogger,Extension
jellyfin:0665,jellyfin,MediaBrowser.Controller/MediaEncoding/TranscodingSegmentCleaner.cs,134,Microsoft.Extensions.Logging.LoggerExtensions,LogDebug,Microsoft.Extensions.Logging.ILogger,Extension
jellyfin:0666,jellyfin,MediaBrowser.Controller/MediaEncoding/TranscodingSegmentCleaner.cs,154,Microsoft.Extensions.Logging.LoggerExtensions,LogDebug,Microsoft.Extensions.Logging.ILogger,Extension
jellyfin:0667,jellyfin,MediaBrowser.Controller/MediaEncoding/TranscodingSegmentCleaner.cs,160,Microsoft.Extensions.Logging.LoggerExtensions,LogDebug,Microsoft.Extensions.Logging.ILogger,Extension
jellyfin:0668,jellyfin,MediaBrowser.Controller/MediaEncoding/TranscodingThrottler.cs,57,Microsoft.Extensions.Logging.LoggerExtensions,LogDebug,Microsoft.Extensions.Logging.ILogger,Extension
jellyfin:0669,jellyfin,MediaBrowser.Controller/MediaEncoding/TranscodingThrottler.cs,67,Microsoft.Extensions.Logging.LoggerExtensions,LogError,Microsoft.Extensions.Logging.ILogger,Extension
jellyfin:0670,jellyfin,MediaBrowser.Controller/MediaEncoding/TranscodingThrottler.cs,134,Microsoft.Extensions.Logging.LoggerExtensions,LogDebug,Microsoft.Extensions.Logging.ILogger,Extension
jellyfin:0671,jellyfin,MediaBrowser.Controller/MediaEncoding/TranscodingThrottler.cs,143,Microsoft.Extensions.Logging.LoggerExtensions,LogError,Microsoft.Extensions.Logging.ILogger,Extension
jellyfin:0672,jellyfin,MediaBrowser.Controller/MediaEncoding/TranscodingThrottler.cs,167,Microsoft.Extensions.Logging.LoggerExtensions,LogDebug,Microsoft.Extensions.Logging.ILogger,Extension
jellyfin:0673,jellyfin,MediaBrowser.Controller/MediaEncoding/TranscodingThrottler.cs,171,Microsoft.Extensions.Logging.LoggerExtensions,LogDebug,Microsoft.Extensions.Logging.ILogger,Extension
jellyfin:0674,jellyfin,MediaBrowser.Controller/MediaEncoding/TranscodingThrottler.cs,192,Microsoft.Extensions.Logging.LoggerExtensions,LogDebug,Microsoft.Extensions.Logging.ILogger,Extension
jellyfin:0675,jellyfin,MediaBrowser.Controller/MediaEncoding/TranscodingThrottler.cs,196,Microsoft.Extensions.Logging.LoggerExtensions,LogDebug,Microsoft.Extensions.Logging.ILogger,Extension
jellyfin:0676,jellyfin,MediaBrowser.Controller/MediaEncoding/TranscodingThrottler.cs,201,Microsoft.Extensions.Logging.LoggerExtensions,LogError,Microsoft.Extensions.Logging.ILogger,Extension
jellyfin:0677,jellyfin,MediaBrowser.Controller/MediaEncoding/TranscodingThrottler.cs,206,Microsoft.Extensions.Logging.LoggerExtensions,LogDebug,Microsoft.Extensions.Logging.ILogger,Extension
jellyfin:0678,jellyfin,MediaBrowser.Controller/Net/BasePeriodicWebSocketListener.cs,131,Microsoft.Extensions.Logging.LoggerExtensions,LogDebug,Microsoft.Extensions.Logging.ILogger,Extension
jellyfin:0679,jellyfin,MediaBrowser.Controller/Net/BasePeriodicWebSocketListener.cs,199,Microsoft.Extensions.Logging.LoggerExtensions,LogError,Microsoft.Extensions.Logging.ILogger,Extension
jellyfin:0680,jellyfin,MediaBrowser.Controller/Net/BasePeriodicWebSocketListener.cs,233,Microsoft.Extensions.Logging.LoggerExtensions,LogError,Microsoft.Extensions.Logging.ILogger,Extension
jellyfin:0681,jellyfin,MediaBrowser.Controller/Net/BasePeriodicWebSocketListener.cs,261,Microsoft.Extensions.Logging.LoggerExtensions,LogDebug,Microsoft.Extensions.Logging.ILogger,Extension
jellyfin:0682,jellyfin,MediaBrowser.Controller/Net/BasePeriodicWebSocketListener.cs,274,Microsoft.Extensions.Logging.LoggerExtensions,LogError,Microsoft.Extensions.Logging.ILogger,Extension
jellyfin:0683,jellyfin,MediaBrowser.Controller/Net/BasePeriodicWebSocketListener.cs,279,Microsoft.Extensions.Logging.LoggerExtensions,LogError,Microsoft.Extensions.Logging.ILogger,Extension
jellyfin:0684,jellyfin,MediaBrowser.Controller/Net/BasePeriodicWebSocketListener.cs,297,Microsoft.Extensions.Logging.LoggerExtensions,LogError,Microsoft.Extensions.Logging.ILogger,Extension
jellyfin:0685,jellyfin,MediaBrowser.Controller/Session/SessionInfo.cs,329,Microsoft.Extensions.Logging.LoggerExtensions,LogDebug,Microsoft.Extensions.Logging.ILogger,Extension
jellyfin:0686,jellyfin,MediaBrowser.Controller/Session/SessionInfo.cs,437,Microsoft.Extensions.Logging.LoggerExtensions,LogError,Microsoft.Extensions.Logging.ILogger,Extension
jellyfin:0687,jellyfin,MediaBrowser.Controller/Session/SessionInfo.cs,475,Microsoft.Extensions.Logging.LoggerExtensions,LogDebug,Microsoft.Extensions.Logging.ILogger,Extension
jellyfin:0688,jellyfin,MediaBrowser.Controller/Session/SessionInfo.cs,480,Microsoft.Extensions.Logging.LoggerExtensions,LogDebug,Microsoft.Extensions.Logging.ILogger,Extension
jellyfin:0689,jellyfin,MediaBrowser.Controller/SyncPlay/GroupStates/AbstractGroupState.cs,88,Microsoft.Extensions.Logging.LoggerExtensions,LogDebug,Microsoft.Extensions.Logging.ILogger,Extension
jellyfin:0690,jellyfin,MediaBrowser.Controller/SyncPlay/GroupStates/AbstractGroupState.cs,104,Microsoft.Extensions.Logging.LoggerExtensions,LogError,Microsoft.Extensions.Logging.ILogger,Extension
jellyfin:0691,jellyfin,MediaBrowser.Controller/SyncPlay/GroupStates/AbstractGroupState.cs,120,Microsoft.Extensions.Logging.LoggerExtensions,LogError,Microsoft.Extensions.Logging.ILogger,Extension
jellyfin:0692,jellyfin,MediaBrowser.Controller/SyncPlay/GroupStates/AbstractGroupState.cs,230,Microsoft.Extensions.Logging.LoggerExtensions,LogWarning,Microsoft.Extensions.Logging.ILogger,Extension
jellyfin:0693,jellyfin,MediaBrowser.Controller/SyncPlay/GroupStates/WaitingGroupState.cs,107,Microsoft.Extensions.Logging.LoggerExtensions,LogDebug,Microsoft.Extensions.Logging.ILogger,Extension
jellyfin:0694,jellyfin,MediaBrowser.Controller/SyncPlay/GroupStates/WaitingGroupState.cs,117,Microsoft.Extensions.Logging.LoggerExtensions,LogDebug,Microsoft.Extensions.Logging.ILogger,Extension
jellyfin:0695,jellyfin,MediaBrowser.Controller/SyncPlay/GroupStates/WaitingGroupState.cs,141,Microsoft.Extensions.Logging.LoggerExtensions,LogError,Microsoft.Extensions.Logging.ILogger,Extension
jellyfin:0696,jellyfin,MediaBrowser.Controller/SyncPlay/GroupStates/WaitingGroupState.cs,161,Microsoft.Extensions.Logging.LoggerExtensions,LogDebug,Microsoft.Extensions.Logging.ILogger,Extension
jellyfin:0697,jellyfin,MediaBrowser.Controller/SyncPlay/GroupStates/WaitingGroupState.cs,198,Microsoft.Extensions.Logging.LoggerExtensions,LogDebug,Microsoft.Extensions.Logging.ILogger,Extension
jellyfin:0698,jellyfin,MediaBrowser.Controller/SyncPlay/GroupStates/WaitingGroupState.cs,224,Microsoft.Extensions.Logging.LoggerExtensions,LogDebug,Microsoft.Extensions.Logging.ILogger,Extension
jellyfin:0699,jellyfin,MediaBrowser.Controller/SyncPlay/GroupStates/WaitingGroupState.cs,230,Microsoft.Extensions.Logging.LoggerExtensions,LogDebug,Microsoft.Extensions.Logging.ILogger,Extension
jellyfin:0700,jellyfin,MediaBrowser.Controller/SyncPlay/GroupStates/WaitingGroupState.cs,336,Microsoft.Extensions.Logging.LoggerExtensions,LogDebug,Microsoft.Extensions.Logging.ILogger,Extension
jellyfin:0701,jellyfin,MediaBrowser.Controller/SyncPlay/GroupStates/WaitingGroupState.cs,410,Microsoft.Extensions.Logging.LoggerExtensions,LogDebug,Microsoft.Extensions.Logging.ILogger,Extension
jellyfin:0702,jellyfin,MediaBrowser.Controller/SyncPlay/GroupStates/WaitingGroupState.cs,430,Microsoft.Extensions.Logging.LoggerExtensions,LogWarning,Microsoft.Extensions.Logging.ILogger,Extension
jellyfin:0703,jellyfin,MediaBrowser.Controller/SyncPlay/GroupStates/WaitingGroupState.cs,446,Microsoft.Extensions.Logging.LoggerExtensions,LogDebug,Microsoft.Extensions.Logging.ILogger,Extension
jellyfin:0704,jellyfin,MediaBrowser.Controller/SyncPlay/GroupStates/WaitingGroupState.cs,464,Microsoft.Extensions.Logging.LoggerExtensions,LogWarning,Microsoft.Extensions.Logging.ILogger,Extension
jellyfin:0705,jellyfin,MediaBrowser.Controller/SyncPlay/GroupStates/WaitingGroupState.cs,478,Microsoft.Extensions.Logging.LoggerExtensions,LogInformation,Microsoft.Extensions.Logging.ILogger,Extension
jellyfin:0706,jellyfin,MediaBrowser.Controller/SyncPlay/GroupStates/WaitingGroupState.cs,497,Microsoft.Extensions.Logging.LoggerExtensions,LogInformation,Microsoft.Extensions.Logging.ILogger,Extension
jellyfin:0707,jellyfin,MediaBrowser.Controller/SyncPlay/GroupStates/WaitingGroupState.cs,510,Microsoft.Extensions.Logging.LoggerExtensions,LogWarning,Microsoft.Extensions.Logging.ILogger,Extension
jellyfin:0708,jellyfin,MediaBrowser.Controller/SyncPlay/GroupStates/WaitingGroupState.cs,533,Microsoft.Extensions.Logging.LoggerExtensions,LogWarning,Microsoft.Extensions.Logging.ILogger,Extension
jellyfin:0709,jellyfin,MediaBrowser.Controller/SyncPlay/GroupStates/WaitingGroupState.cs,542,Microsoft.Extensions.Logging.LoggerExtensions,LogDebug,Microsoft.Extensions.Logging.ILogger,Extension
jellyfin:0710,jellyfin,MediaBrowser.Controller/SyncPlay/GroupStates/WaitingGroupState.cs,577,Microsoft.Extensions.Logging.LoggerExtensions,LogDebug,Microsoft.Extensions.Logging.ILogger,Extension
jellyfin:0711,jellyfin,MediaBrowser.Controller/SyncPlay/GroupStates/WaitingGroupState.cs,604,Microsoft.Extensions.Logging.LoggerExtensions,LogDebug,Microsoft.Extensions.Logging.ILogger,Extension
jellyfin:0712,jellyfin,MediaBrowser.Controller/SyncPlay/GroupStates/WaitingGroupState.cs,623,Microsoft.Extensions.Logging.LoggerExtensions,LogDebug,Microsoft.Extensions.Logging.ILogger,Extension
jellyfin:0713,jellyfin,MediaBrowser.Controller/SyncPlay/GroupStates/WaitingGroupState.cs,650,Microsoft.Extensions.Logging.LoggerExtensions,LogDebug,Microsoft.Extensions.Logging.ILogger,Extension
jellyfin:0714,jellyfin,MediaBrowser.Controller/SyncPlay/GroupStates/WaitingGroupState.cs,661,Microsoft.Extensions.Logging.LoggerExtensions,LogDebug,Microsoft.Extensions.Logging.ILogger,Extension
jellyfin:0715,jellyfin,MediaBrowser.LocalMetadata/Images/InternalMetadataFolderImageProvider.cs,83,Microsoft.Extensions.Logging.LoggerExtensions,LogError,Microsoft.Extensions.Logging.ILogger,Extension
jellyfin:0716,jellyfin,MediaBrowser.LocalMetadata/Savers/BaseXmlSaver.cs,157,Microsoft.Extensions.Logging.LoggerExtensions,LogError,Microsoft.Extensions.Logging.ILogger,Extension
jellyfin:0717,jellyfin,MediaBrowser.MediaEncoding/Attachments/AttachmentExtractor.cs,174,Microsoft.Extensions.Logging.LoggerExtensions,LogInformation,Microsoft.Extensions.Logging.ILogger,Extension
jellyfin:0718,jellyfin,MediaBrowser.MediaEncoding/Attachments/AttachmentExtractor.cs,198,Microsoft.Extensions.Logging.LoggerExtensions,LogWarning,Microsoft.Extensions.Logging.ILogger,Extension
jellyfin:0719,jellyfin,MediaBrowser.MediaEncoding/Attachments/AttachmentExtractor.cs,205,Microsoft.Extensions.Logging.LoggerExtensions,LogError,Microsoft.Extensions.Logging.ILogger,Extension
jellyfin:0720,jellyfin,MediaBrowser.MediaEncoding/Attachments/AttachmentExtractor.cs,217,Microsoft.Extensions.Logging.LoggerExtensions,LogError,Microsoft.Extensions.Logging.ILogger,Extension
jellyfin:0721,jellyfin,MediaBrowser.MediaEncoding/Attachments/AttachmentExtractor.cs,223,Microsoft.Extensions.Logging.LoggerExtensions,LogInformation,Microsoft.Extensions.Logging.ILogger,Extension
jellyfin:0722,jellyfin,MediaBrowser.MediaEncoding/Attachments/AttachmentExtractor.cs,300,Microsoft.Extensions.Logging.LoggerExtensions,LogInformation,Microsoft.Extensions.Logging.ILogger,Extension
jellyfin:0723,jellyfin,MediaBrowser.MediaEncoding/Attachments/AttachmentExtractor.cs,324,Microsoft.Extensions.Logging.LoggerExtensions,LogWarning,Microsoft.Extensions.Logging.ILogger,Extension
jellyfin:0724,jellyfin,MediaBrowser.MediaEncoding/Attachments/AttachmentExtractor.cs,334,Microsoft.Extensions.Logging.LoggerExtensions,LogError,Microsoft.Extensions.Logging.ILogger,Extension
jellyfin:0725,jellyfin,MediaBrowser.MediaEncoding/Attachments/AttachmentExtractor.cs,346,Microsoft.Extensions.Logging.LoggerExtensions,LogError,Microsoft.Extensions.Logging.ILogger,Extension
jellyfin:0726,jellyfin,MediaBrowser.MediaEncoding/Attachments/AttachmentExtractor.cs,352,Microsoft.Extensions.Logging.LoggerExtensions,LogInformation,Microsoft.Extensions.Logging.ILogger,Extension
jellyfin:0727,jellyfin,MediaBrowser.MediaEncoding/Encoder/ApplePlatformHelper.cs,71,Microsoft.Extensions.Logging.LoggerExtensions,LogError,Microsoft.Extensions.Logging.ILogger,Extension
jellyfin:0728,jellyfin,MediaBrowser.MediaEncoding/Encoder/ApplePlatformHelper.cs,75,Microsoft.Extensions.Logging.LoggerExtensions,LogError,Microsoft.Extensions.Logging.ILogger,Extension
jellyfin:0729,jellyfin,MediaBrowser.MediaEncoding/Encoder/EncoderValidator.cs,229,Microsoft.Extensions.Logging.LoggerExtensions,LogError,Microsoft.Extensions.Logging.ILogger,Extension
jellyfin:0730,jellyfin,MediaBrowser.MediaEncoding/Encoder/EncoderValidator.cs,235,Microsoft.Extensions.Logging.LoggerExtensions,LogError,Microsoft.Extensions.Logging.ILogger,Extension
jellyfin:0731,jellyfin,MediaBrowser.MediaEncoding/Encoder/EncoderValidator.cs,239,Microsoft.Extensions.Logging.LoggerExtensions,LogDebug,Microsoft.Extensions.Logging.ILogger,Extension
jellyfin:0732,jellyfin,MediaBrowser.MediaEncoding/Encoder/EncoderValidator.cs,248,Microsoft.Extensions.Logging.LoggerExtensions,LogError,Microsoft.Extensions.Logging.ILogger,Extension
jellyfin:0734,jellyfin,MediaBrowser.MediaEncoding/Encoder/EncoderValidator.cs,263,Microsoft.Extensions.Logging.LoggerExtensions,LogWarning,Microsoft.Extensions.Logging.ILogger,Extension
jellyfin:0735,jellyfin,MediaBrowser.MediaEncoding/Encoder/EncoderValidator.cs,267,Microsoft.Extensions.Logging.LoggerExtensions,LogWarning,Microsoft.Extensions.Logging.ILogger,Extension
jellyfin:0738,jellyfin,MediaBrowser.MediaEncoding/Encoder/EncoderValidator.cs,286,Microsoft.Extensions.Logging.LoggerExtensions,LogWarning,Microsoft.Extensions.Logging.ILogger,Extension
jellyfin:0739,jellyfin,MediaBrowser.MediaEncoding/Encoder/EncoderValidator.cs,316,Microsoft.Extensions.Logging.LoggerExtensions,LogError,Microsoft.Extensions.Logging.ILogger,Extension
jellyfin:0740,jellyfin,MediaBrowser.MediaEncoding/Encoder/EncoderValidator.cs,322,Microsoft.Extensions.Logging.LoggerExtensions,LogError,Microsoft.Extensions.Logging.ILogger,Extension
jellyfin:0741,jellyfin,MediaBrowser.MediaEncoding/Encoder/EncoderValidator.cs,326,Microsoft.Extensions.Logging.LoggerExtensions,LogDebug,Microsoft.Extensions.Logging.ILogger,Extension
jellyfin:0744,jellyfin,MediaBrowser.MediaEncoding/Encoder/EncoderValidator.cs,372,Microsoft.Extensions.Logging.LoggerExtensions,LogError,Microsoft.Extensions.Logging.ILogger,Extension
jellyfin:0745,jellyfin,MediaBrowser.MediaEncoding/Encoder/EncoderValidator.cs,421,Microsoft.Extensions.Logging.LoggerExtensions,LogError,Microsoft.Extensions.Logging.ILogger,Extension
jellyfin:0746,jellyfin,MediaBrowser.MediaEncoding/Encoder/EncoderValidator.cs,454,Microsoft.Extensions.Logging.LoggerExtensions,LogError,Microsoft.Extensions.Logging.ILogger,Extension
jellyfin:0747,jellyfin,MediaBrowser.MediaEncoding/Encoder/EncoderValidator.cs,474,Microsoft.Extensions.Logging.LoggerExtensions,LogError,Microsoft.Extensions.Logging.ILogger,Extension
jellyfin:0748,jellyfin,MediaBrowser.MediaEncoding/Encoder/EncoderValidator.cs,483,Microsoft.Extensions.Logging.LoggerExtensions,LogInformation,Microsoft.Extensions.Logging.ILogger,Extension
jellyfin:0749,jellyfin,MediaBrowser.MediaEncoding/Encoder/EncoderValidator.cs,502,Microsoft.Extensions.Logging.LoggerExtensions,LogError,Microsoft.Extensions.Logging.ILogger,Extension
jellyfin:0750,jellyfin,MediaBrowser.MediaEncoding/Encoder/EncoderValidator.cs,511,Microsoft.Extensions.Logging.LoggerExtensions,LogWarning,Microsoft.Extensions.Logging.ILogger,Extension
jellyfin:0751,jellyfin,MediaBrowser.MediaEncoding/Encoder/EncoderValidator.cs,530,Microsoft.Extensions.Logging.LoggerExtensions,LogError,Microsoft.Extensions.Logging.ILogger,Extension
jellyfin:0752,jellyfin,MediaBrowser.MediaEncoding/Encoder/EncoderValidator.cs,539,Microsoft.Extensions.Logging.LoggerExtensions,LogWarning,Microsoft.Extensions.Logging.ILogger,Extension
jellyfin:0753,jellyfin,MediaBrowser.MediaEncoding/Encoder/EncoderValidator.cs,560,Microsoft.Extensions.Logging.LoggerExtensions,LogError,Microsoft.Extensions.Logging.ILogger,Extension
jellyfin:0754,jellyfin,MediaBrowser.MediaEncoding/Encoder/EncoderValidator.cs,587,Microsoft.Extensions.Logging.LoggerExtensions,LogError,Microsoft.Extensions.Logging.ILogger,Extension
jellyfin:0755,jellyfin,MediaBrowser.MediaEncoding/Encoder/EncoderValidator.cs,603,Microsoft.Extensions.Logging.LoggerExtensions,LogInformation,Microsoft.Extensions.Logging.ILogger,Extension
jellyfin:0756,jellyfin,MediaBrowser.MediaEncoding/Encoder/EncoderValidator.cs,617,Microsoft.Extensions.Logging.LoggerExtensions,LogError,Microsoft.Extensions.Logging.ILogger,Extension
jellyfin:0757,jellyfin,MediaBrowser.MediaEncoding/Encoder/EncoderValidator.cs,631,Microsoft.Extensions.Logging.LoggerExtensions,LogInformation,Microsoft.Extensions.Logging.ILogger,Extension
jellyfin:0758,jellyfin,MediaBrowser.MediaEncoding/Encoder/EncoderValidator.cs,653,Microsoft.Extensions.Logging.LoggerExtensions,LogDebug,Microsoft.Extensions.Logging.ILogger,Extension
jellyfin:0759,jellyfin,MediaBrowser.MediaEncoding/Encoder/EncoderValidator.cs,678,Microsoft.Extensions.Logging.LoggerExtensions,LogDebug,Microsoft.Extensions.Logging.ILogger,Extension
jellyfin:0760,jellyfin,MediaBrowser.MediaEncoding/Encoder/EncoderValidator.cs,688,Microsoft.Extensions.Logging.LoggerExtensions,LogError,Microsoft.Extensions.Logging.ILogger,Extension
jellyfin:0763,jellyfin,MediaBrowser.MediaEncoding/Encoder/MediaEncoder.cs,205,Microsoft.Extensions.Logging.LoggerExtensions,LogError,Microsoft.Extensions.Logging.ILogger,Extension
jellyfin:0764,jellyfin,MediaBrowser.MediaEncoding/Encoder/MediaEncoder.cs,251,Microsoft.Extensions.Logging.LoggerExtensions,LogInformation,Microsoft.Extensions.Logging.ILogger,Extension
jellyfin:0765,jellyfin,MediaBrowser.MediaEncoding/Encoder/MediaEncoder.cs,255,Microsoft.Extensions.Logging.LoggerExtensions,LogInformation,Microsoft.Extensions.Logging.ILogger,Extension
jellyfin:0766,jellyfin,MediaBrowser.MediaEncoding/Encoder/MediaEncoder.cs,259,Microsoft.Extensions.Logging.LoggerExtensions,LogInformation,Microsoft.Extensions.Logging.ILogger,Extension
jellyfin:0767,jellyfin,MediaBrowser.MediaEncoding/Encoder/MediaEncoder.cs,264,Microsoft.Extensions.Logging.LoggerExtensions,LogInformation,Microsoft.Extensions.Logging.ILogger,Extension
jellyfin:0768,jellyfin,MediaBrowser.MediaEncoding/Encoder/MediaEncoder.cs,269,Microsoft.Extensions.Logging.LoggerExtensions,LogInformation,Microsoft.Extensions.Logging.ILogger,Extension
jellyfin:0769,jellyfin,MediaBrowser.MediaEncoding/Encoder/MediaEncoder.cs,280,Microsoft.Extensions.Logging.LoggerExtensions,LogInformation,Microsoft.Extensions.Logging.ILogger,Extension
jellyfin:0770,jellyfin,MediaBrowser.MediaEncoding/Encoder/MediaEncoder.cs,300,Microsoft.Extensions.Logging.LoggerExtensions,LogError,Microsoft.Extensions.Logging.ILogger,Extension
jellyfin:0771,jellyfin,MediaBrowser.MediaEncoding/Encoder/MediaEncoder.cs,540,Microsoft.Extensions.Logging.LoggerExtensions,LogDebug,Microsoft.Extensions.Logging.ILogger,Extension
jellyfin:0772,jellyfin,MediaBrowser.MediaEncoding/Encoder/MediaEncoder.cs,640,Microsoft.Extensions.Logging.LoggerExtensions,LogWarning,Microsoft.Extensions.Logging.ILogger,Extension
jellyfin:0773,jellyfin,MediaBrowser.MediaEncoding/Encoder/MediaEncoder.cs,793,Microsoft.Extensions.Logging.LoggerExtensions,LogDebug,Microsoft.Extensions.Logging.ILogger,Extension
jellyfin:0774,jellyfin,MediaBrowser.MediaEncoding/Encoder/MediaEncoder.cs,945,Microsoft.Extensions.Logging.LoggerExtensions,LogWarning,Microsoft.Extensions.Logging.ILogger,Extension
jellyfin:0775,jellyfin,MediaBrowser.MediaEncoding/Encoder/MediaEncoder.cs,1026,Microsoft.Extensions.Logging.LoggerExtensions,LogInformation,Microsoft.Extensions.Logging.ILogger,Extension
jellyfin:0776,jellyfin,MediaBrowser.MediaEncoding/Encoder/MediaEncoder.cs,1045,Microsoft.Extensions.Logging.LoggerExtensions,LogDebug,Microsoft.Extensions.Logging.ILogger,Extension
jellyfin:0777,jellyfin,MediaBrowser.MediaEncoding/Encoder/MediaEncoder.cs,1082,Microsoft.Extensions.Logging.LoggerExtensions,LogInformation,Microsoft.Extensions.Logging.ILogger,Extension
jellyfin:0778,jellyfin,MediaBrowser.MediaEncoding/Encoder/MediaEncoder.cs,1085,Microsoft.Extensions.Logging.LoggerExtensions,LogInformation,Microsoft.Extensions.Logging.ILogger,Extension
jellyfin:0779,jellyfin,MediaBrowser.MediaEncoding/Encoder/MediaEncoder.cs,1100,Microsoft.Extensions.Logging.LoggerExtensions,LogError,Microsoft.Extensions.Logging.ILogger,Extension
jellyfin:0780,jellyfin,MediaBrowser.MediaEncoding/Encoder/MediaEncoder.cs,1132,Microsoft.Extensions.Logging.LoggerExtensions,LogWarning,Microsoft.Extensions.Logging.ILogger,Extension
jellyfin:0781,jellyfin,MediaBrowser.MediaEncoding/Encoder/MediaEncoder.cs,1150,Microsoft.Extensions.Logging.LoggerExtensions,LogInformation,Microsoft.Extensions.Logging.ILogger,Extension
jellyfin:0782,jellyfin,MediaBrowser.MediaEncoding/Encoder/MediaEncoder.cs,1161,Microsoft.Extensions.Logging.LoggerExtensions,LogError,Microsoft.Extensions.Logging.ILogger,Extension
jellyfin:0783,jellyfin,MediaBrowser.MediaEncoding/Encoder/MediaEncoder.cs,1242,Microsoft.Extensions.Logging.LoggerExtensions,LogWarning,Microsoft.Extensions.Logging.ILogger,Extension
jellyfin:0784,jellyfin,MediaBrowser.MediaEncoding/Probing/ProbeResultNormalizer.cs,1682,Microsoft.Extensions.Logging.LoggerExtensions,LogError,Microsoft.Extensions.Logging.ILogger,Extension
jellyfin:0785,jellyfin,MediaBrowser.MediaEncoding/Probing/ProbeResultNormalizer.cs,1721,Microsoft.Extensions.Logging.LoggerExtensions,LogDebug,Microsoft.Extensions.Logging.ILogger,Extension
jellyfin:0788,jellyfin,MediaBrowser.MediaEncoding/Subtitles/SubtitleEncoder.cs,392,Microsoft.Extensions.Logging.LoggerExtensions,LogInformation,Microsoft.Extensions.Logging.ILogger,Extension
jellyfin:0789,jellyfin,MediaBrowser.MediaEncoding/Subtitles/SubtitleEncoder.cs,400,Microsoft.Extensions.Logging.LoggerExtensions,LogError,Microsoft.Extensions.Logging.ILogger,Extension
jellyfin:0790,jellyfin,MediaBrowser.MediaEncoding/Subtitles/SubtitleEncoder.cs,428,Microsoft.Extensions.Logging.LoggerExtensions,LogInformation,Microsoft.Extensions.Logging.ILogger,Extension
jellyfin:0791,jellyfin,MediaBrowser.MediaEncoding/Subtitles/SubtitleEncoder.cs,433,Microsoft.Extensions.Logging.LoggerExtensions,LogError,Microsoft.Extensions.Logging.ILogger,Extension
jellyfin:0792,jellyfin,MediaBrowser.MediaEncoding/Subtitles/SubtitleEncoder.cs,443,Microsoft.Extensions.Logging.LoggerExtensions,LogWarning,Microsoft.Extensions.Logging.ILogger,Extension
jellyfin:0793,jellyfin,MediaBrowser.MediaEncoding/Subtitles/SubtitleEncoder.cs,451,Microsoft.Extensions.Logging.LoggerExtensions,LogError,Microsoft.Extensions.Logging.ILogger,Extension
jellyfin:0794,jellyfin,MediaBrowser.MediaEncoding/Subtitles/SubtitleEncoder.cs,457,Microsoft.Extensions.Logging.LoggerExtensions,LogError,Microsoft.Extensions.Logging.ILogger,Extension
jellyfin:0795,jellyfin,MediaBrowser.MediaEncoding/Subtitles/SubtitleEncoder.cs,465,Microsoft.Extensions.Logging.LoggerExtensions,LogInformation,Microsoft.Extensions.Logging.ILogger,Extension
jellyfin:0796,jellyfin,MediaBrowser.MediaEncoding/Subtitles/SubtitleEncoder.cs,544,Microsoft.Extensions.Logging.LoggerExtensions,LogWarning,Microsoft.Extensions.Logging.ILogger,Extension
jellyfin:0797,jellyfin,MediaBrowser.MediaEncoding/Subtitles/SubtitleEncoder.cs,599,Microsoft.Extensions.Logging.LoggerExtensions,LogError,Microsoft.Extensions.Logging.ILogger,Extension
jellyfin:0798,jellyfin,MediaBrowser.MediaEncoding/Subtitles/SubtitleEncoder.cs,634,Microsoft.Extensions.Logging.LoggerExtensions,LogDebug,Microsoft.Extensions.Logging.ILogger,Extension
jellyfin:0799,jellyfin,MediaBrowser.MediaEncoding/Subtitles/SubtitleEncoder.cs,644,Microsoft.Extensions.Logging.LoggerExtensions,LogError,Microsoft.Extensions.Logging.ILogger,Extension
jellyfin:0800,jellyfin,MediaBrowser.MediaEncoding/Subtitles/SubtitleEncoder.cs,689,Microsoft.Extensions.Logging.LoggerExtensions,LogInformation,Microsoft.Extensions.Logging.ILogger,Extension
jellyfin:0801,jellyfin,MediaBrowser.MediaEncoding/Subtitles/SubtitleEncoder.cs,697,Microsoft.Extensions.Logging.LoggerExtensions,LogError,Microsoft.Extensions.Logging.ILogger,Extension
jellyfin:0802,jellyfin,MediaBrowser.MediaEncoding/Subtitles/SubtitleEncoder.cs,725,Microsoft.Extensions.Logging.LoggerExtensions,LogWarning,Microsoft.Extensions.Logging.ILogger,Extension
jellyfin:0803,jellyfin,MediaBrowser.MediaEncoding/Subtitles/SubtitleEncoder.cs,733,Microsoft.Extensions.Logging.LoggerExtensions,LogError,Microsoft.Extensions.Logging.ILogger,Extension
jellyfin:0804,jellyfin,MediaBrowser.MediaEncoding/Subtitles/SubtitleEncoder.cs,743,Microsoft.Extensions.Logging.LoggerExtensions,LogError,Microsoft.Extensions.Logging.ILogger,Extension
jellyfin:0805,jellyfin,MediaBrowser.MediaEncoding/Subtitles/SubtitleEncoder.cs,748,Microsoft.Extensions.Logging.LoggerExtensions,LogWarning,Microsoft.Extensions.Logging.ILogger,Extension
jellyfin:0806,jellyfin,MediaBrowser.MediaEncoding/Subtitles/SubtitleEncoder.cs,756,Microsoft.Extensions.Logging.LoggerExtensions,LogError,Microsoft.Extensions.Logging.ILogger,Extension
jellyfin:0807,jellyfin,MediaBrowser.MediaEncoding/Subtitles/SubtitleEncoder.cs,767,Microsoft.Extensions.Logging.LoggerExtensions,LogInformation,Microsoft.Extensions.Logging.ILogger,Extension
jellyfin:0808,jellyfin,MediaBrowser.MediaEncoding/Subtitles/SubtitleEncoder.cs,855,Microsoft.Extensions.Logging.LoggerExtensions,LogInformation,Microsoft.Extensions.Logging.ILogger,Extension
jellyfin:0809,jellyfin,MediaBrowser.MediaEncoding/Subtitles/SubtitleEncoder.cs,863,Microsoft.Extensions.Logging.LoggerExtensions,LogError,Microsoft.Extensions.Logging.ILogger,Extension
jellyfin:0810,jellyfin,MediaBrowser.MediaEncoding/Subtitles/SubtitleEncoder.cs,889,Microsoft.Extensions.Logging.LoggerExtensions,LogWarning,Microsoft.Extensions.Logging.ILogger,Extension
jellyfin:0811,jellyfin,MediaBrowser.MediaEncoding/Subtitles/SubtitleEncoder.cs,897,Microsoft.Extensions.Logging.LoggerExtensions,LogError,Microsoft.Extensions.Logging.ILogger,Extension
jellyfin:0812,jellyfin,MediaBrowser.MediaEncoding/Subtitles/SubtitleEncoder.cs,906,Microsoft.Extensions.Logging.LoggerExtensions,LogWarning,Microsoft.Extensions.Logging.ILogger,Extension
jellyfin:0813,jellyfin,MediaBrowser.MediaEncoding/Subtitles/SubtitleEncoder.cs,914,Microsoft.Extensions.Logging.LoggerExtensions,LogError,Microsoft.Extensions.Logging.ILogger,Extension
jellyfin:0814,jellyfin,MediaBrowser.MediaEncoding/Subtitles/SubtitleEncoder.cs,920,Microsoft.Extensions.Logging.LoggerExtensions,LogError,Microsoft.Extensions.Logging.ILogger,Extension
jellyfin:0815,jellyfin,MediaBrowser.MediaEncoding/Subtitles/SubtitleEncoder.cs,926,Microsoft.Extensions.Logging.LoggerExtensions,LogInformation,Microsoft.Extensions.Logging.ILogger,Extension
jellyfin:0816,jellyfin,MediaBrowser.MediaEncoding/Subtitles/SubtitleEncoder.cs,942,Microsoft.Extensions.Logging.LoggerExtensions,LogInformation,Microsoft.Extensions.Logging.ILogger,Extension
jellyfin:0817,jellyfin,MediaBrowser.MediaEncoding/Transcoding/TranscodeManager.cs,122,Microsoft.Extensions.Logging.LoggerExtensions,LogDebug,Microsoft.Extensions.Logging.ILogger,Extension
jellyfin:0818,jellyfin,MediaBrowser.MediaEncoding/Transcoding/TranscodeManager.cs,137,Microsoft.Extensions.Logging.LoggerExtensions,LogDebug,Microsoft.Extensions.Logging.ILogger,Extension
jellyfin:0819,jellyfin,MediaBrowser.MediaEncoding/Transcoding/TranscodeManager.cs,188,Microsoft.Extensions.Logging.LoggerExtensions,LogInformation,Microsoft.Extensions.Logging.ILogger,Extension
jellyfin:0820,jellyfin,MediaBrowser.MediaEncoding/Transcoding/TranscodeManager.cs,222,Microsoft.Extensions.Logging.LoggerExtensions,LogDebug,Microsoft.Extensions.Logging.ILogger,Extension
jellyfin:0821,jellyfin,MediaBrowser.MediaEncoding/Transcoding/TranscodeManager.cs,256,Microsoft.Extensions.Logging.LoggerExtensions,LogInformation,Microsoft.Extensions.Logging.ILogger,Extension
jellyfin:0822,jellyfin,MediaBrowser.MediaEncoding/Transcoding/TranscodeManager.cs,273,Microsoft.Extensions.Logging.LoggerExtensions,LogError,Microsoft.Extensions.Logging.ILogger,Extension
jellyfin:0823,jellyfin,MediaBrowser.MediaEncoding/Transcoding/TranscodeManager.cs,279,Microsoft.Extensions.Logging.LoggerExtensions,LogError,Microsoft.Extensions.Logging.ILogger,Extension
jellyfin:0824,jellyfin,MediaBrowser.MediaEncoding/Transcoding/TranscodeManager.cs,306,Microsoft.Extensions.Logging.LoggerExtensions,LogDebug,Microsoft.Extensions.Logging.ILogger,Extension
jellyfin:0825,jellyfin,MediaBrowser.MediaEncoding/Transcoding/TranscodeManager.cs,312,Microsoft.Extensions.Logging.LoggerExtensions,LogError,Microsoft.Extensions.Logging.ILogger,Extension
jellyfin:0826,jellyfin,MediaBrowser.MediaEncoding/Transcoding/TranscodeManager.cs,448,Microsoft.Extensions.Logging.LoggerExtensions,LogInformation,Microsoft.Extensions.Logging.ILogger,Extension
jellyfin:0827,jellyfin,MediaBrowser.MediaEncoding/Transcoding/TranscodeManager.cs,495,Microsoft.Extensions.Logging.LoggerExtensions,LogError,Microsoft.Extensions.Logging.ILogger,Extension
jellyfin:0828,jellyfin,MediaBrowser.MediaEncoding/Transcoding/TranscodeManager.cs,501,Microsoft.Extensions.Logging.LoggerExtensions,LogDebug,Microsoft.Extensions.Logging.ILogger,Extension
jellyfin:0829,jellyfin,MediaBrowser.MediaEncoding/Transcoding/TranscodeManager.cs,509,Microsoft.Extensions.Logging.LoggerExtensions,LogDebug,Microsoft.Extensions.Logging.ILogger,Extension
jellyfin:0830,jellyfin,MediaBrowser.MediaEncoding/Transcoding/TranscodeManager.cs,515,Microsoft.Extensions.Logging.LoggerExtensions,LogDebug,Microsoft.Extensions.Logging.ILogger,Extension
jellyfin:0831,jellyfin,MediaBrowser.MediaEncoding/Transcoding/TranscodeManager.cs,537,Microsoft.Extensions.Logging.LoggerExtensions,LogDebug,Microsoft.Extensions.Logging.ILogger,Extension
jellyfin:0832,jellyfin,MediaBrowser.MediaEncoding/Transcoding/TranscodeManager.cs,615,Microsoft.Extensions.Logging.LoggerExtensions,LogDebug,Microsoft.Extensions.Logging.ILogger,Extension
jellyfin:0833,jellyfin,MediaBrowser.MediaEncoding/Transcoding/TranscodeManager.cs,647,Microsoft.Extensions.Logging.LoggerExtensions,LogDebug,Microsoft.Extensions.Logging.ILogger,Extension
jellyfin:0834,jellyfin,MediaBrowser.MediaEncoding/Transcoding/TranscodeManager.cs,652,Microsoft.Extensions.Logging.LoggerExtensions,LogInformation,Microsoft.Extensions.Logging.ILogger,Extension
jellyfin:0835,jellyfin,MediaBrowser.MediaEncoding/Transcoding/TranscodeManager.cs,656,Microsoft.Extensions.Logging.LoggerExtensions,LogError,Microsoft.Extensions.Logging.ILogger,Extension
jellyfin:0836,jellyfin,MediaBrowser.MediaEncoding/Transcoding/TranscodeManager.cs,733,Microsoft.Extensions.Logging.LoggerExtensions,LogError,Microsoft.Extensions.Logging.ILogger,Extension
jellyfin:0837,jellyfin,MediaBrowser.Model/Dlna/StreamBuilder.cs,440,Microsoft.Extensions.Logging.LoggerExtensions,LogDebug,Microsoft.Extensions.Logging.ILogger,Extension
jellyfin:0842,jellyfin,MediaBrowser.Model/Dlna/StreamBuilder.cs,1305,Microsoft.Extensions.Logging.LoggerExtensions,LogDebug,Microsoft.Extensions.Logging.ILogger,Extension
jellyfin:0845,jellyfin,MediaBrowser.Providers/Books/OpenPackagingFormat/OpfReader.cs,162,Microsoft.Extensions.Logging.LoggerExtensions,LogError,Microsoft.Extensions.Logging.ILogger,Extension
jellyfin:0846,jellyfin,MediaBrowser.Providers/Books/OpenPackagingFormat/OpfReader.cs,294,Microsoft.Extensions.Logging.LoggerExtensions,LogError,Microsoft.Extensions.Logging.ILogger,Extension
jellyfin:0847,jellyfin,MediaBrowser.Providers/Lyric/LyricManager.cs,155,Microsoft.Extensions.Logging.LoggerExtensions,LogDebug,Microsoft.Extensions.Logging.ILogger,Extension
jellyfin:0848,jellyfin,MediaBrowser.Providers/Lyric/LyricManager.cs,298,Microsoft.Extensions.Logging.LoggerExtensions,LogWarning,Microsoft.Extensions.Logging.ILogger,Extension
jellyfin:0849,jellyfin,MediaBrowser.Providers/Lyric/LyricManager.cs,371,Microsoft.Extensions.Logging.LoggerExtensions,LogError,Microsoft.Extensions.Logging.ILogger,Extension
jellyfin:0850,jellyfin,MediaBrowser.Providers/Lyric/LyricManager.cs,421,Microsoft.Extensions.Logging.LoggerExtensions,LogError,Microsoft.Extensions.Logging.ILogger,Extension
jellyfin:0851,jellyfin,MediaBrowser.Providers/Lyric/LyricManager.cs,432,Microsoft.Extensions.Logging.LoggerExtensions,LogInformation,Microsoft.Extensions.Logging.ILogger,Extension
jellyfin:0852,jellyfin,MediaBrowser.Providers/Lyric/LyricScheduledTask.cs,113,Microsoft.Extensions.Logging.LoggerExtensions,LogDebug,Microsoft.Extensions.Logging.ILogger,Extension
jellyfin:0853,jellyfin,MediaBrowser.Providers/Lyric/LyricScheduledTask.cs,132,Microsoft.Extensions.Logging.LoggerExtensions,LogDebug,Microsoft.Extensions.Logging.ILogger,Extension
jellyfin:0854,jellyfin,MediaBrowser.Providers/Lyric/LyricScheduledTask.cs,144,Microsoft.Extensions.Logging.LoggerExtensions,LogError,Microsoft.Extensions.Logging.ILogger,Extension
jellyfin:0855,jellyfin,MediaBrowser.Providers/Manager/ImageSaver.cs,184,Microsoft.Extensions.Logging.LoggerExtensions,LogInformation,Microsoft.Extensions.Logging.ILogger,Extension
jellyfin:0856,jellyfin,MediaBrowser.Providers/Manager/ImageSaver.cs,201,Microsoft.Extensions.Logging.LoggerExtensions,LogInformation,Microsoft.Extensions.Logging.ILogger,Extension
jellyfin:0857,jellyfin,MediaBrowser.Providers/Manager/ImageSaver.cs,206,Microsoft.Extensions.Logging.LoggerExtensions,LogError,Microsoft.Extensions.Logging.ILogger,Extension
jellyfin:0858,jellyfin,MediaBrowser.Providers/Manager/ImageSaver.cs,210,Microsoft.Extensions.Logging.LoggerExtensions,LogError,Microsoft.Extensions.Logging.ILogger,Extension
jellyfin:0859,jellyfin,MediaBrowser.Providers/Manager/ImageSaver.cs,244,Microsoft.Extensions.Logging.LoggerExtensions,LogError,Microsoft.Extensions.Logging.ILogger,Extension
jellyfin:0860,jellyfin,MediaBrowser.Providers/Manager/ImageSaver.cs,258,Microsoft.Extensions.Logging.LoggerExtensions,LogError,Microsoft.Extensions.Logging.ILogger,Extension
jellyfin:0861,jellyfin,MediaBrowser.Providers/Manager/ImageSaver.cs,279,Microsoft.Extensions.Logging.LoggerExtensions,LogDebug,Microsoft.Extensions.Logging.ILogger,Extension
jellyfin:0862,jellyfin,MediaBrowser.Providers/Manager/ImageSaver.cs,326,Microsoft.Extensions.Logging.LoggerExtensions,LogError,Microsoft.Extensions.Logging.ILogger,Extension
jellyfin:0865,jellyfin,MediaBrowser.Providers/Manager/ItemImageProvider.cs,258,Microsoft.Extensions.Logging.LoggerExtensions,LogError,Microsoft.Extensions.Logging.ILogger,Extension
jellyfin:0867,jellyfin,MediaBrowser.Providers/Manager/ItemImageProvider.cs,342,Microsoft.Extensions.Logging.LoggerExtensions,LogError,Microsoft.Extensions.Logging.ILogger,Extension
jellyfin:0868,jellyfin,MediaBrowser.Providers/Manager/ItemImageProvider.cs,394,Microsoft.Extensions.Logging.LoggerExtensions,LogWarning,Microsoft.Extensions.Logging.ILogger,Extension
jellyfin:0869,jellyfin,MediaBrowser.Providers/Manager/ItemImageProvider.cs,580,Microsoft.Extensions.Logging.LoggerExtensions,LogDebug,Microsoft.Extensions.Logging.ILogger,Extension
jellyfin:0870,jellyfin,MediaBrowser.Providers/Manager/ItemImageProvider.cs,586,Microsoft.Extensions.Logging.LoggerExtensions,LogWarning,Microsoft.Extensions.Logging.ILogger,Extension
jellyfin:0871,jellyfin,MediaBrowser.Providers/Manager/ItemImageProvider.cs,695,Microsoft.Extensions.Logging.LoggerExtensions,LogDebug,Microsoft.Extensions.Logging.ILogger,Extension
jellyfin:0872,jellyfin,MediaBrowser.Providers/Manager/ItemImageProvider.cs,701,Microsoft.Extensions.Logging.LoggerExtensions,LogWarning,Microsoft.Extensions.Logging.ILogger,Extension
jellyfin:0873,jellyfin,MediaBrowser.Providers/Manager/ItemImageProvider.cs,718,Microsoft.Extensions.Logging.LoggerExtensions,LogError,Microsoft.Extensions.Logging.ILogger,Extension
jellyfin:0874,jellyfin,MediaBrowser.Providers/Manager/MetadataService.cs,84,Microsoft.Extensions.Logging.LoggerExtensions,LogError,Microsoft.Extensions.Logging.ILogger,Extension
jellyfin:0876,jellyfin,MediaBrowser.Providers/Manager/MetadataService.cs,141,Microsoft.Extensions.Logging.LoggerExtensions,LogError,Microsoft.Extensions.Logging.ILogger,Extension
jellyfin:0877,jellyfin,MediaBrowser.Providers/Manager/MetadataService.cs,346,Microsoft.Extensions.Logging.LoggerExtensions,LogDebug,Microsoft.Extensions.Logging.ILogger,Extension
jellyfin:0878,jellyfin,MediaBrowser.Providers/Manager/MetadataService.cs,359,Microsoft.Extensions.Logging.LoggerExtensions,LogInformation,Microsoft.Extensions.Logging.ILogger,Extension
jellyfin:0879,jellyfin,MediaBrowser.Providers/Manager/MetadataService.cs,767,Microsoft.Extensions.Logging.LoggerExtensions,LogDebug,Microsoft.Extensions.Logging.ILogger,Extension
jellyfin:0880,jellyfin,MediaBrowser.Providers/Manager/MetadataService.cs,795,Microsoft.Extensions.Logging.LoggerExtensions,LogError,Microsoft.Extensions.Logging.ILogger,Extension
jellyfin:0881,jellyfin,MediaBrowser.Providers/Manager/MetadataService.cs,815,Microsoft.Extensions.Logging.LoggerExtensions,LogDebug,Microsoft.Extensions.Logging.ILogger,Extension
jellyfin:0882,jellyfin,MediaBrowser.Providers/Manager/MetadataService.cs,823,Microsoft.Extensions.Logging.LoggerExtensions,LogError,Microsoft.Extensions.Logging.ILogger,Extension
jellyfin:0884,jellyfin,MediaBrowser.Providers/Manager/MetadataService.cs,889,Microsoft.Extensions.Logging.LoggerExtensions,LogError,Microsoft.Extensions.Logging.ILogger,Extension
jellyfin:0885,jellyfin,MediaBrowser.Providers/Manager/MetadataService.cs,910,Microsoft.Extensions.Logging.LoggerExtensions,LogDebug,Microsoft.Extensions.Logging.ILogger,Extension
jellyfin:0886,jellyfin,MediaBrowser.Providers/Manager/MetadataService.cs,927,Microsoft.Extensions.Logging.LoggerExtensions,LogDebug,Microsoft.Extensions.Logging.ILogger,Extension
jellyfin:0887,jellyfin,MediaBrowser.Providers/Manager/MetadataService.cs,938,Microsoft.Extensions.Logging.LoggerExtensions,LogError,Microsoft.Extensions.Logging.ILogger,Extension
jellyfin:0888,jellyfin,MediaBrowser.Providers/Manager/MetadataService.cs,965,Microsoft.Extensions.Logging.LoggerExtensions,LogDebug,Microsoft.Extensions.Logging.ILogger,Extension
jellyfin:0889,jellyfin,MediaBrowser.Providers/Manager/MetadataService.cs,972,Microsoft.Extensions.Logging.LoggerExtensions,LogError,Microsoft.Extensions.Logging.ILogger,Extension
jellyfin:0891,jellyfin,MediaBrowser.Providers/Manager/ProviderManager.cs,277,Microsoft.Extensions.Logging.LoggerExtensions,LogError,Microsoft.Extensions.Logging.ILogger,Extension
jellyfin:0892,jellyfin,MediaBrowser.Providers/Manager/ProviderManager.cs,362,Microsoft.Extensions.Logging.LoggerExtensions,LogError,Microsoft.Extensions.Logging.ILogger,Extension
jellyfin:0894,jellyfin,MediaBrowser.Providers/Manager/ProviderManager.cs,778,Microsoft.Extensions.Logging.LoggerExtensions,LogDebug,Microsoft.Extensions.Logging.ILogger,Extension
jellyfin:0895,jellyfin,MediaBrowser.Providers/Manager/ProviderManager.cs,790,Microsoft.Extensions.Logging.LoggerExtensions,LogError,Microsoft.Extensions.Logging.ILogger,Extension
jellyfin:0896,jellyfin,MediaBrowser.Providers/Manager/ProviderManager.cs,802,Microsoft.Extensions.Logging.LoggerExtensions,LogError,Microsoft.Extensions.Logging.ILogger,Extension
jellyfin:0897,jellyfin,MediaBrowser.Providers/Manager/ProviderManager.cs,818,Microsoft.Extensions.Logging.LoggerExtensions,LogError,Microsoft.Extensions.Logging.ILogger,Extension
jellyfin:0898,jellyfin,MediaBrowser.Providers/Manager/ProviderManager.cs,879,Microsoft.Extensions.Logging.LoggerExtensions,LogError,Microsoft.Extensions.Logging.ILogger,Extension
jellyfin:0899,jellyfin,MediaBrowser.Providers/Manager/ProviderManager.cs,980,Microsoft.Extensions.Logging.LoggerExtensions,LogError,Microsoft.Extensions.Logging.ILogger,Extension
jellyfin:0900,jellyfin,MediaBrowser.Providers/Manager/ProviderManager.cs,997,Microsoft.Extensions.Logging.LoggerExtensions,LogError,Microsoft.Extensions.Logging.ILogger,Extension
jellyfin:0902,jellyfin,MediaBrowser.Providers/Manager/ProviderManager.cs,1043,Microsoft.Extensions.Logging.LoggerExtensions,LogError,Microsoft.Extensions.Logging.ILogger,Extension
jellyfin:0904,jellyfin,MediaBrowser.Providers/Manager/ProviderManager.cs,1060,Microsoft.Extensions.Logging.LoggerExtensions,LogError,Microsoft.Extensions.Logging.ILogger,Extension
jellyfin:0906,jellyfin,MediaBrowser.Providers/Manager/ProviderManager.cs,1096,Microsoft.Extensions.Logging.LoggerExtensions,LogError,Microsoft.Extensions.Logging.ILogger,Extension
jellyfin:0907,jellyfin,MediaBrowser.Providers/Manager/ProviderManager.cs,1164,Microsoft.Extensions.Logging.LoggerExtensions,LogError,Microsoft.Extensions.Logging.ILogger,Extension
jellyfin:0908,jellyfin,MediaBrowser.Providers/Manager/ProviderManager.cs,1230,Microsoft.Extensions.Logging.LoggerExtensions,LogError,Microsoft.Extensions.Logging.ILogger,Extension
jellyfin:0910,jellyfin,MediaBrowser.Providers/Manager/ProviderManager.cs,1291,Microsoft.Extensions.Logging.LoggerExtensions,LogDebug,Microsoft.Extensions.Logging.ILogger,Extension
jellyfin:0911,jellyfin,MediaBrowser.Providers/MediaInfo/AudioFileProber.cs,182,Microsoft.Extensions.Logging.LoggerExtensions,LogWarning,Microsoft.Extensions.Logging.ILogger,Extension
jellyfin:0912,jellyfin,MediaBrowser.Providers/MediaInfo/AudioFileProber.cs,622,Microsoft.Extensions.Logging.LoggerExtensions,LogWarning,Microsoft.Extensions.Logging.ILogger,Extension
jellyfin:0914,jellyfin,MediaBrowser.Providers/MediaInfo/FFProbeVideoInfo.cs,97,Microsoft.Extensions.Logging.LoggerExtensions,LogError,Microsoft.Extensions.Logging.ILogger,Extension
jellyfin:0915,jellyfin,MediaBrowser.Providers/MediaInfo/FFProbeVideoInfo.cs,130,Microsoft.Extensions.Logging.LoggerExtensions,LogError,Microsoft.Extensions.Logging.ILogger,Extension
jellyfin:0916,jellyfin,MediaBrowser.Providers/MediaInfo/FFProbeVideoInfo.cs,253,Microsoft.Extensions.Logging.LoggerExtensions,LogDebug,Microsoft.Extensions.Logging.ILogger,Extension
jellyfin:0917,jellyfin,MediaBrowser.Providers/MediaInfo/FFProbeVideoInfo.cs,259,Microsoft.Extensions.Logging.LoggerExtensions,LogDebug,Microsoft.Extensions.Logging.ILogger,Extension
jellyfin:0918,jellyfin,MediaBrowser.Providers/MediaInfo/FFProbeVideoInfo.cs,384,Microsoft.Extensions.Logging.LoggerExtensions,LogError,Microsoft.Extensions.Logging.ILogger,Extension
jellyfin:0919,jellyfin,MediaBrowser.Providers/MediaInfo/MediaInfoResolver.cs,145,Microsoft.Extensions.Logging.LoggerExtensions,LogError,Microsoft.Extensions.Logging.ILogger,Extension
jellyfin:0920,jellyfin,MediaBrowser.Providers/MediaInfo/ProbeProvider.cs,136,Microsoft.Extensions.Logging.LoggerExtensions,LogDebug,Microsoft.Extensions.Logging.ILogger,Extension
jellyfin:0921,jellyfin,MediaBrowser.Providers/MediaInfo/ProbeProvider.cs,149,Microsoft.Extensions.Logging.LoggerExtensions,LogDebug,Microsoft.Extensions.Logging.ILogger,Extension
jellyfin:0922,jellyfin,MediaBrowser.Providers/MediaInfo/ProbeProvider.cs,156,Microsoft.Extensions.Logging.LoggerExtensions,LogDebug,Microsoft.Extensions.Logging.ILogger,Extension
jellyfin:0923,jellyfin,MediaBrowser.Providers/MediaInfo/ProbeProvider.cs,167,Microsoft.Extensions.Logging.LoggerExtensions,LogDebug,Microsoft.Extensions.Logging.ILogger,Extension
jellyfin:0924,jellyfin,MediaBrowser.Providers/MediaInfo/ProbeProvider.cs,286,Microsoft.Extensions.Logging.LoggerExtensions,LogWarning,Microsoft.Extensions.Logging.ILogger,Extension
jellyfin:0925,jellyfin,MediaBrowser.Providers/MediaInfo/SubtitleDownloader.cs,207,Microsoft.Extensions.Logging.LoggerExtensions,LogError,Microsoft.Extensions.Logging.ILogger,Extension
jellyfin:0926,jellyfin,MediaBrowser.Providers/MediaInfo/SubtitleScheduledTask.cs,151,Microsoft.Extensions.Logging.LoggerExtensions,LogError,Microsoft.Extensions.Logging.ILogger,Extension
jellyfin:0929,jellyfin,MediaBrowser.Providers/Playlists/PlaylistItemsProvider.cs,220,Microsoft.Extensions.Logging.LoggerExtensions,LogDebug,Microsoft.Extensions.Logging.ILogger,Extension
jellyfin:0930,jellyfin,MediaBrowser.Providers/Plugins/MusicBrainz/Plugin.cs,151,Microsoft.Extensions.Logging.LoggerExtensions,LogWarning,Microsoft.Extensions.Logging.ILogger,Extension
jellyfin:0931,jellyfin,MediaBrowser.Providers/Subtitles/SubtitleManager.cs,107,Microsoft.Extensions.Logging.LoggerExtensions,LogError,Microsoft.Extensions.Logging.ILogger,Extension
jellyfin:0932,jellyfin,MediaBrowser.Providers/Subtitles/SubtitleManager.cs,126,Microsoft.Extensions.Logging.LoggerExtensions,LogError,Microsoft.Extensions.Logging.ILogger,Extension
jellyfin:0933,jellyfin,MediaBrowser.Providers/Subtitles/SubtitleManager.cs,270,Microsoft.Extensions.Logging.LoggerExtensions,LogInformation,Microsoft.Extensions.Logging.ILogger,Extension
jellyfin:0934,jellyfin,MediaBrowser.Providers/Subtitles/SubtitleManager.cs,289,Microsoft.Extensions.Logging.LoggerExtensions,LogError,Microsoft.Extensions.Logging.ILogger,Extension
jellyfin:0935,jellyfin,MediaBrowser.Providers/Trickplay/TrickplayImagesTask.cs,107,Microsoft.Extensions.Logging.LoggerExtensions,LogError,Microsoft.Extensions.Logging.ILogger,Extension
jellyfin:0936,jellyfin,MediaBrowser.Providers/Trickplay/TrickplayMoveImagesTask.cs,112,Microsoft.Extensions.Logging.LoggerExtensions,LogError,Microsoft.Extensions.Logging.ILogger,Extension
jellyfin:0937,jellyfin,MediaBrowser.Providers/TV/SeriesMetadataService.cs,134,Microsoft.Extensions.Logging.LoggerExtensions,LogInformation,Microsoft.Extensions.Logging.ILogger,Extension
jellyfin:0938,jellyfin,MediaBrowser.Providers/TV/SeriesMetadataService.cs,189,Microsoft.Extensions.Logging.LoggerExtensions,LogInformation,Microsoft.Extensions.Logging.ILogger,Extension
jellyfin:0939,jellyfin,MediaBrowser.Providers/TV/SeriesMetadataService.cs,289,Microsoft.Extensions.Logging.LoggerExtensions,LogInformation,Microsoft.Extensions.Logging.ILogger,Extension
jellyfin:0940,jellyfin,MediaBrowser.XbmcMetadata/NfoUserDataSaver.cs,84,Microsoft.Extensions.Logging.LoggerExtensions,LogError,Microsoft.Extensions.Logging.ILogger,Extension
jellyfin:0944,jellyfin,MediaBrowser.XbmcMetadata/Parsers/MovieNfoParser.cs,88,Microsoft.Extensions.Logging.LoggerExtensions,LogError,Microsoft.Extensions.Logging.ILogger,Extension
jellyfin:0945,jellyfin,MediaBrowser.XbmcMetadata/Parsers/SeriesNfoParser.cs,88,Microsoft.Extensions.Logging.LoggerExtensions,LogInformation,Microsoft.Extensions.Logging.ILogger,Extension
jellyfin:0946,jellyfin,MediaBrowser.XbmcMetadata/Savers/BaseNfoSaver.cs,242,Microsoft.Extensions.Logging.LoggerExtensions,LogError,Microsoft.Extensions.Logging.ILogger,Extension
jellyfin:0947,jellyfin,MediaBrowser.XbmcMetadata/Savers/BaseNfoSaver.cs,291,Microsoft.Extensions.Logging.LoggerExtensions,LogError,Microsoft.Extensions.Logging.ILogger,Extension
jellyfin:0948,jellyfin,MediaBrowser.XbmcMetadata/Savers/BaseNfoSaver.cs,757,Microsoft.Extensions.Logging.LoggerExtensions,LogDebug,Microsoft.Extensions.Logging.ILogger,Extension
jellyfin:0949,jellyfin,MediaBrowser.XbmcMetadata/Savers/BaseNfoSaver.cs,759,Microsoft.Extensions.Logging.LoggerExtensions,LogDebug,Microsoft.Extensions.Logging.ILogger,Extension
jellyfin:0950,jellyfin,MediaBrowser.XbmcMetadata/Savers/BaseNfoSaver.cs,1002,Microsoft.Extensions.Logging.LoggerExtensions,LogError,Microsoft.Extensions.Logging.ILogger,Extension
jellyfin:0951,jellyfin,src/Jellyfin.Database/Jellyfin.Database.Implementations/JellyfinDbContext.cs,278,Microsoft.Extensions.Logging.LoggerExtensions,LogError,Microsoft.Extensions.Logging.ILogger,Extension
jellyfin:0952,jellyfin,src/Jellyfin.Database/Jellyfin.Database.Implementations/JellyfinDbContext.cs,299,Microsoft.Extensions.Logging.LoggerExtensions,LogError,Microsoft.Extensions.Logging.ILogger,Extension
jellyfin:0954,jellyfin,src/Jellyfin.Database/Jellyfin.Database.Implementations/Locking/OptimisticLockBehavior.cs,71,Microsoft.Extensions.Logging.LoggerExtensions,LogWarning,Microsoft.Extensions.Logging.ILogger,Extension
jellyfin:0955,jellyfin,src/Jellyfin.Database/Jellyfin.Database.Implementations/Locking/OptimisticLockBehavior.cs,75,Microsoft.Extensions.Logging.LoggerExtensions,LogError,Microsoft.Extensions.Logging.ILogger,Extension
jellyfin:0956,jellyfin,src/Jellyfin.Database/Jellyfin.Database.Implementations/Locking/OptimisticLockBehavior.cs,83,Microsoft.Extensions.Logging.LoggerExtensions,LogInformation,Microsoft.Extensions.Logging.ILogger,Extension
jellyfin:0957,jellyfin,src/Jellyfin.Database/Jellyfin.Database.Implementations/Locking/PessimisticLockBehavior.cs,50,Microsoft.Extensions.Logging.LoggerExtensions,LogInformation,Microsoft.Extensions.Logging.ILogger,Extension
jellyfin:0958,jellyfin,src/Jellyfin.Database/Jellyfin.Database.Implementations/Locking/PessimisticLockBehavior.cs,208,Microsoft.Extensions.Logging.LoggerExtensions,LogTrace,Microsoft.Extensions.Logging.ILogger,Extension
jellyfin:0959,jellyfin,src/Jellyfin.Database/Jellyfin.Database.Implementations/Locking/PessimisticLockBehavior.cs,211,Microsoft.Extensions.Logging.LoggerExtensions,LogTrace,Microsoft.Extensions.Logging.ILogger,Extension
jellyfin:0960,jellyfin,src/Jellyfin.Database/Jellyfin.Database.Implementations/Locking/PessimisticLockBehavior.cs,226,Microsoft.Extensions.Logging.LoggerExtensions,LogTrace,Microsoft.Extensions.Logging.ILogger,Extension
jellyfin:0961,jellyfin,src/Jellyfin.Database/Jellyfin.Database.Implementations/Locking/PessimisticLockBehavior.cs,229,Microsoft.Extensions.Logging.LoggerExtensions,LogTrace,Microsoft.Extensions.Logging.ILogger,Extension
jellyfin:0962,jellyfin,src/Jellyfin.Database/Jellyfin.Database.Implementations/Locking/PessimisticLockBehavior.cs,242,Microsoft.Extensions.Logging.LoggerExtensions,LogTrace,Microsoft.Extensions.Logging.ILogger,Extension
jellyfin:0963,jellyfin,src/Jellyfin.Database/Jellyfin.Database.Implementations/Locking/PessimisticLockBehavior.cs,249,Microsoft.Extensions.Logging.LoggerExtensions,LogInformation,Microsoft.Extensions.Logging.ILogger,Extension
jellyfin:0964,jellyfin,src/Jellyfin.Database/Jellyfin.Database.Implementations/Locking/PessimisticLockBehavior.cs,252,Microsoft.Extensions.Logging.LoggerExtensions,LogInformation,Microsoft.Extensions.Logging.ILogger,Extension
jellyfin:0965,jellyfin,src/Jellyfin.Database/Jellyfin.Database.Implementations/Locking/PessimisticLockBehavior.cs,256,Microsoft.Extensions.Logging.LoggerExtensions,LogInformation,Microsoft.Extensions.Logging.ILogger,Extension
jellyfin:0966,jellyfin,src/Jellyfin.Database/Jellyfin.Database.Implementations/Locking/PessimisticLockBehavior.cs,261,Microsoft.Extensions.Logging.LoggerExtensions,LogTrace,Microsoft.Extensions.Logging.ILogger,Extension
jellyfin:0967,jellyfin,src/Jellyfin.Database/Jellyfin.Database.Implementations/Locking/PessimisticLockBehavior.cs,266,Microsoft.Extensions.Logging.LoggerExtensions,LogTrace,Microsoft.Extensions.Logging.ILogger,Extension
jellyfin:0968,jellyfin,src/Jellyfin.Database/Jellyfin.Database.Implementations/Locking/PessimisticLockBehavior.cs,268,Microsoft.Extensions.Logging.LoggerExtensions,LogTrace,Microsoft.Extensions.Logging.ILogger,Extension
jellyfin:0969,jellyfin,src/Jellyfin.Database/Jellyfin.Database.Implementations/Locking/PessimisticLockBehavior.cs,273,Microsoft.Extensions.Logging.LoggerExtensions,LogTrace,Microsoft.Extensions.Logging.ILogger,Extension
jellyfin:0970,jellyfin,src/Jellyfin.Database/Jellyfin.Database.Implementations/Locking/PessimisticLockBehavior.cs,279,Microsoft.Extensions.Logging.LoggerExtensions,LogTrace,Microsoft.Extensions.Logging.ILogger,Extension
jellyfin:0972,jellyfin,src/Jellyfin.Database/Jellyfin.Database.Providers.Sqlite/SqliteDatabaseProvider.cs,97,Microsoft.Extensions.Logging.LoggerExtensions,LogInformation,Microsoft.Extensions.Logging.ILogger,Extension
jellyfin:0973,jellyfin,src/Jellyfin.Database/Jellyfin.Database.Providers.Sqlite/SqliteDatabaseProvider.cs,111,Microsoft.Extensions.Logging.LoggerExtensions,LogInformation,Microsoft.Extensions.Logging.ILogger,Extension
jellyfin:0974,jellyfin,src/Jellyfin.Database/Jellyfin.Database.Providers.Sqlite/SqliteDatabaseProvider.cs,168,Microsoft.Extensions.Logging.LoggerExtensions,LogCritical,Microsoft.Extensions.Logging.ILogger,Extension
jellyfin:0975,jellyfin,src/Jellyfin.Database/Jellyfin.Database.Providers.Sqlite/SqliteDatabaseProvider.cs,183,Microsoft.Extensions.Logging.LoggerExtensions,LogCritical,Microsoft.Extensions.Logging.ILogger,Extension
jellyfin:0976,jellyfin,src/Jellyfin.Drawing.Skia/SkiaEncoder.cs,192,Microsoft.Extensions.Logging.LoggerExtensions,LogError,Microsoft.Extensions.Logging.ILogger,Extension
jellyfin:0977,jellyfin,src/Jellyfin.Drawing.Skia/SkiaEncoder.cs,202,Microsoft.Extensions.Logging.LoggerExtensions,LogDebug,Microsoft.Extensions.Logging.ILogger,Extension
jellyfin:0978,jellyfin,src/Jellyfin.Drawing.Skia/SkiaEncoder.cs,210,Microsoft.Extensions.Logging.LoggerExtensions,LogDebug,Microsoft.Extensions.Logging.ILogger,Extension
jellyfin:0979,jellyfin,src/Jellyfin.Drawing.Skia/SkiaEncoder.cs,233,Microsoft.Extensions.Logging.LoggerExtensions,LogDebug,Microsoft.Extensions.Logging.ILogger,Extension
jellyfin:0980,jellyfin,src/Jellyfin.Drawing.Skia/SkiaEncoder.cs,244,Microsoft.Extensions.Logging.LoggerExtensions,LogWarning,Microsoft.Extensions.Logging.ILogger,Extension
jellyfin:0981,jellyfin,src/Jellyfin.Drawing.Skia/SkiaEncoder.cs,261,Microsoft.Extensions.Logging.LoggerExtensions,LogDebug,Microsoft.Extensions.Logging.ILogger,Extension
jellyfin:0982,jellyfin,src/Jellyfin.Drawing.Skia/SkiaEncoder.cs,275,Microsoft.Extensions.Logging.LoggerExtensions,LogDebug,Microsoft.Extensions.Logging.ILogger,Extension
jellyfin:0983,jellyfin,src/Jellyfin.Drawing.Skia/SkiaEncoder.cs,292,Microsoft.Extensions.Logging.LoggerExtensions,LogDebug,Microsoft.Extensions.Logging.ILogger,Extension
jellyfin:0984,jellyfin,src/Jellyfin.Drawing.Skia/SkiaEncoder.cs,386,Microsoft.Extensions.Logging.LoggerExtensions,LogError,Microsoft.Extensions.Logging.ILogger,Extension
jellyfin:0985,jellyfin,src/Jellyfin.Drawing.Skia/SkiaEncoder.cs,415,Microsoft.Extensions.Logging.LoggerExtensions,LogError,Microsoft.Extensions.Logging.ILogger,Extension
jellyfin:0986,jellyfin,src/Jellyfin.Drawing.Skia/SkiaEncoder.cs,470,Microsoft.Extensions.Logging.LoggerExtensions,LogError,Microsoft.Extensions.Logging.ILogger,Extension
jellyfin:0987,jellyfin,src/Jellyfin.Drawing.Skia/SkiaEncoder.cs,525,Microsoft.Extensions.Logging.LoggerExtensions,LogError,Microsoft.Extensions.Logging.ILogger,Extension
jellyfin:0988,jellyfin,src/Jellyfin.Drawing.Skia/SkiaEncoder.cs,577,Microsoft.Extensions.Logging.LoggerExtensions,LogDebug,Microsoft.Extensions.Logging.ILogger,Extension
jellyfin:0989,jellyfin,src/Jellyfin.Drawing.Skia/SkiaEncoder.cs,801,Microsoft.Extensions.Logging.LoggerExtensions,LogError,Microsoft.Extensions.Logging.ILogger,Extension
jellyfin:0990,jellyfin,src/Jellyfin.Drawing.Skia/SplashscreenBuilder.cs,130,Microsoft.Extensions.Logging.LoggerExtensions,LogError,Microsoft.Extensions.Logging.ILogger,Extension
jellyfin:0991,jellyfin,src/Jellyfin.Drawing.Skia/SplashscreenBuilder.cs,169,Microsoft.Extensions.Logging.LoggerExtensions,LogError,Microsoft.Extensions.Logging.ILogger,Extension
jellyfin:0992,jellyfin,src/Jellyfin.Drawing/ImageProcessor.cs,218,Microsoft.Extensions.Logging.LoggerExtensions,LogError,Microsoft.Extensions.Logging.ILogger,Extension
jellyfin:0993,jellyfin,src/Jellyfin.Drawing/ImageProcessor.cs,367,Microsoft.Extensions.Logging.LoggerExtensions,LogDebug,Microsoft.Extensions.Logging.ILogger,Extension
jellyfin:0994,jellyfin,src/Jellyfin.Drawing/ImageProcessor.cs,526,Microsoft.Extensions.Logging.LoggerExtensions,LogDebug,Microsoft.Extensions.Logging.ILogger,Extension
jellyfin:0995,jellyfin,src/Jellyfin.Drawing/ImageProcessor.cs,530,Microsoft.Extensions.Logging.LoggerExtensions,LogDebug,Microsoft.Extensions.Logging.ILogger,Extension
jellyfin:0996,jellyfin,src/Jellyfin.LiveTv/Channels/ChannelManager.cs,309,Microsoft.Extensions.Logging.LoggerExtensions,LogError,Microsoft.Extensions.Logging.ILogger,Extension
jellyfin:0997,jellyfin,src/Jellyfin.LiveTv/Channels/ChannelManager.cs,875,Microsoft.Extensions.Logging.LoggerExtensions,LogError,Microsoft.Extensions.Logging.ILogger,Extension
jellyfin:0998,jellyfin,src/Jellyfin.LiveTv/Channels/ChannelManager.cs,940,Microsoft.Extensions.Logging.LoggerExtensions,LogError,Microsoft.Extensions.Logging.ILogger,Extension
jellyfin:0999,jellyfin,src/Jellyfin.LiveTv/Channels/ChannelManager.cs,1047,Microsoft.Extensions.Logging.LoggerExtensions,LogDebug,Microsoft.Extensions.Logging.ILogger,Extension
jellyfin:1000,jellyfin,src/Jellyfin.LiveTv/Channels/ChannelManager.cs,1057,Microsoft.Extensions.Logging.LoggerExtensions,LogDebug,Microsoft.Extensions.Logging.ILogger,Extension
jellyfin:1001,jellyfin,src/Jellyfin.LiveTv/Channels/ChannelManager.cs,1064,Microsoft.Extensions.Logging.LoggerExtensions,LogDebug,Microsoft.Extensions.Logging.ILogger,Extension
jellyfin:1002,jellyfin,src/Jellyfin.LiveTv/Channels/ChannelManager.cs,1072,Microsoft.Extensions.Logging.LoggerExtensions,LogDebug,Microsoft.Extensions.Logging.ILogger,Extension
jellyfin:1003,jellyfin,src/Jellyfin.LiveTv/Channels/ChannelManager.cs,1082,Microsoft.Extensions.Logging.LoggerExtensions,LogDebug,Microsoft.Extensions.Logging.ILogger,Extension
jellyfin:1004,jellyfin,src/Jellyfin.LiveTv/Channels/ChannelManager.cs,1091,Microsoft.Extensions.Logging.LoggerExtensions,LogDebug,Microsoft.Extensions.Logging.ILogger,Extension
jellyfin:1005,jellyfin,src/Jellyfin.LiveTv/Channels/ChannelManager.cs,1115,Microsoft.Extensions.Logging.LoggerExtensions,LogDebug,Microsoft.Extensions.Logging.ILogger,Extension
jellyfin:1006,jellyfin,src/Jellyfin.LiveTv/Channels/ChannelManager.cs,1124,Microsoft.Extensions.Logging.LoggerExtensions,LogDebug,Microsoft.Extensions.Logging.ILogger,Extension
jellyfin:1007,jellyfin,src/Jellyfin.LiveTv/Channels/ChannelManager.cs,1133,Microsoft.Extensions.Logging.LoggerExtensions,LogDebug,Microsoft.Extensions.Logging.ILogger,Extension
jellyfin:1008,jellyfin,src/Jellyfin.LiveTv/Channels/ChannelPostScanTask.cs,69,Microsoft.Extensions.Logging.LoggerExtensions,LogInformation,Microsoft.Extensions.Logging.ILogger,Extension
jellyfin:1009,jellyfin,src/Jellyfin.LiveTv/DefaultLiveTvService.cs,133,Microsoft.Extensions.Logging.LoggerExtensions,LogError,Microsoft.Extensions.Logging.ILogger,Extension
jellyfin:1010,jellyfin,src/Jellyfin.LiveTv/DefaultLiveTvService.cs,246,Microsoft.Extensions.Logging.LoggerExtensions,LogInformation,Microsoft.Extensions.Logging.ILogger,Extension
jellyfin:1011,jellyfin,src/Jellyfin.LiveTv/DefaultLiveTvService.cs,464,Microsoft.Extensions.Logging.LoggerExtensions,LogInformation,Microsoft.Extensions.Logging.ILogger,Extension
jellyfin:1012,jellyfin,src/Jellyfin.LiveTv/DefaultLiveTvService.cs,474,Microsoft.Extensions.Logging.LoggerExtensions,LogInformation,Microsoft.Extensions.Logging.ILogger,Extension
jellyfin:1013,jellyfin,src/Jellyfin.LiveTv/DefaultLiveTvService.cs,489,Microsoft.Extensions.Logging.LoggerExtensions,LogInformation,Microsoft.Extensions.Logging.ILogger,Extension
jellyfin:1014,jellyfin,src/Jellyfin.LiveTv/DefaultLiveTvService.cs,544,Microsoft.Extensions.Logging.LoggerExtensions,LogInformation,Microsoft.Extensions.Logging.ILogger,Extension
jellyfin:1015,jellyfin,src/Jellyfin.LiveTv/DefaultLiveTvService.cs,551,Microsoft.Extensions.Logging.LoggerExtensions,LogWarning,Microsoft.Extensions.Logging.ILogger,Extension
jellyfin:1016,jellyfin,src/Jellyfin.LiveTv/DefaultLiveTvService.cs,565,Microsoft.Extensions.Logging.LoggerExtensions,LogInformation,Microsoft.Extensions.Logging.ILogger,Extension
jellyfin:1017,jellyfin,src/Jellyfin.LiveTv/DefaultLiveTvService.cs,577,Microsoft.Extensions.Logging.LoggerExtensions,LogInformation,Microsoft.Extensions.Logging.ILogger,Extension
jellyfin:1018,jellyfin,src/Jellyfin.LiveTv/DefaultLiveTvService.cs,594,Microsoft.Extensions.Logging.LoggerExtensions,LogError,Microsoft.Extensions.Logging.ILogger,Extension
jellyfin:1021,jellyfin,src/Jellyfin.LiveTv/Guide/GuideManager.cs,121,Microsoft.Extensions.Logging.LoggerExtensions,LogDebug,Microsoft.Extensions.Logging.ILogger,Extension
jellyfin:1022,jellyfin,src/Jellyfin.LiveTv/Guide/GuideManager.cs,139,Microsoft.Extensions.Logging.LoggerExtensions,LogError,Microsoft.Extensions.Logging.ILogger,Extension
jellyfin:1023,jellyfin,src/Jellyfin.LiveTv/Guide/GuideManager.cs,203,Microsoft.Extensions.Logging.LoggerExtensions,LogError,Microsoft.Extensions.Logging.ILogger,Extension
jellyfin:1024,jellyfin,src/Jellyfin.LiveTv/Guide/GuideManager.cs,221,Microsoft.Extensions.Logging.LoggerExtensions,LogInformation,Microsoft.Extensions.Logging.ILogger,Extension
jellyfin:1025,jellyfin,src/Jellyfin.LiveTv/Guide/GuideManager.cs,274,Microsoft.Extensions.Logging.LoggerExtensions,LogDebug,Microsoft.Extensions.Logging.ILogger,Extension
jellyfin:1026,jellyfin,src/Jellyfin.LiveTv/Guide/GuideManager.cs,322,Microsoft.Extensions.Logging.LoggerExtensions,LogError,Microsoft.Extensions.Logging.ILogger,Extension
jellyfin:1027,jellyfin,src/Jellyfin.LiveTv/Guide/GuideManager.cs,769,Microsoft.Extensions.Logging.LoggerExtensions,LogDebug,Microsoft.Extensions.Logging.ILogger,Extension
jellyfin:1028,jellyfin,src/Jellyfin.LiveTv/Guide/GuideManager.cs,781,Microsoft.Extensions.Logging.LoggerExtensions,LogWarning,Microsoft.Extensions.Logging.ILogger,Extension
jellyfin:1029,jellyfin,src/Jellyfin.LiveTv/IO/DirectRecorder.cs,61,Microsoft.Extensions.Logging.LoggerExtensions,LogInformation,Microsoft.Extensions.Logging.ILogger,Extension
jellyfin:1030,jellyfin,src/Jellyfin.LiveTv/IO/DirectRecorder.cs,79,Microsoft.Extensions.Logging.LoggerExtensions,LogInformation,Microsoft.Extensions.Logging.ILogger,Extension
jellyfin:1031,jellyfin,src/Jellyfin.LiveTv/IO/DirectRecorder.cs,87,Microsoft.Extensions.Logging.LoggerExtensions,LogInformation,Microsoft.Extensions.Logging.ILogger,Extension
jellyfin:1032,jellyfin,src/Jellyfin.LiveTv/IO/DirectRecorder.cs,96,Microsoft.Extensions.Logging.LoggerExtensions,LogInformation,Microsoft.Extensions.Logging.ILogger,Extension
jellyfin:1033,jellyfin,src/Jellyfin.LiveTv/IO/DirectRecorder.cs,109,Microsoft.Extensions.Logging.LoggerExtensions,LogInformation,Microsoft.Extensions.Logging.ILogger,Extension
jellyfin:1034,jellyfin,src/Jellyfin.LiveTv/IO/EncodedRecorder.cs,69,Microsoft.Extensions.Logging.LoggerExtensions,LogInformation,Microsoft.Extensions.Logging.ILogger,Extension
jellyfin:1035,jellyfin,src/Jellyfin.LiveTv/IO/EncodedRecorder.cs,96,Microsoft.Extensions.Logging.LoggerExtensions,LogInformation,Microsoft.Extensions.Logging.ILogger,Extension
jellyfin:1036,jellyfin,src/Jellyfin.LiveTv/IO/EncodedRecorder.cs,123,Microsoft.Extensions.Logging.LoggerExtensions,LogInformation,Microsoft.Extensions.Logging.ILogger,Extension
jellyfin:1037,jellyfin,src/Jellyfin.LiveTv/IO/EncodedRecorder.cs,215,Microsoft.Extensions.Logging.LoggerExtensions,LogInformation,Microsoft.Extensions.Logging.ILogger,Extension
jellyfin:1038,jellyfin,src/Jellyfin.LiveTv/IO/EncodedRecorder.cs,221,Microsoft.Extensions.Logging.LoggerExtensions,LogError,Microsoft.Extensions.Logging.ILogger,Extension
jellyfin:1039,jellyfin,src/Jellyfin.LiveTv/IO/EncodedRecorder.cs,231,Microsoft.Extensions.Logging.LoggerExtensions,LogInformation,Microsoft.Extensions.Logging.ILogger,Extension
jellyfin:1040,jellyfin,src/Jellyfin.LiveTv/IO/EncodedRecorder.cs,240,Microsoft.Extensions.Logging.LoggerExtensions,LogError,Microsoft.Extensions.Logging.ILogger,Extension
jellyfin:1041,jellyfin,src/Jellyfin.LiveTv/IO/EncodedRecorder.cs,250,Microsoft.Extensions.Logging.LoggerExtensions,LogInformation,Microsoft.Extensions.Logging.ILogger,Extension
jellyfin:1042,jellyfin,src/Jellyfin.LiveTv/IO/EncodedRecorder.cs,256,Microsoft.Extensions.Logging.LoggerExtensions,LogError,Microsoft.Extensions.Logging.ILogger,Extension
jellyfin:1043,jellyfin,src/Jellyfin.LiveTv/IO/EncodedRecorder.cs,275,Microsoft.Extensions.Logging.LoggerExtensions,LogInformation,Microsoft.Extensions.Logging.ILogger,Extension
jellyfin:1044,jellyfin,src/Jellyfin.LiveTv/IO/EncodedRecorder.cs,311,Microsoft.Extensions.Logging.LoggerExtensions,LogError,Microsoft.Extensions.Logging.ILogger,Extension
jellyfin:1045,jellyfin,src/Jellyfin.LiveTv/Listings/ListingsManager.cs,131,Microsoft.Extensions.Logging.LoggerExtensions,LogDebug,Microsoft.Extensions.Logging.ILogger,Extension
jellyfin:1046,jellyfin,src/Jellyfin.LiveTv/Listings/ListingsManager.cs,140,Microsoft.Extensions.Logging.LoggerExtensions,LogDebug,Microsoft.Extensions.Logging.ILogger,Extension
jellyfin:1047,jellyfin,src/Jellyfin.LiveTv/Listings/ListingsManager.cs,152,Microsoft.Extensions.Logging.LoggerExtensions,LogDebug,Microsoft.Extensions.Logging.ILogger,Extension
jellyfin:1048,jellyfin,src/Jellyfin.LiveTv/Listings/ListingsManager.cs,201,Microsoft.Extensions.Logging.LoggerExtensions,LogError,Microsoft.Extensions.Logging.ILogger,Extension
jellyfin:1049,jellyfin,src/Jellyfin.LiveTv/Listings/ListingsManager.cs,359,Microsoft.Extensions.Logging.LoggerExtensions,LogWarning,Microsoft.Extensions.Logging.ILogger,Extension
jellyfin:1050,jellyfin,src/Jellyfin.LiveTv/Listings/ListingsManager.cs,378,Microsoft.Extensions.Logging.LoggerExtensions,LogInformation,Microsoft.Extensions.Logging.ILogger,Extension
jellyfin:1051,jellyfin,src/Jellyfin.LiveTv/Listings/ListingsManager.cs,493,Microsoft.Extensions.Logging.LoggerExtensions,LogError,Microsoft.Extensions.Logging.ILogger,Extension
jellyfin:1052,jellyfin,src/Jellyfin.LiveTv/Listings/SchedulesDirect.cs,110,Microsoft.Extensions.Logging.LoggerExtensions,LogWarning,Microsoft.Extensions.Logging.ILogger,Extension
jellyfin:1053,jellyfin,src/Jellyfin.LiveTv/Listings/SchedulesDirect.cs,117,Microsoft.Extensions.Logging.LoggerExtensions,LogInformation,Microsoft.Extensions.Logging.ILogger,Extension
jellyfin:1054,jellyfin,src/Jellyfin.LiveTv/Listings/SchedulesDirect.cs,127,Microsoft.Extensions.Logging.LoggerExtensions,LogDebug,Microsoft.Extensions.Logging.ILogger,Extension
jellyfin:1055,jellyfin,src/Jellyfin.LiveTv/Listings/SchedulesDirect.cs,138,Microsoft.Extensions.Logging.LoggerExtensions,LogDebug,Microsoft.Extensions.Logging.ILogger,Extension
jellyfin:1056,jellyfin,src/Jellyfin.LiveTv/Listings/SchedulesDirect.cs,509,Microsoft.Extensions.Logging.LoggerExtensions,LogWarning,Microsoft.Extensions.Logging.ILogger,Extension
jellyfin:1057,jellyfin,src/Jellyfin.LiveTv/Listings/SchedulesDirect.cs,523,Microsoft.Extensions.Logging.LoggerExtensions,LogError,Microsoft.Extensions.Logging.ILogger,Extension
jellyfin:1058,jellyfin,src/Jellyfin.LiveTv/Listings/SchedulesDirect.cs,563,Microsoft.Extensions.Logging.LoggerExtensions,LogInformation,Microsoft.Extensions.Logging.ILogger,Extension
jellyfin:1059,jellyfin,src/Jellyfin.LiveTv/Listings/SchedulesDirect.cs,568,Microsoft.Extensions.Logging.LoggerExtensions,LogError,Microsoft.Extensions.Logging.ILogger,Extension
jellyfin:1060,jellyfin,src/Jellyfin.LiveTv/Listings/SchedulesDirect.cs,690,Microsoft.Extensions.Logging.LoggerExtensions,LogError,Microsoft.Extensions.Logging.ILogger,Extension
jellyfin:1061,jellyfin,src/Jellyfin.LiveTv/Listings/SchedulesDirect.cs,749,Microsoft.Extensions.Logging.LoggerExtensions,LogInformation,Microsoft.Extensions.Logging.ILogger,Extension
jellyfin:1062,jellyfin,src/Jellyfin.LiveTv/Listings/SchedulesDirect.cs,763,Microsoft.Extensions.Logging.LoggerExtensions,LogInformation,Microsoft.Extensions.Logging.ILogger,Extension
jellyfin:1063,jellyfin,src/Jellyfin.LiveTv/Listings/SchedulesDirect.cs,788,Microsoft.Extensions.Logging.LoggerExtensions,LogInformation,Microsoft.Extensions.Logging.ILogger,Extension
jellyfin:1064,jellyfin,src/Jellyfin.LiveTv/Listings/SchedulesDirect.cs,951,Microsoft.Extensions.Logging.LoggerExtensions,LogWarning,Microsoft.Extensions.Logging.ILogger,Extension
jellyfin:1065,jellyfin,src/Jellyfin.LiveTv/Listings/SchedulesDirect.cs,1017,Microsoft.Extensions.Logging.LoggerExtensions,LogInformation,Microsoft.Extensions.Logging.ILogger,Extension
jellyfin:1066,jellyfin,src/Jellyfin.LiveTv/Listings/SchedulesDirect.cs,1018,Microsoft.Extensions.Logging.LoggerExtensions,LogInformation,Microsoft.Extensions.Logging.ILogger,Extension
jellyfin:1069,jellyfin,src/Jellyfin.LiveTv/Listings/XmlTvListingsProvider.cs,105,Microsoft.Extensions.Logging.LoggerExtensions,LogError,Microsoft.Extensions.Logging.ILogger,Extension
jellyfin:1070,jellyfin,src/Jellyfin.LiveTv/Listings/XmlTvListingsProvider.cs,138,Microsoft.Extensions.Logging.LoggerExtensions,LogError,Microsoft.Extensions.Logging.ILogger,Extension
jellyfin:1073,jellyfin,src/Jellyfin.LiveTv/Listings/XmlTvListingsProvider.cs,270,Microsoft.Extensions.Logging.LoggerExtensions,LogDebug,Microsoft.Extensions.Logging.ILogger,Extension
jellyfin:1074,jellyfin,src/Jellyfin.LiveTv/Listings/XmlTvListingsProvider.cs,282,Microsoft.Extensions.Logging.LoggerExtensions,LogDebug,Microsoft.Extensions.Logging.ILogger,Extension
jellyfin:1075,jellyfin,src/Jellyfin.LiveTv/LiveTvDtoService.cs,184,Microsoft.Extensions.Logging.LoggerExtensions,LogError,Microsoft.Extensions.Logging.ILogger,Extension
jellyfin:1076,jellyfin,src/Jellyfin.LiveTv/LiveTvDtoService.cs,201,Microsoft.Extensions.Logging.LoggerExtensions,LogError,Microsoft.Extensions.Logging.ILogger,Extension
jellyfin:1077,jellyfin,src/Jellyfin.LiveTv/LiveTvDtoService.cs,228,Microsoft.Extensions.Logging.LoggerExtensions,LogError,Microsoft.Extensions.Logging.ILogger,Extension
jellyfin:1078,jellyfin,src/Jellyfin.LiveTv/LiveTvDtoService.cs,248,Microsoft.Extensions.Logging.LoggerExtensions,LogError,Microsoft.Extensions.Logging.ILogger,Extension
jellyfin:1079,jellyfin,src/Jellyfin.LiveTv/LiveTvDtoService.cs,278,Microsoft.Extensions.Logging.LoggerExtensions,LogError,Microsoft.Extensions.Logging.ILogger,Extension
jellyfin:1080,jellyfin,src/Jellyfin.LiveTv/LiveTvDtoService.cs,295,Microsoft.Extensions.Logging.LoggerExtensions,LogError,Microsoft.Extensions.Logging.ILogger,Extension
jellyfin:1081,jellyfin,src/Jellyfin.LiveTv/LiveTvDtoService.cs,334,Microsoft.Extensions.Logging.LoggerExtensions,LogDebug,Microsoft.Extensions.Logging.ILogger,Extension
jellyfin:1082,jellyfin,src/Jellyfin.LiveTv/LiveTvDtoService.cs,353,Microsoft.Extensions.Logging.LoggerExtensions,LogError,Microsoft.Extensions.Logging.ILogger,Extension
jellyfin:1083,jellyfin,src/Jellyfin.LiveTv/LiveTvDtoService.cs,397,Microsoft.Extensions.Logging.LoggerExtensions,LogError,Microsoft.Extensions.Logging.ILogger,Extension
jellyfin:1084,jellyfin,src/Jellyfin.LiveTv/LiveTvManager.cs,667,Microsoft.Extensions.Logging.LoggerExtensions,LogError,Microsoft.Extensions.Logging.ILogger,Extension
jellyfin:1085,jellyfin,src/Jellyfin.LiveTv/LiveTvManager.cs,737,Microsoft.Extensions.Logging.LoggerExtensions,LogError,Microsoft.Extensions.Logging.ILogger,Extension
jellyfin:1086,jellyfin,src/Jellyfin.LiveTv/LiveTvManager.cs,877,Microsoft.Extensions.Logging.LoggerExtensions,LogError,Microsoft.Extensions.Logging.ILogger,Extension
jellyfin:1087,jellyfin,src/Jellyfin.LiveTv/LiveTvManager.cs,915,Microsoft.Extensions.Logging.LoggerExtensions,LogError,Microsoft.Extensions.Logging.ILogger,Extension
jellyfin:1088,jellyfin,src/Jellyfin.LiveTv/LiveTvManager.cs,1128,Microsoft.Extensions.Logging.LoggerExtensions,LogInformation,Microsoft.Extensions.Logging.ILogger,Extension
jellyfin:1089,jellyfin,src/Jellyfin.LiveTv/LiveTvMediaSourceProvider.cs,125,Microsoft.Extensions.Logging.LoggerExtensions,LogDebug,Microsoft.Extensions.Logging.ILogger,Extension
jellyfin:1090,jellyfin,src/Jellyfin.LiveTv/LiveTvMediaSourceProvider.cs,274,Microsoft.Extensions.Logging.LoggerExtensions,LogInformation,Microsoft.Extensions.Logging.ILogger,Extension
jellyfin:1091,jellyfin,src/Jellyfin.LiveTv/LiveTvMediaSourceProvider.cs,296,Microsoft.Extensions.Logging.LoggerExtensions,LogInformation,Microsoft.Extensions.Logging.ILogger,Extension
jellyfin:1092,jellyfin,src/Jellyfin.LiveTv/Recordings/RecordingNotifier.cs,93,Microsoft.Extensions.Logging.LoggerExtensions,LogError,Microsoft.Extensions.Logging.ILogger,Extension
jellyfin:1093,jellyfin,src/Jellyfin.LiveTv/Recordings/RecordingsManager.cs,218,Microsoft.Extensions.Logging.LoggerExtensions,LogError,Microsoft.Extensions.Logging.ILogger,Extension
jellyfin:1094,jellyfin,src/Jellyfin.LiveTv/Recordings/RecordingsManager.cs,244,Microsoft.Extensions.Logging.LoggerExtensions,LogError,Microsoft.Extensions.Logging.ILogger,Extension
jellyfin:1095,jellyfin,src/Jellyfin.LiveTv/Recordings/RecordingsManager.cs,250,Microsoft.Extensions.Logging.LoggerExtensions,LogDebug,Microsoft.Extensions.Logging.ILogger,Extension
jellyfin:1096,jellyfin,src/Jellyfin.LiveTv/Recordings/RecordingsManager.cs,270,Microsoft.Extensions.Logging.LoggerExtensions,LogError,Microsoft.Extensions.Logging.ILogger,Extension
jellyfin:1097,jellyfin,src/Jellyfin.LiveTv/Recordings/RecordingsManager.cs,282,Microsoft.Extensions.Logging.LoggerExtensions,LogError,Microsoft.Extensions.Logging.ILogger,Extension
jellyfin:1098,jellyfin,src/Jellyfin.LiveTv/Recordings/RecordingsManager.cs,346,Microsoft.Extensions.Logging.LoggerExtensions,LogInformation,Microsoft.Extensions.Logging.ILogger,Extension
jellyfin:1099,jellyfin,src/Jellyfin.LiveTv/Recordings/RecordingsManager.cs,347,Microsoft.Extensions.Logging.LoggerExtensions,LogInformation,Microsoft.Extensions.Logging.ILogger,Extension
jellyfin:1100,jellyfin,src/Jellyfin.LiveTv/Recordings/RecordingsManager.cs,373,Microsoft.Extensions.Logging.LoggerExtensions,LogInformation,Microsoft.Extensions.Logging.ILogger,Extension
jellyfin:1101,jellyfin,src/Jellyfin.LiveTv/Recordings/RecordingsManager.cs,377,Microsoft.Extensions.Logging.LoggerExtensions,LogInformation,Microsoft.Extensions.Logging.ILogger,Extension
jellyfin:1102,jellyfin,src/Jellyfin.LiveTv/Recordings/RecordingsManager.cs,382,Microsoft.Extensions.Logging.LoggerExtensions,LogError,Microsoft.Extensions.Logging.ILogger,Extension
jellyfin:1103,jellyfin,src/Jellyfin.LiveTv/Recordings/RecordingsManager.cs,394,Microsoft.Extensions.Logging.LoggerExtensions,LogError,Microsoft.Extensions.Logging.ILogger,Extension
jellyfin:1104,jellyfin,src/Jellyfin.LiveTv/Recordings/RecordingsManager.cs,406,Microsoft.Extensions.Logging.LoggerExtensions,LogInformation,Microsoft.Extensions.Logging.ILogger,Extension
jellyfin:1105,jellyfin,src/Jellyfin.LiveTv/Recordings/RecordingsManager.cs,599,Microsoft.Extensions.Logging.LoggerExtensions,LogError,Microsoft.Extensions.Logging.ILogger,Extension
jellyfin:1106,jellyfin,src/Jellyfin.LiveTv/Recordings/RecordingsManager.cs,606,Microsoft.Extensions.Logging.LoggerExtensions,LogInformation,Microsoft.Extensions.Logging.ILogger,Extension
jellyfin:1107,jellyfin,src/Jellyfin.LiveTv/Recordings/RecordingsManager.cs,614,Microsoft.Extensions.Logging.LoggerExtensions,LogInformation,Microsoft.Extensions.Logging.ILogger,Extension
jellyfin:1108,jellyfin,src/Jellyfin.LiveTv/Recordings/RecordingsManager.cs,724,Microsoft.Extensions.Logging.LoggerExtensions,LogError,Microsoft.Extensions.Logging.ILogger,Extension
jellyfin:1109,jellyfin,src/Jellyfin.LiveTv/Recordings/RecordingsManager.cs,745,Microsoft.Extensions.Logging.LoggerExtensions,LogError,Microsoft.Extensions.Logging.ILogger,Extension
jellyfin:1110,jellyfin,src/Jellyfin.LiveTv/Recordings/RecordingsManager.cs,826,Microsoft.Extensions.Logging.LoggerExtensions,LogInformation,Microsoft.Extensions.Logging.ILogger,Extension
jellyfin:1111,jellyfin,src/Jellyfin.LiveTv/Recordings/RecordingsManager.cs,831,Microsoft.Extensions.Logging.LoggerExtensions,LogInformation,Microsoft.Extensions.Logging.ILogger,Extension
jellyfin:1112,jellyfin,src/Jellyfin.LiveTv/Recordings/RecordingsManager.cs,835,Microsoft.Extensions.Logging.LoggerExtensions,LogError,Microsoft.Extensions.Logging.ILogger,Extension
jellyfin:1113,jellyfin,src/Jellyfin.LiveTv/Recordings/RecordingsMetadataManager.cs,127,Microsoft.Extensions.Logging.LoggerExtensions,LogError,Microsoft.Extensions.Logging.ILogger,Extension
jellyfin:1114,jellyfin,src/Jellyfin.LiveTv/Recordings/RecordingsMetadataManager.cs,421,Microsoft.Extensions.Logging.LoggerExtensions,LogError,Microsoft.Extensions.Logging.ILogger,Extension
jellyfin:1115,jellyfin,src/Jellyfin.LiveTv/Recordings/RecordingsMetadataManager.cs,436,Microsoft.Extensions.Logging.LoggerExtensions,LogError,Microsoft.Extensions.Logging.ILogger,Extension
jellyfin:1116,jellyfin,src/Jellyfin.LiveTv/Recordings/RecordingsMetadataManager.cs,449,Microsoft.Extensions.Logging.LoggerExtensions,LogError,Microsoft.Extensions.Logging.ILogger,Extension
jellyfin:1117,jellyfin,src/Jellyfin.LiveTv/Recordings/RecordingsMetadataManager.cs,462,Microsoft.Extensions.Logging.LoggerExtensions,LogError,Microsoft.Extensions.Logging.ILogger,Extension
jellyfin:1118,jellyfin,src/Jellyfin.LiveTv/Timers/ItemDataProvider.cs,47,Microsoft.Extensions.Logging.LoggerExtensions,LogInformation,Microsoft.Extensions.Logging.ILogger,Extension
jellyfin:1119,jellyfin,src/Jellyfin.LiveTv/Timers/ItemDataProvider.cs,55,Microsoft.Extensions.Logging.LoggerExtensions,LogError,Microsoft.Extensions.Logging.ILogger,Extension
jellyfin:1120,jellyfin,src/Jellyfin.LiveTv/Timers/ItemDataProvider.cs,63,Microsoft.Extensions.Logging.LoggerExtensions,LogError,Microsoft.Extensions.Logging.ILogger,Extension
jellyfin:1121,jellyfin,src/Jellyfin.LiveTv/Timers/TimerManager.cs,119,Microsoft.Extensions.Logging.LoggerExtensions,LogInformation,Microsoft.Extensions.Logging.ILogger,Extension
jellyfin:1122,jellyfin,src/Jellyfin.LiveTv/Timers/TimerManager.cs,131,Microsoft.Extensions.Logging.LoggerExtensions,LogInformation,Microsoft.Extensions.Logging.ILogger,Extension
jellyfin:1123,jellyfin,src/Jellyfin.LiveTv/Timers/TimerManager.cs,143,Microsoft.Extensions.Logging.LoggerExtensions,LogWarning,Microsoft.Extensions.Logging.ILogger,Extension
jellyfin:1124,jellyfin,src/Jellyfin.LiveTv/TunerHosts/BaseTunerHost.cs,112,Microsoft.Extensions.Logging.LoggerExtensions,LogError,Microsoft.Extensions.Logging.ILogger,Extension
jellyfin:1125,jellyfin,src/Jellyfin.LiveTv/TunerHosts/BaseTunerHost.cs,161,Microsoft.Extensions.Logging.LoggerExtensions,LogError,Microsoft.Extensions.Logging.ILogger,Extension
jellyfin:1126,jellyfin,src/Jellyfin.LiveTv/TunerHosts/BaseTunerHost.cs,198,Microsoft.Extensions.Logging.LoggerExtensions,LogError,Microsoft.Extensions.Logging.ILogger,Extension
jellyfin:1127,jellyfin,src/Jellyfin.LiveTv/TunerHosts/BaseTunerHost.cs,213,Microsoft.Extensions.Logging.LoggerExtensions,LogInformation,Microsoft.Extensions.Logging.ILogger,Extension
jellyfin:1128,jellyfin,src/Jellyfin.LiveTv/TunerHosts/BaseTunerHost.cs,218,Microsoft.Extensions.Logging.LoggerExtensions,LogError,Microsoft.Extensions.Logging.ILogger,Extension
jellyfin:1129,jellyfin,src/Jellyfin.LiveTv/TunerHosts/HdHomerun/HdHomerunHost.cs,402,Microsoft.Extensions.Logging.LoggerExtensions,LogInformation,Microsoft.Extensions.Logging.ILogger,Extension
jellyfin:1130,jellyfin,src/Jellyfin.LiveTv/TunerHosts/HdHomerun/HdHomerunHost.cs,528,Microsoft.Extensions.Logging.LoggerExtensions,LogError,Microsoft.Extensions.Logging.ILogger,Extension
jellyfin:1131,jellyfin,src/Jellyfin.LiveTv/TunerHosts/HdHomerun/HdHomerunUdpStream.cs,85,Microsoft.Extensions.Logging.LoggerExtensions,LogInformation,Microsoft.Extensions.Logging.ILogger,Extension
jellyfin:1132,jellyfin,src/Jellyfin.LiveTv/TunerHosts/HdHomerun/HdHomerunUdpStream.cs,99,Microsoft.Extensions.Logging.LoggerExtensions,LogError,Microsoft.Extensions.Logging.ILogger,Extension
jellyfin:1133,jellyfin,src/Jellyfin.LiveTv/TunerHosts/HdHomerun/HdHomerunUdpStream.cs,130,Microsoft.Extensions.Logging.LoggerExtensions,LogError,Microsoft.Extensions.Logging.ILogger,Extension
jellyfin:1134,jellyfin,src/Jellyfin.LiveTv/TunerHosts/HdHomerun/HdHomerunUdpStream.cs,171,Microsoft.Extensions.Logging.LoggerExtensions,LogInformation,Microsoft.Extensions.Logging.ILogger,Extension
jellyfin:1135,jellyfin,src/Jellyfin.LiveTv/TunerHosts/HdHomerun/HdHomerunUdpStream.cs,176,Microsoft.Extensions.Logging.LoggerExtensions,LogError,Microsoft.Extensions.Logging.ILogger,Extension
jellyfin:1136,jellyfin,src/Jellyfin.LiveTv/TunerHosts/LiveStream.cs,92,Microsoft.Extensions.Logging.LoggerExtensions,LogInformation,Microsoft.Extensions.Logging.ILogger,Extension
jellyfin:1137,jellyfin,src/Jellyfin.LiveTv/TunerHosts/LiveStream.cs,135,Microsoft.Extensions.Logging.LoggerExtensions,LogInformation,Microsoft.Extensions.Logging.ILogger,Extension
jellyfin:1138,jellyfin,src/Jellyfin.LiveTv/TunerHosts/LiveStream.cs,144,Microsoft.Extensions.Logging.LoggerExtensions,LogError,Microsoft.Extensions.Logging.ILogger,Extension
jellyfin:1139,jellyfin,src/Jellyfin.LiveTv/TunerHosts/LiveStream.cs,172,Microsoft.Extensions.Logging.LoggerExtensions,LogError,Microsoft.Extensions.Logging.ILogger,Extension
jellyfin:1140,jellyfin,src/Jellyfin.LiveTv/TunerHosts/M3uParser.cs,98,Microsoft.Extensions.Logging.LoggerExtensions,LogWarning,Microsoft.Extensions.Logging.ILogger,Extension
jellyfin:1141,jellyfin,src/Jellyfin.LiveTv/TunerHosts/M3uParser.cs,108,Microsoft.Extensions.Logging.LoggerExtensions,LogInformation,Microsoft.Extensions.Logging.ILogger,Extension
jellyfin:1142,jellyfin,src/Jellyfin.LiveTv/TunerHosts/M3UTunerHost.cs,120,Microsoft.Extensions.Logging.LoggerExtensions,LogWarning,Microsoft.Extensions.Logging.ILogger,Extension
jellyfin:1143,jellyfin,src/Jellyfin.LiveTv/TunerHosts/SharedHttpStream.cs,55,Microsoft.Extensions.Logging.LoggerExtensions,LogInformation,Microsoft.Extensions.Logging.ILogger,Extension
jellyfin:1144,jellyfin,src/Jellyfin.LiveTv/TunerHosts/SharedHttpStream.cs,72,Microsoft.Extensions.Logging.LoggerExtensions,LogWarning,Microsoft.Extensions.Logging.ILogger,Extension
jellyfin:1145,jellyfin,src/Jellyfin.LiveTv/TunerHosts/SharedHttpStream.cs,84,Microsoft.Extensions.Logging.LoggerExtensions,LogInformation,Microsoft.Extensions.Logging.ILogger,Extension
jellyfin:1146,jellyfin,src/Jellyfin.LiveTv/TunerHosts/SharedHttpStream.cs,112,Microsoft.Extensions.Logging.LoggerExtensions,LogInformation,Microsoft.Extensions.Logging.ILogger,Extension
jellyfin:1147,jellyfin,src/Jellyfin.LiveTv/TunerHosts/SharedHttpStream.cs,117,Microsoft.Extensions.Logging.LoggerExtensions,LogError,Microsoft.Extensions.Logging.ILogger,Extension
jellyfin:1148,jellyfin,src/Jellyfin.LiveTv/TunerHosts/TunerHostManager.cs,123,Microsoft.Extensions.Logging.LoggerExtensions,LogWarning,Microsoft.Extensions.Logging.ILogger,Extension
jellyfin:1149,jellyfin,src/Jellyfin.LiveTv/TunerHosts/TunerHostManager.cs,174,Microsoft.Extensions.Logging.LoggerExtensions,LogInformation,Microsoft.Extensions.Logging.ILogger,Extension
jellyfin:1150,jellyfin,src/Jellyfin.LiveTv/TunerHosts/TunerHostManager.cs,190,Microsoft.Extensions.Logging.LoggerExtensions,LogInformation,Microsoft.Extensions.Logging.ILogger,Extension
jellyfin:1151,jellyfin,src/Jellyfin.LiveTv/TunerHosts/TunerHostManager.cs,197,Microsoft.Extensions.Logging.LoggerExtensions,LogError,Microsoft.Extensions.Logging.ILogger,Extension
jellyfin:1152,jellyfin,src/Jellyfin.MediaEncoding.Hls/Cache/CacheDecorator.cs,50,Microsoft.Extensions.Logging.LoggerExtensions,LogDebug,Microsoft.Extensions.Logging.ILogger,Extension
jellyfin:1153,jellyfin,src/Jellyfin.MediaEncoding.Hls/Cache/CacheDecorator.cs,54,Microsoft.Extensions.Logging.LoggerExtensions,LogDebug,Microsoft.Extensions.Logging.ILogger,Extension
jellyfin:1154,jellyfin,src/Jellyfin.MediaEncoding.Hls/Extractors/FfProbeKeyframeExtractor.cs,52,Microsoft.Extensions.Logging.LoggerExtensions,LogError,Microsoft.Extensions.Logging.ILogger,Extension
jellyfin:1155,jellyfin,src/Jellyfin.MediaEncoding.Hls/Extractors/MatroskaKeyframeExtractor.cs,42,Microsoft.Extensions.Logging.LoggerExtensions,LogError,Microsoft.Extensions.Logging.ILogger,Extension
jellyfin:1156,jellyfin,src/Jellyfin.Networking/AutoDiscoveryHost.cs,83,Microsoft.Extensions.Logging.LoggerExtensions,LogError,Microsoft.Extensions.Logging.ILogger,Extension
jellyfin:1158,jellyfin,src/Jellyfin.Networking/AutoDiscoveryHost.cs,94,Microsoft.Extensions.Logging.LoggerExtensions,LogError,Microsoft.Extensions.Logging.ILogger,Extension
jellyfin:1159,jellyfin,src/Jellyfin.Networking/AutoDiscoveryHost.cs,103,Microsoft.Extensions.Logging.LoggerExtensions,LogWarning,Microsoft.Extensions.Logging.ILogger,Extension
jellyfin:1160,jellyfin,src/Jellyfin.Networking/AutoDiscoveryHost.cs,110,Microsoft.Extensions.Logging.LoggerExtensions,LogDebug,Microsoft.Extensions.Logging.ILogger,Extension
jellyfin:1161,jellyfin,src/Jellyfin.Networking/AutoDiscoveryHost.cs,117,Microsoft.Extensions.Logging.LoggerExtensions,LogError,Microsoft.Extensions.Logging.ILogger,Extension
jellyfin:1162,jellyfin,src/Jellyfin.Networking/Manager/NetworkManager.cs,150,Microsoft.Extensions.Logging.LoggerExtensions,LogDebug,Microsoft.Extensions.Logging.ILogger,Extension
jellyfin:1163,jellyfin,src/Jellyfin.Networking/Manager/NetworkManager.cs,161,Microsoft.Extensions.Logging.LoggerExtensions,LogDebug,Microsoft.Extensions.Logging.ILogger,Extension
jellyfin:1165,jellyfin,src/Jellyfin.Networking/Manager/NetworkManager.cs,275,Microsoft.Extensions.Logging.LoggerExtensions,LogError,Microsoft.Extensions.Logging.ILogger,Extension
jellyfin:1166,jellyfin,src/Jellyfin.Networking/Manager/NetworkManager.cs,281,Microsoft.Extensions.Logging.LoggerExtensions,LogError,Microsoft.Extensions.Logging.ILogger,Extension
jellyfin:1167,jellyfin,src/Jellyfin.Networking/Manager/NetworkManager.cs,287,Microsoft.Extensions.Logging.LoggerExtensions,LogWarning,Microsoft.Extensions.Logging.ILogger,Extension
jellyfin:1172,jellyfin,src/Jellyfin.Networking/Manager/NetworkManager.cs,504,Microsoft.Extensions.Logging.LoggerExtensions,LogError,Microsoft.Extensions.Logging.ILogger,Extension
jellyfin:1173,jellyfin,src/Jellyfin.Networking/Manager/NetworkManager.cs,579,Microsoft.Extensions.Logging.LoggerExtensions,LogError,Microsoft.Extensions.Logging.ILogger,Extension
jellyfin:1174,jellyfin,src/Jellyfin.Networking/Manager/NetworkManager.cs,633,Microsoft.Extensions.Logging.LoggerExtensions,LogWarning,Microsoft.Extensions.Logging.ILogger,Extension
jellyfin:1175,jellyfin,src/Jellyfin.Networking/Manager/NetworkManager.cs,781,Microsoft.Extensions.Logging.LoggerExtensions,LogWarning,Microsoft.Extensions.Logging.ILogger,Extension
jellyfin:1176,jellyfin,src/Jellyfin.Networking/Manager/NetworkManager.cs,843,Microsoft.Extensions.Logging.LoggerExtensions,LogWarning,Microsoft.Extensions.Logging.ILogger,Extension
jellyfin:1177,jellyfin,src/Jellyfin.Networking/Manager/NetworkManager.cs,848,Microsoft.Extensions.Logging.LoggerExtensions,LogWarning,Microsoft.Extensions.Logging.ILogger,Extension
jellyfin:1179,jellyfin,src/Jellyfin.Networking/Manager/NetworkManager.cs,895,Microsoft.Extensions.Logging.LoggerExtensions,LogWarning,Microsoft.Extensions.Logging.ILogger,Extension
jellyfin:1181,jellyfin,src/Jellyfin.Networking/Manager/NetworkManager.cs,914,Microsoft.Extensions.Logging.LoggerExtensions,LogDebug,Microsoft.Extensions.Logging.ILogger,Extension
jellyfin:1183,jellyfin,src/Jellyfin.Networking/Manager/NetworkManager.cs,931,Microsoft.Extensions.Logging.LoggerExtensions,LogDebug,Microsoft.Extensions.Logging.ILogger,Extension
jellyfin:1185,jellyfin,src/Jellyfin.Networking/Manager/NetworkManager.cs,1074,Microsoft.Extensions.Logging.LoggerExtensions,LogDebug,Microsoft.Extensions.Logging.ILogger,Extension
jellyfin:1191,jellyfin,src/Jellyfin.Networking/Manager/NetworkManager.cs,1184,Microsoft.Extensions.Logging.LoggerExtensions,LogDebug,Microsoft.Extensions.Logging.ILogger,Extension
jellyfin:1192,jellyfin,src/Jellyfin.Networking/Manager/NetworkManager.cs,1191,Microsoft.Extensions.Logging.LoggerExtensions,LogDebug,Microsoft.Extensions.Logging.ILogger,Extension
duplicati:0001,duplicati,Duplicati/Library/Backend/Jottacloud/JottacloudAuthHelper.cs,56,System.Net.Http.HttpMessageInvoker,Dispose,System.Net.Http.HttpClient,NonVirtual
duplicati:0002,duplicati,Duplicati/Library/Backend/Jottacloud/JottacloudAuthHelper.cs,87,System.Net.Http.HttpMessageInvoker,Dispose,System.Net.Http.HttpMessageInvoker,NonVirtual
duplicati:0003,duplicati,Duplicati/Library/Backend/OAuthHelper/JSONWebHelperHttpClient.cs,239,System.Net.Http.HttpClient,SendAsync,System.Net.Http.HttpClient,NonVirtual
duplicati:0004,duplicati,Duplicati/Library/Backend/OAuthHelper/JSONWebHelperHttpClient.cs,263,System.Net.Http.HttpClient,SendAsync,System.Net.Http.HttpClient,NonVirtual
duplicati:0005,duplicati,Duplicati/Library/Backend/OAuthHelper/OAuthHttpClient.cs,61,System.Net.Http.HttpClient,GetAsync,System.Net.Http.HttpClient,NonVirtual
duplicati:0006,duplicati,Duplicati/Library/Backend/OAuthHelper/OAuthHttpClient.cs,91,System.Net.Http.HttpClient,SendAsync,Duplicati.Library.OAuthHttpClient,NonVirtual
duplicati:0007,duplicati,Duplicati/Library/Backend/OneDrive/MicrosoftGraphBackend.cs,648,System.Net.Http.HttpClient,DeleteAsync,Duplicati.Library.OAuthHttpClient,NonVirtual
duplicati:0008,duplicati,Duplicati/Library/Backend/OneDrive/MicrosoftGraphBackend.cs,679,System.Net.Http.HttpMessageInvoker,Dispose,Duplicati.Library.OAuthHttpClient,NonVirtual
duplicati:0009,duplicati,Duplicati/Library/Modules/Builtin/SendHttpMessage.cs,353,System.Net.Http.HttpClient,SendAsync,System.Net.Http.HttpClient,NonVirtual
duplicati:0010,duplicati,Duplicati/Library/Modules/Builtin/SendTelegramMessage.cs,283,System.Net.Http.HttpClient,GetAsync,System.Net.Http.HttpClient,NonVirtual
duplicati:0011,duplicati,Duplicati/Library/RestAPI/Database/Connection.cs,117,Microsoft.Extensions.DependencyInjection.ServiceProviderServiceExtensions,GetRequiredService,System.IServiceProvider,Extension
duplicati:0012,duplicati,Duplicati/Library/RestAPI/Database/Connection.cs,118,Microsoft.Extensions.DependencyInjection.ServiceProviderServiceExtensions,GetRequiredService,System.IServiceProvider,Extension
duplicati:0013,duplicati,Duplicati/Library/RestAPI/Database/Connection.cs,429,Microsoft.Extensions.DependencyInjection.ServiceProviderServiceExtensions,GetRequiredService,System.IServiceProvider,Extension
duplicati:0014,duplicati,Duplicati/Library/RestAPI/Database/Connection.cs,430,Microsoft.Extensions.DependencyInjection.ServiceProviderServiceExtensions,GetRequiredService,System.IServiceProvider,Extension
duplicati:0015,duplicati,Duplicati/Library/RestAPI/Database/Connection.cs,431,Microsoft.Extensions.DependencyInjection.ServiceProviderServiceExtensions,GetRequiredService,System.IServiceProvider,Extension
duplicati:0016,duplicati,Duplicati/Library/RestAPI/Database/Connection.cs,433,Microsoft.Extensions.DependencyInjection.ServiceProviderServiceExtensions,GetRequiredService,System.IServiceProvider,Extension
duplicati:0017,duplicati,Duplicati/Library/RestAPI/Database/Connection.cs,434,Microsoft.Extensions.DependencyInjection.ServiceProviderServiceExtensions,GetRequiredService,System.IServiceProvider,Extension
duplicati:0018,duplicati,Duplicati/Library/RestAPI/Database/ServerSettings.cs,507,Microsoft.Extensions.DependencyInjection.ServiceProviderServiceExtensions,GetRequiredService,System.IServiceProvider,Extension
duplicati:0019,duplicati,Duplicati/Library/Utility/HttpClientExtensions.cs,50,System.Net.Http.HttpClient,SendAsync,System.Net.Http.HttpClient,NonVirtual
duplicati:0020,duplicati,Duplicati/Library/Utility/HttpClientExtensions.cs,76,System.Net.Http.HttpClient,SendAsync,System.Net.Http.HttpClient,NonVirtual
duplicati:0021,duplicati,Duplicati/Library/Utility/HttpClientExtensions.cs,97,System.Net.Http.HttpClient,SendAsync,System.Net.Http.HttpClient,NonVirtual
OpenRA:0001,OpenRA,OpenRA.Game/LocalPlayerProfile.cs,88,System.Net.Http.HttpClient,GetAsync,System.Net.Http.HttpClient,NonVirtual
OpenRA:0002,OpenRA,OpenRA.Game/Map/MapCache.cs,249,System.Net.Http.HttpClient,GetStreamAsync,System.Net.Http.HttpClient,NonVirtual
OpenRA:0003,OpenRA,OpenRA.Game/Map/MapPreview.cs,672,System.Net.Http.HttpClient,GetAsync,System.Net.Http.HttpClient,NonVirtual
OpenRA:0004,OpenRA,OpenRA.Game/PlayerDatabase.cs,46,System.Net.Http.HttpClient,GetAsync,System.Net.Http.HttpClient,NonVirtual
OpenRA:0005,OpenRA,OpenRA.Game/Server/Server.cs,625,System.Net.Http.HttpClient,GetAsync,System.Net.Http.HttpClient,NonVirtual
OpenRA:0006,OpenRA,OpenRA.Mods.Common/ItchIntegration.cs,66,System.Net.Http.HttpClient,GetAsync,System.Net.Http.HttpClient,NonVirtual
OpenRA:0007,OpenRA,OpenRA.Mods.Common/ServerTraits/MasterServerPinger.cs,154,System.Net.Http.HttpClient,PostAsync,System.Net.Http.HttpClient,NonVirtual
OpenRA:0008,OpenRA,OpenRA.Mods.Common/WebServices.cs,47,System.Net.Http.HttpClient,GetAsync,System.Net.Http.HttpClient,NonVirtual
OpenRA:0009,OpenRA,OpenRA.Mods.Common/Widgets/Logic/Installation/DownloadPackageLogic.cs,186,System.Net.Http.HttpClient,GetAsync,System.Net.Http.HttpClient,NonVirtual
OpenRA:0010,OpenRA,OpenRA.Mods.Common/Widgets/Logic/Installation/DownloadPackageLogic.cs,304,System.Net.Http.HttpClient,GetAsync,System.Net.Http.HttpClient,NonVirtual
OpenRA:0011,OpenRA,OpenRA.Mods.Common/Widgets/Logic/MainMenuLogic.cs,313,System.Net.Http.HttpClient,GetStringAsync,System.Net.Http.HttpClient,NonVirtual
OpenRA:0012,OpenRA,OpenRA.Mods.Common/Widgets/Logic/RegisteredProfileTooltipLogic.cs,63,System.Net.Http.HttpClient,GetAsync,System.Net.Http.HttpClient,NonVirtual
OpenRA:0013,OpenRA,OpenRA.Mods.Common/Widgets/Logic/ServerListLogic.cs,460,System.Net.Http.HttpClient,GetAsync,System.Net.Http.HttpClient,NonVirtual
server:0001,server,bitwarden_license/src/Commercial.Core/Billing/Providers/Services/ProviderBillingService.cs,294,Microsoft.Extensions.Logging.LoggerExtensions,LogError,Microsoft.Extensions.Logging.ILogger,Extension
server:0002,server,bitwarden_license/src/Commercial.Infrastructure.EntityFramework/SecretsManager/Repositories/AccessPolicyRepository.cs,26,Microsoft.Extensions.DependencyInjection.ServiceProviderServiceExtensions,CreateAsyncScope,Microsoft.Extensions.DependencyInjection.IServiceScopeFactory,Extension
server:0003,server,bitwarden_license/src/Commercial.Infrastructure.EntityFramework/SecretsManager/Repositories/AccessPolicyRepository.cs,294,Microsoft.Extensions.DependencyInjection.ServiceProviderServiceExtensions,CreateAsyncScope,Microsoft.Extensions.DependencyInjection.IServiceScopeFactory,Extension
server:0004,server,bitwarden_license/src/Commercial.Infrastructure.EntityFramework/SecretsManager/Repositories/AccessPolicyRepository.cs,313,Microsoft.Extensions.DependencyInjection.ServiceProviderServiceExtensions,CreateAsyncScope,Microsoft.Extensions.DependencyInjection.IServiceScopeFactory,Extension
server:0005,server,bitwarden_license/src/Commercial.Infrastructure.EntityFramework/SecretsManager/Repositories/AccessPolicyRepository.cs,337,Microsoft.Extensions.DependencyInjection.ServiceProviderServiceExtensions,CreateAsyncScope,Microsoft.Extensions.DependencyInjection.IServiceScopeFactory,Extension
server:0006,server,bitwarden_license/src/Commercial.Infrastructure.EntityFramework/SecretsManager/Repositories/AccessPolicyRepository.cs,365,Microsoft.Extensions.DependencyInjection.ServiceProviderServiceExtensions,CreateAsyncScope,Microsoft.Extensions.DependencyInjection.IServiceScopeFactory,Extension
server:0007,server,bitwarden_license/src/Commercial.Infrastructure.EntityFramework/SecretsManager/Repositories/AccessPolicyRepository.cs,384,Microsoft.Extensions.DependencyInjection.ServiceProviderServiceExtensions,CreateAsyncScope,Microsoft.Extensions.DependencyInjection.IServiceScopeFactory,Extension
server:0008,server,bitwarden_license/src/Commercial.Infrastructure.EntityFramework/SecretsManager/Repositories/AccessPolicyRepository.cs,423,Microsoft.Extensions.DependencyInjection.ServiceProviderServiceExtensions,CreateAsyncScope,Microsoft.Extensions.DependencyInjection.IServiceScopeFactory,Extension
server:0009,server,bitwarden_license/src/Commercial.Infrastructure.EntityFramework/SecretsManager/Repositories/ProjectRepository.cs,76,Microsoft.Extensions.DependencyInjection.ServiceProviderServiceExtensions,CreateAsyncScope,Microsoft.Extensions.DependencyInjection.IServiceScopeFactory,Extension
server:0010,server,bitwarden_license/src/Commercial.Infrastructure.EntityFramework/SecretsManager/Repositories/ProjectRepository.cs,166,Microsoft.Extensions.DependencyInjection.ServiceProviderServiceExtensions,CreateAsyncScope,Microsoft.Extensions.DependencyInjection.IServiceScopeFactory,Extension
server:0011,server,bitwarden_license/src/Commercial.Infrastructure.EntityFramework/SecretsManager/Repositories/ProjectRepository.cs,178,Microsoft.Extensions.DependencyInjection.ServiceProviderServiceExtensions,CreateAsyncScope,Microsoft.Extensions.DependencyInjection.IServiceScopeFactory,Extension
server:0012,server,bitwarden_license/src/Commercial.Infrastructure.EntityFramework/SecretsManager/Repositories/ProjectRepository.cs,194,Microsoft.Extensions.DependencyInjection.ServiceProviderServiceExtensions,CreateAsyncScope,Microsoft.Extensions.DependencyInjection.IServiceScopeFactory,Extension
server:0013,server,bitwarden_license/src/Commercial.Infrastructure.EntityFramework/SecretsManager/Repositories/SecretRepository.cs,64,Microsoft.Extensions.DependencyInjection.ServiceProviderServiceExtensions,CreateAsyncScope,Microsoft.Extensions.DependencyInjection.IServiceScopeFactory,Extension
server:0014,server,bitwarden_license/src/Commercial.Infrastructure.EntityFramework/SecretsManager/Repositories/SecretRepository.cs,161,Microsoft.Extensions.DependencyInjection.ServiceProviderServiceExtensions,CreateAsyncScope,Microsoft.Extensions.DependencyInjection.IServiceScopeFactory,Extension
server:0015,server,bitwarden_license/src/Commercial.Infrastructure.EntityFramework/SecretsManager/Repositories/SecretRepository.cs,189,Microsoft.Extensions.DependencyInjection.ServiceProviderServiceExtensions,CreateAsyncScope,Microsoft.Extensions.DependencyInjection.IServiceScopeFactory,Extension
server:0016,server,bitwarden_license/src/Commercial.Infrastructure.EntityFramework/SecretsManager/Repositories/SecretRepository.cs,222,Microsoft.Extensions.DependencyInjection.ServiceProviderServiceExtensions,CreateAsyncScope,Microsoft.Extensions.DependencyInjection.IServiceScopeFactory,Extension
server:0017,server,bitwarden_license/src/Commercial.Infrastructure.EntityFramework/SecretsManager/Repositories/SecretRepository.cs,241,Microsoft.Extensions.DependencyInjection.ServiceProviderServiceExtensions,CreateAsyncScope,Microsoft.Extensions.DependencyInjection.IServiceScopeFactory,Extension
server:0018,server,bitwarden_license/src/Commercial.Infrastructure.EntityFramework/SecretsManager/Repositories/SecretRepository.cs,256,Microsoft.Extensions.DependencyInjection.ServiceProviderServiceExtensions,CreateAsyncScope,Microsoft.Extensions.DependencyInjection.IServiceScopeFactory,Extension
server:0019,server,bitwarden_license/src/Commercial.Infrastructure.EntityFramework/SecretsManager/Repositories/SecretRepository.cs,306,Microsoft.Extensions.DependencyInjection.ServiceProviderServiceExtensions,CreateAsyncScope,Microsoft.Extensions.DependencyInjection.IServiceScopeFactory,Extension
server:0020,server,bitwarden_license/src/Commercial.Infrastructure.EntityFramework/SecretsManager/Repositories/SecretRepository.cs,324,Microsoft.Extensions.DependencyInjection.ServiceProviderServiceExtensions,CreateAsyncScope,Microsoft.Extensions.DependencyInjection.IServiceScopeFactory,Extension
server:0021,server,bitwarden_license/src/Commercial.Infrastructure.EntityFramework/SecretsManager/Repositories/SecretRepository.cs,348,Microsoft.Extensions.DependencyInjection.ServiceProviderServiceExtensions,CreateAsyncScope,Microsoft.Extensions.DependencyInjection.IServiceScopeFactory,Extension
server:0022,server,bitwarden_license/src/Commercial.Infrastructure.EntityFramework/SecretsManager/Repositories/ServiceAccountRepository.cs,93,Microsoft.Extensions.DependencyInjection.ServiceProviderServiceExtensions,CreateAsyncScope,Microsoft.Extensions.DependencyInjection.IServiceScopeFactory,Extension
server:0023,server,bitwarden_license/src/Commercial.Infrastructure.EntityFramework/SecretsManager/Repositories/ServiceAccountRepository.cs,109,Microsoft.Extensions.DependencyInjection.ServiceProviderServiceExtensions,CreateAsyncScope,Microsoft.Extensions.DependencyInjection.IServiceScopeFactory,Extension
server:0024,server,bitwarden_license/src/Commercial.Infrastructure.EntityFramework/SecretsManager/Repositories/ServiceAccountRepository.cs,131,Microsoft.Extensions.DependencyInjection.ServiceProviderServiceExtensions,CreateAsyncScope,Microsoft.Extensions.DependencyInjection.IServiceScopeFactory,Extension
server:0025,server,bitwarden_license/src/Commercial.Infrastructure.EntityFramework/SecretsManager/Repositories/ServiceAccountRepository.cs,148,Microsoft.Extensions.DependencyInjection.ServiceProviderServiceExtensions,CreateAsyncScope,Microsoft.Extensions.DependencyInjection.IServiceScopeFactory,Extension
server:0026,server,bitwarden_license/src/Commercial.Infrastructure.EntityFramework/SecretsManager/Repositories/ServiceAccountRepository.cs,172,Microsoft.Extensions.DependencyInjection.ServiceProviderServiceExtensions,CreateAsyncScope,Microsoft.Extensions.DependencyInjection.IServiceScopeFactory,Extension
server:0027,server,bitwarden_license/src/Commercial.Infrastructure.EntityFramework/SecretsManager/Repositories/ServiceAccountRepository.cs,182,Microsoft.Extensions.DependencyInjection.ServiceProviderServiceExtensions,CreateAsyncScope,Microsoft.Extensions.DependencyInjection.IServiceScopeFactory,Extension
server:0028,server,src/Core/AdminConsole/OrganizationFeatures/OrganizationDomains/VerifyOrganizationDomainCommand.cs,70,Microsoft.Extensions.Logging.LoggerExtensions,LogInformation,Microsoft.Extensions.Logging.ILogger,Extension
server:0051,server,src/Core/Billing/Pricing/PricingClient.cs,42,Microsoft.Extensions.Logging.LoggerExtensions,LogError,Microsoft.Extensions.Logging.ILogger,Extension
server:0053,server,src/Core/Billing/Services/Implementations/SubscriberService.cs,721,Microsoft.Extensions.Logging.LoggerExtensions,LogWarning,Microsoft.Extensions.Logging.ILogger,Extension
server:0054,server,src/Core/Billing/Services/Implementations/SubscriberService.cs,745,Microsoft.Extensions.Logging.LoggerExtensions,LogWarning,Microsoft.Extensions.Logging.ILogger,Extension
server:0062,server,src/Core/HostedServices/ApplicationCacheHostedService.cs,123,Microsoft.Extensions.Logging.LoggerExtensions,LogDebug,Microsoft.Extensions.Logging.ILogger,Extension
server:0063,server,src/Core/HostedServices/ApplicationCacheHostedService.cs,128,Microsoft.Extensions.Logging.LoggerExtensions,LogDebug,Microsoft.Extensions.Logging.ILogger,Extension
server:0064,server,src/Core/KeyManagement/Sends/SendPasswordHasherServiceCollectionExtensions.cs,21,Microsoft.Extensions.DependencyInjection.ServiceProviderServiceExtensions,GetRequiredService,System.IServiceProvider,Extension
server:0065,server,src/Core/OrganizationFeatures/OrganizationServiceCollectionExtensions.cs,218,Microsoft.Extensions.DependencyInjection.ServiceProviderServiceExtensions,GetRequiredService,System.IServiceProvider,Extension
server:0066,server,src/Core/PhishingDomainFeatures/CloudPhishingDomainDirectQuery.cs,50,Microsoft.Extensions.Logging.LoggerExtensions,LogWarning,Microsoft.Extensions.Logging.ILogger,Extension
server:0067,server,src/Core/Platform/Mail/Delivery/SendGridMailDeliveryService.cs,86,Microsoft.Extensions.Logging.LoggerExtensions,LogWarning,Microsoft.Extensions.Logging.ILogger,Extension
server:0070,server,src/Core/Platform/Push/Engines/MultiServicePushNotificationService.cs,41,Microsoft.Extensions.Logging.LoggerExtensions,LogWarning,Microsoft.Extensions.Logging.ILogger,Extension
server:0079,server,src/Core/Repositories/Implementations/AzurePhishingDomainRepository.cs,38,Microsoft.Extensions.Logging.LoggerExtensions,LogDebug,Microsoft.Extensions.Logging.ILogger,Extension
server:0080,server,src/Core/Repositories/Implementations/AzurePhishingDomainRepository.cs,72,Microsoft.Extensions.Logging.LoggerExtensions,LogDebug,Microsoft.Extensions.Logging.ILogger,Extension
server:0081,server,src/Core/Repositories/Implementations/AzurePhishingDomainRepository.cs,91,Microsoft.Extensions.Logging.LoggerExtensions,LogDebug,Microsoft.Extensions.Logging.ILogger,Extension
server:0082,server,src/Core/Repositories/Implementations/AzurePhishingDomainRepository.cs,119,Microsoft.Extensions.Logging.LoggerExtensions,LogDebug,Microsoft.Extensions.Logging.ILogger,Extension
server:0083,server,src/Core/Services/Implementations/StripePaymentService.cs,781,Microsoft.Extensions.Logging.LoggerExtensions,LogWarning,Microsoft.Extensions.Logging.ILogger,Extension
server:0084,server,src/Core/Services/Implementations/StripePaymentService.cs,808,Microsoft.Extensions.Logging.LoggerExtensions,LogWarning,Microsoft.Extensions.Logging.ILogger,Extension
server:0085,server,src/Core/Services/Implementations/StripePaymentService.cs,947,Microsoft.Extensions.Logging.LoggerExtensions,LogWarning,Microsoft.Extensions.Logging.ILogger,Extension
server:0086,server,src/Core/Services/Implementations/StripePaymentService.cs,1015,Microsoft.Extensions.Logging.LoggerExtensions,LogWarning,Microsoft.Extensions.Logging.ILogger,Extension
server:0087,server,src/Core/Services/Implementations/StripePaymentService.cs,1113,Microsoft.Extensions.Logging.LoggerExtensions,LogWarning,Microsoft.Extensions.Logging.ILogger,Extension
server:0088,server,src/Core/Services/Implementations/StripePaymentService.cs,1189,Microsoft.Extensions.Logging.LoggerExtensions,LogWarning,Microsoft.Extensions.Logging.ILogger,Extension
server:0093,server,src/Infrastructure.Dapper/AdminConsole/Repositories/OrganizationRepository.cs,163,Microsoft.Extensions.Logging.LoggerExtensions,LogInformation,Microsoft.Extensions.Logging.ILogger,Extension
server:0094,server,src/Infrastructure.EntityFramework/AdminConsole/Repositories/OrganizationRepository.cs,281,Microsoft.Extensions.Logging.LoggerExtensions,LogInformation,Microsoft.Extensions.Logging.ILogger,Extension
server:0095,server,src/Infrastructure.EntityFramework/Dirt/OrganizationMemberBaseDetailRepository.cs,22,Microsoft.Extensions.DependencyInjection.ServiceProviderServiceExtensions,CreateAsyncScope,Microsoft.Extensions.DependencyInjection.IServiceScopeFactory,Extension
server:0096,server,src/Infrastructure.EntityFramework/EntityFrameworkCache.cs,289,Microsoft.Extensions.DependencyInjection.ServiceProviderServiceExtensions,GetRequiredService,System.IServiceProvider,Extension
server:0097,server,src/Infrastructure.EntityFramework/KeyManagement/Repositories/UserAsymmetricKeysRepository.cs,20,Microsoft.Extensions.DependencyInjection.ServiceProviderServiceExtensions,CreateAsyncScope,Microsoft.Extensions.DependencyInjection.IServiceScopeFactory,Extension
server:0098,server,src/Infrastructure.EntityFramework/KeyManagement/Repositories/UserSignatureKeyPairRepository.cs,17,Microsoft.Extensions.DependencyInjection.ServiceProviderServiceExtensions,CreateAsyncScope,Microsoft.Extensions.DependencyInjection.IServiceScopeFactory,Extension
server:0099,server,src/Infrastructure.EntityFramework/KeyManagement/Repositories/UserSignatureKeyPairRepository.cs,32,Microsoft.Extensions.DependencyInjection.ServiceProviderServiceExtensions,CreateAsyncScope,Microsoft.Extensions.DependencyInjection.IServiceScopeFactory,Extension
server:0100,server,src/Infrastructure.EntityFramework/KeyManagement/Repositories/UserSignatureKeyPairRepository.cs,53,Microsoft.Extensions.DependencyInjection.ServiceProviderServiceExtensions,CreateAsyncScope,Microsoft.Extensions.DependencyInjection.IServiceScopeFactory,Extension
server:0101,server,src/Infrastructure.EntityFramework/NotificationCenter/Repositories/NotificationRepository.cs,27,Microsoft.Extensions.DependencyInjection.ServiceProviderServiceExtensions,CreateAsyncScope,Microsoft.Extensions.DependencyInjection.IServiceScopeFactory,Extension
server:0102,server,src/Infrastructure.EntityFramework/NotificationCenter/Repositories/NotificationRepository.cs,43,Microsoft.Extensions.DependencyInjection.ServiceProviderServiceExtensions,CreateAsyncScope,Microsoft.Extensions.DependencyInjection.IServiceScopeFactory,Extension
server:0103,server,src/Infrastructure.EntityFramework/NotificationCenter/Repositories/NotificationRepository.cs,80,Microsoft.Extensions.DependencyInjection.ServiceProviderServiceExtensions,CreateAsyncScope,Microsoft.Extensions.DependencyInjection.IServiceScopeFactory,Extension
server:0104,server,src/Infrastructure.EntityFramework/NotificationCenter/Repositories/NotificationStatusRepository.cs,21,Microsoft.Extensions.DependencyInjection.ServiceProviderServiceExtensions,CreateAsyncScope,Microsoft.Extensions.DependencyInjection.IServiceScopeFactory,Extension
server:0105,server,src/Infrastructure.EntityFramework/NotificationCenter/Repositories/NotificationStatusRepository.cs,34,Microsoft.Extensions.DependencyInjection.ServiceProviderServiceExtensions,CreateAsyncScope,Microsoft.Extensions.DependencyInjection.IServiceScopeFactory,Extension
server:0106,server,src/Infrastructure.EntityFramework/NotificationCenter/Repositories/NotificationStatusRepository.cs,45,Microsoft.Extensions.DependencyInjection.ServiceProviderServiceExtensions,CreateAsyncScope,Microsoft.Extensions.DependencyInjection.IServiceScopeFactory,Extension
server:0107,server,src/Infrastructure.EntityFramework/Repositories/BaseEntityFrameworkRepository.cs,33,Microsoft.Extensions.DependencyInjection.ServiceProviderServiceExtensions,GetRequiredService,System.IServiceProvider,Extension
server:0108,server,src/SharedWeb/Utilities/ServiceCollectionExtensions.cs,157,Microsoft.Extensions.DependencyInjection.ServiceProviderServiceExtensions,GetRequiredService,System.IServiceProvider,Extension
server:0109,server,src/SharedWeb/Utilities/ServiceCollectionExtensions.cs,164,Microsoft.Extensions.DependencyInjection.ServiceProviderServiceExtensions,GetRequiredService,System.IServiceProvider,Extension
server:0110,server,src/SharedWeb/Utilities/ServiceCollectionExtensions.cs,172,Microsoft.Extensions.DependencyInjection.ServiceProviderServiceExtensions,GetRequiredService,System.IServiceProvider,Extension
server:0111,server,src/SharedWeb/Utilities/ServiceCollectionExtensions.cs,178,Microsoft.Extensions.DependencyInjection.ServiceProviderServiceExtensions,GetRequiredService,System.IServiceProvider,Extension
server:0112,server,src/SharedWeb/Utilities/ServiceCollectionExtensions.cs,184,Microsoft.Extensions.DependencyInjection.ServiceProviderServiceExtensions,GetRequiredService,System.IServiceProvider,Extension
server:0113,server,src/SharedWeb/Utilities/ServiceCollectionExtensions.cs,190,Microsoft.Extensions.DependencyInjection.ServiceProviderServiceExtensions,GetRequiredService,System.IServiceProvider,Extension
server:0114,server,src/SharedWeb/Utilities/ServiceCollectionExtensions.cs,198,Microsoft.Extensions.DependencyInjection.ServiceProviderServiceExtensions,GetRequiredService,System.IServiceProvider,Extension
server:0115,server,src/SharedWeb/Utilities/ServiceCollectionExtensions.cs,204,Microsoft.Extensions.DependencyInjection.ServiceProviderServiceExtensions,GetRequiredService,System.IServiceProvider,Extension
server:0116,server,src/SharedWeb/Utilities/ServiceCollectionExtensions.cs,211,Microsoft.Extensions.DependencyInjection.ServiceProviderServiceExtensions,GetRequiredService,System.IServiceProvider,Extension
server:0117,server,src/SharedWeb/Utilities/ServiceCollectionExtensions.cs,218,Microsoft.Extensions.DependencyInjection.ServiceProviderServiceExtensions,GetRequiredService,System.IServiceProvider,Extension
server:0118,server,src/SharedWeb/Utilities/ServiceCollectionExtensions.cs,224,Microsoft.Extensions.DependencyInjection.ServiceProviderServiceExtensions,GetRequiredService,System.IServiceProvider,Extension
server:0119,server,src/SharedWeb/Utilities/ServiceCollectionExtensions.cs,514,Microsoft.Extensions.Configuration.ConfigurationBinder,GetValue,Microsoft.Extensions.Configuration.IConfiguration,Extension
server:0120,server,src/SharedWeb/Utilities/ServiceCollectionExtensions.cs,616,Microsoft.Extensions.DependencyInjection.ServiceProviderServiceExtensions,GetRequiredService,System.IServiceProvider,Extension
server:0121,server,src/SharedWeb/Utilities/ServiceCollectionExtensions.cs,617,Microsoft.Extensions.DependencyInjection.ServiceProviderServiceExtensions,GetRequiredService,System.IServiceProvider,Extension
server:0122,server,src/SharedWeb/Utilities/ServiceCollectionExtensions.cs,823,Microsoft.Extensions.DependencyInjection.ServiceProviderServiceExtensions,GetRequiredService,System.IServiceProvider,Extension
server:0123,server,src/SharedWeb/Utilities/ServiceCollectionExtensions.cs,832,Microsoft.Extensions.DependencyInjection.ServiceProviderServiceExtensions,GetRequiredService,System.IServiceProvider,Extension
server:0124,server,src/SharedWeb/Utilities/ServiceCollectionExtensions.cs,889,Microsoft.Extensions.DependencyInjection.ServiceProviderServiceExtensions,GetRequiredService,System.IServiceProvider,Extension
server:0125,server,src/SharedWeb/Utilities/ServiceCollectionExtensions.cs,890,Microsoft.Extensions.DependencyInjection.ServiceProviderServiceExtensions,GetRequiredService,System.IServiceProvider,Extension
server:0126,server,src/SharedWeb/Utilities/ServiceCollectionExtensions.cs,891,Microsoft.Extensions.DependencyInjection.ServiceProviderServiceExtensions,GetRequiredService,System.IServiceProvider,Extension
server:0127,server,src/SharedWeb/Utilities/ServiceCollectionExtensions.cs,892,Microsoft.Extensions.DependencyInjection.ServiceProviderServiceExtensions,GetRequiredService,System.IServiceProvider,Extension
server:0128,server,src/SharedWeb/Utilities/ServiceCollectionExtensions.cs,893,Microsoft.Extensions.DependencyInjection.ServiceProviderServiceExtensions,GetRequiredService,System.IServiceProvider,Extension
server:0129,server,src/SharedWeb/Utilities/ServiceCollectionExtensions.cs,894,Microsoft.Extensions.DependencyInjection.ServiceProviderServiceExtensions,GetRequiredService,System.IServiceProvider,Extension
server:0130,server,src/SharedWeb/Utilities/ServiceCollectionExtensions.cs,902,Microsoft.Extensions.DependencyInjection.ServiceProviderServiceExtensions,GetRequiredService,System.IServiceProvider,Extension
server:0131,server,src/SharedWeb/Utilities/ServiceCollectionExtensions.cs,908,Microsoft.Extensions.DependencyInjection.ServiceProviderServiceExtensions,GetRequiredService,System.IServiceProvider,Extension
server:0132,server,src/SharedWeb/Utilities/ServiceCollectionExtensions.cs,916,Microsoft.Extensions.DependencyInjection.ServiceProviderServiceExtensions,GetRequiredService,System.IServiceProvider,Extension
server:0133,server,src/SharedWeb/Utilities/ServiceCollectionExtensions.cs,917,Microsoft.Extensions.DependencyInjection.ServiceProviderServiceExtensions,GetRequiredService,System.IServiceProvider,Extension
server:0134,server,src/SharedWeb/Utilities/ServiceCollectionExtensions.cs,923,Microsoft.Extensions.DependencyInjection.ServiceProviderServiceExtensions,GetRequiredService,System.IServiceProvider,Extension
server:0135,server,src/SharedWeb/Utilities/ServiceCollectionExtensions.cs,937,Microsoft.Extensions.DependencyInjection.ServiceProviderServiceExtensions,GetRequiredService,System.IServiceProvider,Extension
server:0136,server,src/SharedWeb/Utilities/ServiceCollectionExtensions.cs,967,Microsoft.Extensions.DependencyInjection.ServiceProviderServiceExtensions,GetRequiredService,System.IServiceProvider,Extension
server:0137,server,src/SharedWeb/Utilities/ServiceCollectionExtensions.cs,969,Microsoft.Extensions.DependencyInjection.ServiceProviderServiceExtensions,GetRequiredService,System.IServiceProvider,Extension
server:0138,server,src/SharedWeb/Utilities/ServiceCollectionExtensions.cs,970,Microsoft.Extensions.DependencyInjection.ServiceProviderServiceExtensions,GetRequiredService,System.IServiceProvider,Extension
server:0139,server,src/SharedWeb/Utilities/ServiceCollectionExtensions.cs,987,Microsoft.Extensions.DependencyInjection.ServiceProviderServiceExtensions,GetRequiredService,System.IServiceProvider,Extension
server:0140,server,src/SharedWeb/Utilities/ServiceCollectionExtensions.cs,988,Microsoft.Extensions.DependencyInjection.ServiceProviderServiceExtensions,GetRequiredService,System.IServiceProvider,Extension
server:0141,server,src/SharedWeb/Utilities/ServiceCollectionExtensions.cs,994,Microsoft.Extensions.DependencyInjection.ServiceProviderServiceExtensions,GetRequiredService,System.IServiceProvider,Extension
server:0142,server,src/SharedWeb/Utilities/ServiceCollectionExtensions.cs,1016,Microsoft.Extensions.DependencyInjection.ServiceProviderServiceExtensions,GetRequiredService,System.IServiceProvider,Extension
server:0143,server,src/SharedWeb/Utilities/ServiceCollectionExtensions.cs,1017,Microsoft.Extensions.DependencyInjection.ServiceProviderServiceExtensions,GetRequiredService,System.IServiceProvider,Extension
server:0144,server,src/SharedWeb/Utilities/ServiceCollectionExtensions.cs,1018,Microsoft.Extensions.DependencyInjection.ServiceProviderServiceExtensions,GetRequiredService,System.IServiceProvider,Extension
server:0145,server,src/SharedWeb/Utilities/ServiceCollectionExtensions.cs,1019,Microsoft.Extensions.DependencyInjection.ServiceProviderServiceExtensions,GetRequiredService,System.IServiceProvider,Extension
server:0146,server,src/SharedWeb/Utilities/ServiceCollectionExtensions.cs,1020,Microsoft.Extensions.DependencyInjection.ServiceProviderServiceExtensions,GetRequiredService,System.IServiceProvider,Extension
server:0147,server,src/SharedWeb/Utilities/ServiceCollectionExtensions.cs,1021,Microsoft.Extensions.DependencyInjection.ServiceProviderServiceExtensions,GetRequiredService,System.IServiceProvider,Extension
server:0148,server,src/SharedWeb/Utilities/ServiceCollectionExtensions.cs,1029,Microsoft.Extensions.DependencyInjection.ServiceProviderServiceExtensions,GetRequiredService,System.IServiceProvider,Extension
server:0149,server,src/SharedWeb/Utilities/ServiceCollectionExtensions.cs,1030,Microsoft.Extensions.DependencyInjection.ServiceProviderServiceExtensions,GetRequiredService,System.IServiceProvider,Extension
server:0150,server,src/SharedWeb/Utilities/ServiceCollectionExtensions.cs,1037,Microsoft.Extensions.DependencyInjection.ServiceProviderServiceExtensions,GetRequiredService,System.IServiceProvider,Extension
server:0151,server,src/SharedWeb/Utilities/ServiceCollectionExtensions.cs,1039,Microsoft.Extensions.DependencyInjection.ServiceProviderServiceExtensions,GetRequiredService,System.IServiceProvider,Extension
server:0152,server,src/SharedWeb/Utilities/ServiceCollectionExtensions.cs,1040,Microsoft.Extensions.DependencyInjection.ServiceProviderServiceExtensions,GetRequiredService,System.IServiceProvider,Extension
server:0153,server,src/SharedWeb/Utilities/ServiceCollectionExtensions.cs,1041,Microsoft.Extensions.DependencyInjection.ServiceProviderServiceExtensions,GetRequiredService,System.IServiceProvider,Extension
server:0154,server,util/Migrator/DbMigrator.cs,56,Microsoft.Extensions.Logging.LoggerExtensions,LogInformation,Microsoft.Extensions.Logging.ILogger,Extension
server:0155,server,util/Migrator/DbMigrator.cs,122,Microsoft.Extensions.Logging.LoggerExtensions,LogInformation,Microsoft.Extensions.Logging.ILogger,Extension
server:0156,server,util/Migrator/DbMigrator.cs,168,Microsoft.Extensions.Logging.LoggerExtensions,LogInformation,Microsoft.Extensions.Logging.ILogger,Extension
server:0157,server,util/Migrator/DbMigrator.cs,178,Microsoft.Extensions.Logging.LoggerExtensions,LogInformation,Microsoft.Extensions.Logging.ILogger,Extension
server:0158,server,util/Migrator/DbUpLogger.cs,18,Microsoft.Extensions.Logging.LoggerExtensions,LogTrace,Microsoft.Extensions.Logging.ILogger,Extension
server:0159,server,util/Migrator/DbUpLogger.cs,23,Microsoft.Extensions.Logging.LoggerExtensions,LogDebug,Microsoft.Extensions.Logging.ILogger,Extension
server:0160,server,util/Migrator/DbUpLogger.cs,28,Microsoft.Extensions.Logging.LoggerExtensions,LogInformation,Microsoft.Extensions.Logging.ILogger,Extension
server:0161,server,util/Migrator/DbUpLogger.cs,33,Microsoft.Extensions.Logging.LoggerExtensions,LogWarning,Microsoft.Extensions.Logging.ILogger,Extension
server:0162,server,util/Migrator/DbUpLogger.cs,38,Microsoft.Extensions.Logging.LoggerExtensions,LogError,Microsoft.Extensions.Logging.ILogger,Extension
server:0163,server,util/MySqlMigrations/MySqlDbMigrator.cs,26,Microsoft.Extensions.Logging.LoggerExtensions,LogInformation,Microsoft.Extensions.Logging.ILogger,Extension
server:0164,server,util/MySqlMigrations/MySqlDbMigrator.cs,30,Microsoft.Extensions.DependencyInjection.ServiceProviderServiceExtensions,GetRequiredService,System.IServiceProvider,Extension
server:0165,server,util/MySqlMigrations/MySqlDbMigrator.cs,35,Microsoft.Extensions.Logging.LoggerExtensions,LogInformation,Microsoft.Extensions.Logging.ILogger,Extension
server:0166,server,util/PostgresMigrations/PostgresDbMigratorDbMigrator.cs,26,Microsoft.Extensions.Logging.LoggerExtensions,LogInformation,Microsoft.Extensions.Logging.ILogger,Extension
server:0167,server,util/PostgresMigrations/PostgresDbMigratorDbMigrator.cs,30,Microsoft.Extensions.DependencyInjection.ServiceProviderServiceExtensions,GetRequiredService,System.IServiceProvider,Extension
server:0168,server,util/PostgresMigrations/PostgresDbMigratorDbMigrator.cs,35,Microsoft.Extensions.Logging.LoggerExtensions,LogInformation,Microsoft.Extensions.Logging.ILogger,Extension
server:0169,server,util/SqliteMigrations/SqliteDbMigrator.cs,26,Microsoft.Extensions.Logging.LoggerExtensions,LogInformation,Microsoft.Extensions.Logging.ILogger,Extension
server:0170,server,util/SqliteMigrations/SqliteDbMigrator.cs,30,Microsoft.Extensions.DependencyInjection.ServiceProviderServiceExtensions,GetRequiredService,System.IServiceProvider,Extension
server:0171,server,util/SqliteMigrations/SqliteDbMigrator.cs,35,Microsoft.Extensions.Logging.LoggerExtensions,LogInformation,Microsoft.Extensions.Logging.ILogger,Extension
orleans:0001,orleans,src/AdoNet/Orleans.Clustering.AdoNet/AdoNetClusteringProviderBuilder.cs,31,Microsoft.Extensions.Configuration.ConfigurationExtensions,GetConnectionString,Microsoft.Extensions.Configuration.IConfiguration,Extension
orleans:0002,orleans,src/AdoNet/Orleans.Clustering.AdoNet/AdoNetClusteringProviderBuilder.cs,55,Microsoft.Extensions.Configuration.ConfigurationExtensions,GetConnectionString,Microsoft.Extensions.Configuration.IConfiguration,Extension
orleans:0003,orleans,src/AdoNet/Orleans.GrainDirectory.AdoNet/Hosting/AdoNetGrainDirectoryProviderBuilder.cs,27,Microsoft.Extensions.Configuration.ConfigurationExtensions,GetConnectionString,Microsoft.Extensions.Configuration.IConfiguration,Extension
orleans:0004,orleans,src/AdoNet/Orleans.GrainDirectory.AdoNet/Hosting/AdoNetGrainDirectoryServiceCollectionExtensions.cs,18,Microsoft.Extensions.DependencyInjection.ServiceProviderServiceExtensions,GetRequiredService,System.IServiceProvider,Extension
orleans:0005,orleans,src/AdoNet/Orleans.Persistence.AdoNet/AdoNetGrainStorageProviderBuilder.cs,31,Microsoft.Extensions.Configuration.ConfigurationExtensions,GetConnectionString,Microsoft.Extensions.Configuration.IConfiguration,Extension
orleans:0006,orleans,src/AdoNet/Orleans.Persistence.AdoNet/Storage/Provider/AdoNetGrainStorage.cs,51,Microsoft.Extensions.DependencyInjection.ServiceProviderServiceExtensions,GetRequiredService,System.IServiceProvider,Extension
orleans:0007,orleans,src/AdoNet/Orleans.Persistence.AdoNet/Storage/Provider/AdoNetGrainStorageServiceCollectionExtensions.cs,65,Microsoft.Extensions.DependencyInjection.ServiceProviderServiceExtensions,GetRequiredService,System.IServiceProvider,Extension
orleans:0008,orleans,src/AdoNet/Orleans.Reminders.AdoNet/AdoNetRemindersProviderBuilder.cs,30,Microsoft.Extensions.Configuration.ConfigurationExtensions,GetConnectionString,Microsoft.Extensions.Configuration.IConfiguration,Extension
orleans:0009,orleans,src/AWS/Orleans.Persistence.DynamoDB/Hosting/DynamoDBGrainStorageServiceCollectionExtensions.cs,49,Microsoft.Extensions.DependencyInjection.ServiceProviderServiceExtensions,GetRequiredService,System.IServiceProvider,Extension
orleans:0010,orleans,src/AWS/Orleans.Persistence.DynamoDB/Provider/DynamoDBGrainStorage.cs,415,Microsoft.Extensions.DependencyInjection.ServiceProviderServiceExtensions,GetRequiredService,System.IServiceProvider,Extension
orleans:0011,orleans,src/Azure/Orleans.Clustering.AzureStorage/AzureTableClusteringExtensions.cs,63,Microsoft.Extensions.DependencyInjection.ServiceProviderServiceExtensions,GetRequiredService,System.IServiceProvider,Extension
orleans:0012,orleans,src/Azure/Orleans.Clustering.AzureStorage/AzureTableClusteringExtensions.cs,118,Microsoft.Extensions.DependencyInjection.ServiceProviderServiceExtensions,GetRequiredService,System.IServiceProvider,Extension
orleans:0013,orleans,src/Azure/Orleans.Clustering.AzureStorage/AzureTableStorageClusteringProviderBuilder.cs,44,Microsoft.Extensions.Configuration.ConfigurationExtensions,GetConnectionString,Microsoft.Extensions.Configuration.IConfiguration,Extension
orleans:0014,orleans,src/Azure/Orleans.Clustering.AzureStorage/AzureTableStorageClusteringProviderBuilder.cs,87,Microsoft.Extensions.Configuration.ConfigurationExtensions,GetConnectionString,Microsoft.Extensions.Configuration.IConfiguration,Extension
orleans:0015,orleans,src/Azure/Orleans.Clustering.Cosmos/CosmosClusteringProviderBuilder.cs,55,Microsoft.Extensions.Configuration.ConfigurationExtensions,GetConnectionString,Microsoft.Extensions.Configuration.IConfiguration,Extension
orleans:0016,orleans,src/Azure/Orleans.Clustering.Cosmos/CosmosClusteringProviderBuilder.cs,106,Microsoft.Extensions.Configuration.ConfigurationExtensions,GetConnectionString,Microsoft.Extensions.Configuration.IConfiguration,Extension
orleans:0017,orleans,src/Azure/Orleans.Clustering.Cosmos/HostingExtensions.cs,146,Microsoft.Extensions.DependencyInjection.ServiceProviderServiceExtensions,GetRequiredService,System.IServiceProvider,Extension
orleans:0018,orleans,src/Azure/Orleans.DurableJobs.AzureStorage/AzureStorageJobShardManager.cs,154,Microsoft.Extensions.Logging.LoggerExtensions,LogWarning,Microsoft.Extensions.Logging.ILogger,Extension
orleans:0019,orleans,src/Azure/Orleans.DurableJobs.AzureStorage/Hosting/AzureStorageDurableJobsExtensions.cs,93,Microsoft.Extensions.DependencyInjection.ServiceProviderServiceExtensions,GetRequiredService,System.IServiceProvider,Extension
orleans:0020,orleans,src/Azure/Orleans.GrainDirectory.AzureStorage/Hosting/AzureTableGrainDirectoryServiceCollectionExtensions.cs,24,Microsoft.Extensions.DependencyInjection.ServiceProviderServiceExtensions,GetRequiredService,System.IServiceProvider,Extension
orleans:0021,orleans,src/Azure/Orleans.GrainDirectory.AzureStorage/Hosting/AzureTableStorageGrainDirectoryProviderBuilder.cs,42,Microsoft.Extensions.Configuration.ConfigurationExtensions,GetConnectionString,Microsoft.Extensions.Configuration.IConfiguration,Extension
orleans:0022,orleans,src/Azure/Orleans.Journaling.AzureStorage/AzureBlobStorageGrainJournalingProviderBuilder.cs,40,Microsoft.Extensions.Configuration.ConfigurationExtensions,GetConnectionString,Microsoft.Extensions.Configuration.IConfiguration,Extension
orleans:0023,orleans,src/Azure/Orleans.Persistence.AzureStorage/Hosting/AzureBlobGrainStorageServiceCollectionExtensions.cs,50,Microsoft.Extensions.DependencyInjection.ServiceProviderServiceExtensions,GetRequiredService,System.IServiceProvider,Extension
orleans:0024,orleans,src/Azure/Orleans.Persistence.AzureStorage/Hosting/AzureBlobStorageGrainStorageProviderBuilder.cs,42,Microsoft.Extensions.Configuration.ConfigurationExtensions,GetConnectionString,Microsoft.Extensions.Configuration.IConfiguration,Extension
orleans:0025,orleans,src/Azure/Orleans.Persistence.AzureStorage/Hosting/AzureTableSiloBuilderExtensions.cs,53,Microsoft.Extensions.DependencyInjection.ServiceProviderServiceExtensions,GetRequiredService,System.IServiceProvider,Extension
orleans:0026,orleans,src/Azure/Orleans.Persistence.AzureStorage/Hosting/AzureTableStorageGrainStorageProviderBuilder.cs,44,Microsoft.Extensions.Configuration.ConfigurationExtensions,GetConnectionString,Microsoft.Extensions.Configuration.IConfiguration,Extension
orleans:0027,orleans,src/Azure/Orleans.Persistence.AzureStorage/Providers/Storage/AzureBlobStorage.cs,392,Microsoft.Extensions.DependencyInjection.ServiceProviderServiceExtensions,GetRequiredService,System.IServiceProvider,Extension
orleans:0028,orleans,src/Azure/Orleans.Persistence.AzureStorage/Providers/Storage/AzureTableStorage.cs,593,Microsoft.Extensions.DependencyInjection.ServiceProviderServiceExtensions,GetRequiredService,System.IServiceProvider,Extension
orleans:0029,orleans,src/Azure/Orleans.Persistence.Cosmos/CosmosGrainStorage.cs,453,Microsoft.Extensions.DependencyInjection.ServiceProviderServiceExtensions,GetRequiredService,System.IServiceProvider,Extension
orleans:0030,orleans,src/Azure/Orleans.Persistence.Cosmos/CosmosGrainStorage.cs,455,Microsoft.Extensions.DependencyInjection.ServiceProviderServiceExtensions,GetRequiredService,System.IServiceProvider,Extension
orleans:0031,orleans,src/Azure/Orleans.Persistence.Cosmos/CosmosGrainStorage.cs,456,Microsoft.Extensions.DependencyInjection.ServiceProviderServiceExtensions,GetRequiredService,System.IServiceProvider,Extension
orleans:0032,orleans,src/Azure/Orleans.Persistence.Cosmos/CosmosGrainStorage.cs,457,Microsoft.Extensions.DependencyInjection.ServiceProviderServiceExtensions,GetRequiredService,System.IServiceProvider,Extension
orleans:0033,orleans,src/Azure/Orleans.Persistence.Cosmos/CosmosGrainStorage.cs,458,Microsoft.Extensions.DependencyInjection.ServiceProviderServiceExtensions,GetRequiredService,System.IServiceProvider,Extension
orleans:0034,orleans,src/Azure/Orleans.Persistence.Cosmos/HostingExtensions.cs,252,Microsoft.Extensions.DependencyInjection.ServiceProviderServiceExtensions,GetService,System.IServiceProvider,Extension
orleans:0035,orleans,src/Azure/Orleans.Reminders.AzureStorage/AzureStorageReminderServiceCollectionExtensions.cs,53,Microsoft.Extensions.DependencyInjection.ServiceProviderServiceExtensions,GetRequiredService,System.IServiceProvider,Extension
orleans:0036,orleans,src/Azure/Orleans.Reminders.AzureStorage/AzureTableStorageRemindersProviderBuilder.cs,44,Microsoft.Extensions.Configuration.ConfigurationExtensions,GetConnectionString,Microsoft.Extensions.Configuration.IConfiguration,Extension
orleans:0037,orleans,src/Azure/Orleans.Reminders.Cosmos/HostingExtensions.cs,83,Microsoft.Extensions.DependencyInjection.ServiceProviderServiceExtensions,GetRequiredService,System.IServiceProvider,Extension
orleans:0039,orleans,src/Azure/Orleans.Streaming.AzureStorage/Hosting/AzureQueueStreamProviderBuilder.cs,61,Microsoft.Extensions.Configuration.ConfigurationExtensions,GetConnectionString,Microsoft.Extensions.Configuration.IConfiguration,Extension
orleans:0040,orleans,src/Azure/Orleans.Streaming.AzureStorage/Providers/Streams/AzureQueue/AzureQueueAdapterFactory.cs,88,Microsoft.Extensions.DependencyInjection.ServiceProviderServiceExtensions,GetService,System.IServiceProvider,Extension
orleans:0041,orleans,src/Azure/Orleans.Streaming.AzureStorage/Storage/AzureQueueDataManager.cs,371,Microsoft.Extensions.Logging.LoggerExtensions,LogError,Microsoft.Extensions.Logging.ILogger,Extension
orleans:0042,orleans,src/Azure/Orleans.Streaming.EventHubs/Providers/EventDataGeneratorStreamProvider/EventDataGeneratorAdapterFactory.cs,187,Microsoft.Extensions.DependencyInjection.ServiceProviderServiceExtensions,GetService,System.IServiceProvider,Extension
orleans:0043,orleans,src/Azure/Orleans.Streaming.EventHubs/Providers/Streams/EventHub/EventHubAdapterFactory.cs,312,Microsoft.Extensions.DependencyInjection.ServiceProviderServiceExtensions,GetService,System.IServiceProvider,Extension
orleans:0044,orleans,src/Azure/Orleans.Transactions.AzureStorage/Hosting/AzureTableTransactionServicecollectionExtensions.cs,22,Microsoft.Extensions.DependencyInjection.ServiceProviderServiceExtensions,GetRequiredService,System.IServiceProvider,Extension
orleans:0045,orleans,src/Azure/Orleans.Transactions.AzureStorage/TransactionalState/AzureTableTransactionalStateStorageFactory.cs,26,Microsoft.Extensions.DependencyInjection.ServiceProviderServiceExtensions,GetRequiredService,System.IServiceProvider,Extension
orleans:0046,orleans,src/Orleans.Connections.Security/Security/TlsClientConnectionMiddleware.cs,145,Microsoft.Extensions.Logging.LoggerExtensions,LogWarning,Microsoft.Extensions.Logging.ILogger,Extension
orleans:0047,orleans,src/Orleans.Connections.Security/Security/TlsClientConnectionMiddleware.cs,151,Microsoft.Extensions.Logging.LoggerExtensions,LogWarning,Microsoft.Extensions.Logging.ILogger,Extension
orleans:0048,orleans,src/Orleans.Connections.Security/Security/TlsServerConnectionMiddleware.cs,177,Microsoft.Extensions.Logging.LoggerExtensions,LogWarning,Microsoft.Extensions.Logging.ILogger,Extension
orleans:0049,orleans,src/Orleans.Connections.Security/Security/TlsServerConnectionMiddleware.cs,183,Microsoft.Extensions.Logging.LoggerExtensions,LogWarning,Microsoft.Extensions.Logging.ILogger,Extension
orleans:0050,orleans,src/Orleans.Core.Abstractions/Runtime/AsyncEnumerableRequest.cs,280,Microsoft.Extensions.Logging.LoggerExtensions,LogWarning,Microsoft.Extensions.Logging.ILogger,Extension
orleans:0051,orleans,src/Orleans.Core/Async/TaskExtensions.cs,38,Microsoft.Extensions.Logging.LoggerExtensions,LogError,Microsoft.Extensions.Logging.ILogger,Extension
orleans:0055,orleans,src/Orleans.Core/Configuration/OptionsOverrides.cs,29,Microsoft.Extensions.DependencyInjection.ServiceProviderServiceExtensions,GetRequiredService,System.IServiceProvider,Extension
orleans:0093,orleans,src/Orleans.EventSourcing/CustomStorage/LogConsistencyProvider.cs,48,Microsoft.Extensions.DependencyInjection.ServiceProviderServiceExtensions,GetRequiredService,System.IServiceProvider,Extension
orleans:0095,orleans,src/Orleans.Reminders/ReminderService/LocalReminderService.cs,544,Microsoft.Extensions.Logging.LoggerExtensions,LogTrace,Microsoft.Extensions.Logging.ILogger,Extension
orleans:0099,orleans,src/Orleans.Runtime/Catalog/ActivationData.cs,920,Microsoft.Extensions.Logging.LoggerExtensions,LogError,Microsoft.Extensions.Logging.ILogger,Extension
orleans:0101,orleans,src/Orleans.Runtime/Catalog/Catalog.cs,221,Microsoft.Extensions.DependencyInjection.ServiceProviderServiceExtensions,GetRequiredService,System.IServiceProvider,Extension
orleans:0116,orleans,src/Orleans.Runtime/Core/InsideRuntimeClient.cs,438,Microsoft.Extensions.Logging.LoggerExtensions,LogDebug,Microsoft.Extensions.Logging.ILogger,Extension
orleans:0131,orleans,src/Orleans.Runtime/MembershipService/LocalSiloHealthMonitor.cs,400,Microsoft.Extensions.Logging.LoggerExtensions,LogError,Microsoft.Extensions.Logging.ILogger,Extension
orleans:0132,orleans,src/Orleans.Runtime/MembershipService/MembershipAgent.cs,351,Microsoft.Extensions.Logging.LoggerExtensions,LogWarning,Microsoft.Extensions.Logging.ILogger,Extension
orleans:0135,orleans,src/Orleans.Runtime/MembershipService/RemoteSiloProber.cs,22,Microsoft.Extensions.DependencyInjection.ServiceProviderServiceExtensions,GetRequiredService,System.IServiceProvider,Extension
orleans:0136,orleans,src/Orleans.Runtime/MembershipService/SiloMetadata/SiloMetadataHostingExtensions.cs,58,Microsoft.Extensions.Configuration.ConfigurationBinder,Get,Microsoft.Extensions.Configuration.IConfiguration,Extension
orleans:0144,orleans,src/Orleans.Runtime/Placement/Repartitioning/RebalancerCompatibleRule.cs,29,Microsoft.Extensions.DependencyInjection.ServiceProviderServiceExtensions,GetRequiredService,System.IServiceProvider,Extension
orleans:0145,orleans,src/Orleans.Runtime/Placement/Repartitioning/RebalancerCompatibleRule.cs,30,Microsoft.Extensions.DependencyInjection.ServiceProviderServiceExtensions,GetService,System.IServiceProvider,Extension
orleans:0146,orleans,src/Orleans.Runtime/Scheduler/WorkItemGroup.cs,121,Microsoft.Extensions.Logging.LoggerExtensions,LogWarning,Microsoft.Extensions.Logging.ILogger,Extension
orleans:0147,orleans,src/Orleans.Runtime/Scheduler/WorkItemGroup.cs,241,Microsoft.Extensions.Logging.LoggerExtensions,LogError,Microsoft.Extensions.Logging.ILogger,Extension
orleans:0167,orleans,src/Orleans.Runtime/Silo/SiloControl.cs,203,Microsoft.Extensions.DependencyInjection.ServiceProviderServiceExtensions,GetService,System.IServiceProvider,Extension
orleans:0169,orleans,src/Orleans.Runtime/Silo/TestHooks/TestHooksSystemTarget.cs,76,Microsoft.Extensions.DependencyInjection.ServiceProviderServiceExtensions,GetRequiredService,System.IServiceProvider,Extension
orleans:0170,orleans,src/Orleans.Runtime/Silo/TestHooks/TestHooksSystemTarget.cs,88,Microsoft.Extensions.DependencyInjection.ServiceProviderServiceExtensions,GetRequiredService,System.IServiceProvider,Extension
orleans:0188,orleans,src/Orleans.Streaming.NATS/Hosting/NatsStreamConfigurator.cs,20,Microsoft.Extensions.DependencyInjection.ServiceProviderServiceExtensions,GetRequiredService,System.IServiceProvider,Extension
orleans:0189,orleans,src/Orleans.Streaming.NATS/Hosting/NatsStreamConfigurator.cs,56,Microsoft.Extensions.DependencyInjection.ServiceProviderServiceExtensions,GetRequiredService,System.IServiceProvider,Extension
orleans:0190,orleans,src/Orleans.Streaming.NATS/Providers/NatsConnectionManager.cs,136,Microsoft.Extensions.Logging.LoggerExtensions,LogError,Microsoft.Extensions.Logging.ILogger,Extension
orleans:0191,orleans,src/Orleans.Streaming.NATS/Providers/NatsConnectionManager.cs,150,Microsoft.Extensions.Logging.LoggerExtensions,LogError,Microsoft.Extensions.Logging.ILogger,Extension
orleans:0192,orleans,src/Orleans.Streaming.NATS/Providers/NatsConnectionManager.cs,169,Microsoft.Extensions.Logging.LoggerExtensions,LogTrace,Microsoft.Extensions.Logging.ILogger,Extension
orleans:0193,orleans,src/Orleans.Streaming.NATS/Providers/NatsQueueAdapterReceiver.cs,60,Microsoft.Extensions.Logging.LoggerExtensions,LogError,Microsoft.Extensions.Logging.ILogger,Extension
orleans:0194,orleans,src/Orleans.Streaming.NATS/Providers/NatsQueueAdapterReceiver.cs,89,Microsoft.Extensions.Logging.LoggerExtensions,LogWarning,Microsoft.Extensions.Logging.ILogger,Extension
orleans:0195,orleans,src/Orleans.Streaming.NATS/Providers/NatsQueueAdapterReceiver.cs,125,Microsoft.Extensions.Logging.LoggerExtensions,LogWarning,Microsoft.Extensions.Logging.ILogger,Extension
orleans:0196,orleans,src/Orleans.Streaming.NATS/Providers/NatsStreamConsumer.cs,41,Microsoft.Extensions.Logging.LoggerExtensions,LogError,Microsoft.Extensions.Logging.ILogger,Extension
orleans:0206,orleans,src/Orleans.Streaming/PubSub/PubSubRendezvousGrain.cs,323,Microsoft.Extensions.Logging.LoggerExtensions,LogDebug,Microsoft.Extensions.Logging.ILogger,Extension
orleans:0208,orleans,src/Orleans.Streaming/QueueBalancer/LeaseBasedQueueBalancer.cs,65,Microsoft.Extensions.DependencyInjection.ServiceProviderServiceExtensions,GetService,System.IServiceProvider,Extension
orleans:0209,orleans,src/Orleans.Streaming/QueueBalancer/PersistentStreamConfiguratorExtension.cs,33,Microsoft.Extensions.DependencyInjection.ServiceProviderServiceExtensions,GetRequiredService,System.IServiceProvider,Extension
orleans:0217,orleans,src/Orleans.TestingHost/TestClusterExtensions.cs,59,Microsoft.Extensions.Configuration.ConfigurationBinder,Bind,Microsoft.Extensions.Configuration.IConfiguration,Extension
orleans:0221,orleans,src/Orleans.TestingHost/TestStorageProviders/FaultInjectionStorageProvider.cs,72,Microsoft.Extensions.Logging.LoggerExtensions,LogInformation,Microsoft.Extensions.Logging.ILogger,Extension
orleans:0231,orleans,src/Orleans.TestingHost/TestStorageProviders/StorageFaultGrain.cs,37,Microsoft.Extensions.Logging.LoggerExtensions,LogInformation,Microsoft.Extensions.Logging.ILogger,Extension
orleans:0234,orleans,src/Orleans.Transactions.TestKit.Base/FaultInjection/ControlledInjection/FaultInjectionAzureTableTransactionStateStorage.cs,59,Microsoft.Extensions.DependencyInjection.ServiceProviderServiceExtensions,GetRequiredService,System.IServiceProvider,Extension
orleans:0235,orleans,src/Orleans.Transactions.TestKit.Base/FaultInjection/ControlledInjection/SimpleAzureStorageExceptionInjector.cs,28,Microsoft.Extensions.Logging.LoggerExtensions,LogInformation,Microsoft.Extensions.Logging.ILogger,Extension
orleans:0236,orleans,src/Orleans.Transactions.TestKit.Base/FaultInjection/ControlledInjection/SimpleAzureStorageExceptionInjector.cs,40,Microsoft.Extensions.Logging.LoggerExtensions,LogInformation,Microsoft.Extensions.Logging.ILogger,Extension
orleans:0237,orleans,src/Orleans.Transactions.TestKit.Base/FaultInjection/ControlledInjection/SingleStateDeactivatingTransactionalGrain.cs,41,Microsoft.Extensions.Logging.LoggerExtensions,LogInformation,Microsoft.Extensions.Logging.ILogger,Extension
orleans:0238,orleans,src/Orleans.Transactions.TestKit.Base/FaultInjection/ControlledInjection/SingleStateDeactivatingTransactionalGrain.cs,50,Microsoft.Extensions.Logging.LoggerExtensions,LogInformation,Microsoft.Extensions.Logging.ILogger,Extension
orleans:0240,orleans,src/Orleans.Transactions.TestKit.Base/Grains/RemoteCommitService.cs,36,Microsoft.Extensions.Logging.LoggerExtensions,LogInformation,Microsoft.Extensions.Logging.ILogger,Extension
orleans:0242,orleans,src/Orleans.Transactions.TestKit.Base/TestRunners/TransactionRecoveryTestsRunner.cs,26,Microsoft.Extensions.Logging.LoggerExtensions,LogInformation,Microsoft.Extensions.Logging.ILogger,Extension
orleans:0244,orleans,src/Redis/Orleans.Clustering.Redis/Hosting/HostingExtensions.ISiloBuilder.cs,48,Microsoft.Extensions.DependencyInjection.ServiceProviderServiceExtensions,GetRequiredService,System.IServiceProvider,Extension
orleans:0245,orleans,src/Redis/Orleans.Clustering.Redis/Hosting/RedisClusteringProviderBuilder.cs,44,Microsoft.Extensions.Configuration.ConfigurationExtensions,GetConnectionString,Microsoft.Extensions.Configuration.IConfiguration,Extension
orleans:0246,orleans,src/Redis/Orleans.Clustering.Redis/Hosting/RedisClusteringProviderBuilder.cs,77,Microsoft.Extensions.Configuration.ConfigurationExtensions,GetConnectionString,Microsoft.Extensions.Configuration.IConfiguration,Extension
orleans:0247,orleans,src/Redis/Orleans.GrainDirectory.Redis/Hosting/RedisGrainDirectoryExtensions.cs,66,Microsoft.Extensions.DependencyInjection.ServiceProviderServiceExtensions,GetRequiredService,System.IServiceProvider,Extension
orleans:0248,orleans,src/Redis/Orleans.GrainDirectory.Redis/Hosting/RedisGrainDirectoryProviderBuilder.cs,41,Microsoft.Extensions.Configuration.ConfigurationExtensions,GetConnectionString,Microsoft.Extensions.Configuration.IConfiguration,Extension
orleans:0249,orleans,src/Redis/Orleans.Persistence.Redis/Hosting/RedisGrainStorageProviderBuilder.cs,42,Microsoft.Extensions.Configuration.ConfigurationExtensions,GetConnectionString,Microsoft.Extensions.Configuration.IConfiguration,Extension
orleans:0250,orleans,src/Redis/Orleans.Persistence.Redis/Hosting/RedisGrainStorageServiceCollectionExtensions.cs,51,Microsoft.Extensions.DependencyInjection.ServiceProviderServiceExtensions,GetRequiredService,System.IServiceProvider,Extension
orleans:0251,orleans,src/Redis/Orleans.Persistence.Redis/Storage/RedisGrainStorageFactory.cs,18,Microsoft.Extensions.DependencyInjection.ServiceProviderServiceExtensions,GetRequiredService,System.IServiceProvider,Extension
orleans:0252,orleans,src/Redis/Orleans.Reminders.Redis/Hosting/RedisRemindersProviderBuilder.cs,40,Microsoft.Extensions.Configuration.ConfigurationExtensions,GetConnectionString,Microsoft.Extensions.Configuration.IConfiguration,Extension
efcore:0007,efcore,src/EFCore/Extensions/EntityFrameworkServiceCollectionExtensions.cs,347,Microsoft.Extensions.DependencyInjection.ServiceProviderServiceExtensions,GetService,System.IServiceProvider,Extension
semantic-kernel:0001,semantic-kernel,dotnet/src/Agents/AzureAI/AzureAIAgent.cs,331,Microsoft.Extensions.Logging.LoggerExtensions,LogInformation,Microsoft.Extensions.Logging.ILogger,Extension
semantic-kernel:0002,semantic-kernel,dotnet/src/Agents/AzureAI/Extensions/AgentDefinitionExtensions.cs,126,Microsoft.Extensions.DependencyInjection.ServiceProviderServiceExtensions,GetRequiredService,System.IServiceProvider,Extension
semantic-kernel:0003,semantic-kernel,dotnet/src/Agents/AzureAI/Extensions/AgentDefinitionExtensions.cs,155,Microsoft.Extensions.DependencyInjection.ServiceProviderServiceExtensions,GetRequiredService,System.IServiceProvider,Extension
semantic-kernel:0004,semantic-kernel,dotnet/src/Agents/Bedrock/BedrockAgentChannel.cs,41,Microsoft.Extensions.Logging.LoggerExtensions,LogWarning,Microsoft.Extensions.Logging.ILogger,Extension
semantic-kernel:0005,semantic-kernel,dotnet/src/Agents/Bedrock/BedrockAgentChannel.cs,156,Microsoft.Extensions.Logging.LoggerExtensions,LogWarning,Microsoft.Extensions.Logging.ILogger,Extension
semantic-kernel:0006,semantic-kernel,dotnet/src/Agents/Bedrock/BedrockAgentChannel.cs,164,Microsoft.Extensions.Logging.LoggerExtensions,LogWarning,Microsoft.Extensions.Logging.ILogger,Extension
semantic-kernel:0007,semantic-kernel,dotnet/src/Agents/Copilot/CopilotStudioAgentThread.cs,58,Microsoft.Extensions.Logging.LoggerExtensions,LogWarning,Microsoft.Extensions.Logging.ILogger,Extension
semantic-kernel:0013,semantic-kernel,dotnet/src/Connectors/Connectors.Amazon/Bedrock/Core/Clients/BedrockChatCompletionClient.cs,85,Microsoft.Extensions.Logging.LoggerExtensions,LogError,Microsoft.Extensions.Logging.ILogger,Extension
semantic-kernel:0014,semantic-kernel,dotnet/src/Connectors/Connectors.Amazon/Bedrock/Core/Clients/BedrockChatCompletionClient.cs,180,Microsoft.Extensions.Logging.LoggerExtensions,LogError,Microsoft.Extensions.Logging.ILogger,Extension
semantic-kernel:0015,semantic-kernel,dotnet/src/Connectors/Connectors.Amazon/Bedrock/Core/Clients/BedrockTextEmbeddingGenerationClient.cs,64,Microsoft.Extensions.Logging.LoggerExtensions,LogError,Microsoft.Extensions.Logging.ILogger,Extension
semantic-kernel:0016,semantic-kernel,dotnet/src/Connectors/Connectors.Amazon/Bedrock/Core/Clients/BedrockTextEmbeddingGenerationClient.cs,96,Microsoft.Extensions.Logging.LoggerExtensions,LogError,Microsoft.Extensions.Logging.ILogger,Extension
semantic-kernel:0017,semantic-kernel,dotnet/src/Connectors/Connectors.Amazon/Bedrock/Core/Clients/BedrockTextEmbeddingGenerationClient.cs,134,Microsoft.Extensions.Logging.LoggerExtensions,LogError,Microsoft.Extensions.Logging.ILogger,Extension
semantic-kernel:0018,semantic-kernel,dotnet/src/Connectors/Connectors.Amazon/Bedrock/Core/Clients/BedrockTextGenerationClient.cs,91,Microsoft.Extensions.Logging.LoggerExtensions,LogError,Microsoft.Extensions.Logging.ILogger,Extension
semantic-kernel:0019,semantic-kernel,dotnet/src/Connectors/Connectors.Amazon/Bedrock/Core/Clients/BedrockTextGenerationClient.cs,151,Microsoft.Extensions.Logging.LoggerExtensions,LogError,Microsoft.Extensions.Logging.ILogger,Extension
semantic-kernel:0030,semantic-kernel,dotnet/src/Connectors/Connectors.AzureAIInference/Extensions/AzureAIInferenceServiceCollectionExtensions.cs,46,Microsoft.Extensions.DependencyInjection.ServiceProviderServiceExtensions,GetService,System.IServiceProvider,Extension
semantic-kernel:0031,semantic-kernel,dotnet/src/Connectors/Connectors.AzureAIInference/Extensions/AzureAIInferenceServiceCollectionExtensions.cs,49,Microsoft.Extensions.DependencyInjection.ServiceProviderServiceExtensions,GetService,System.IServiceProvider,Extension
semantic-kernel:0032,semantic-kernel,dotnet/src/Connectors/Connectors.AzureAIInference/Extensions/AzureAIInferenceServiceCollectionExtensions.cs,92,Microsoft.Extensions.DependencyInjection.ServiceProviderServiceExtensions,GetService,System.IServiceProvider,Extension
semantic-kernel:0033,semantic-kernel,dotnet/src/Connectors/Connectors.AzureAIInference/Extensions/AzureAIInferenceServiceCollectionExtensions.cs,95,Microsoft.Extensions.DependencyInjection.ServiceProviderServiceExtensions,GetService,System.IServiceProvider,Extension
semantic-kernel:0034,semantic-kernel,dotnet/src/Connectors/Connectors.AzureAIInference/Extensions/AzureAIInferenceServiceCollectionExtensions.cs,133,Microsoft.Extensions.DependencyInjection.ServiceProviderServiceExtensions,GetRequiredService,System.IServiceProvider,Extension
semantic-kernel:0035,semantic-kernel,dotnet/src/Connectors/Connectors.AzureAIInference/Extensions/AzureAIInferenceServiceCollectionExtensions.cs,135,Microsoft.Extensions.DependencyInjection.ServiceProviderServiceExtensions,GetService,System.IServiceProvider,Extension
semantic-kernel:0036,semantic-kernel,dotnet/src/Connectors/Connectors.AzureAIInference/Extensions/AzureAIInferenceServiceCollectionExtensions.DependencyInjection.cs,37,Microsoft.Extensions.DependencyInjection.ServiceProviderServiceExtensions,GetService,System.IServiceProvider,Extension
semantic-kernel:0037,semantic-kernel,dotnet/src/Connectors/Connectors.AzureAIInference/Extensions/AzureAIInferenceServiceCollectionExtensions.DependencyInjection.cs,39,Microsoft.Extensions.DependencyInjection.ServiceProviderServiceExtensions,GetService,System.IServiceProvider,Extension
semantic-kernel:0038,semantic-kernel,dotnet/src/Connectors/Connectors.AzureAIInference/Extensions/AzureAIInferenceServiceCollectionExtensions.DependencyInjection.cs,71,Microsoft.Extensions.DependencyInjection.ServiceProviderServiceExtensions,GetService,System.IServiceProvider,Extension
semantic-kernel:0039,semantic-kernel,dotnet/src/Connectors/Connectors.AzureAIInference/Extensions/AzureAIInferenceServiceCollectionExtensions.DependencyInjection.cs,74,Microsoft.Extensions.DependencyInjection.ServiceProviderServiceExtensions,GetService,System.IServiceProvider,Extension
semantic-kernel:0040,semantic-kernel,dotnet/src/Connectors/Connectors.AzureAIInference/Extensions/AzureAIInferenceServiceCollectionExtensions.DependencyInjection.cs,119,Microsoft.Extensions.DependencyInjection.ServiceProviderServiceExtensions,GetService,System.IServiceProvider,Extension
semantic-kernel:0041,semantic-kernel,dotnet/src/Connectors/Connectors.AzureAIInference/Extensions/AzureAIInferenceServiceCollectionExtensions.DependencyInjection.cs,122,Microsoft.Extensions.DependencyInjection.ServiceProviderServiceExtensions,GetService,System.IServiceProvider,Extension
semantic-kernel:0042,semantic-kernel,dotnet/src/Connectors/Connectors.AzureAIInference/Extensions/AzureAIInferenceServiceCollectionExtensions.DependencyInjection.cs,167,Microsoft.Extensions.DependencyInjection.ServiceProviderServiceExtensions,GetService,System.IServiceProvider,Extension
semantic-kernel:0043,semantic-kernel,dotnet/src/Connectors/Connectors.AzureAIInference/Extensions/AzureAIInferenceServiceCollectionExtensions.DependencyInjection.cs,170,Microsoft.Extensions.DependencyInjection.ServiceProviderServiceExtensions,GetService,System.IServiceProvider,Extension
semantic-kernel:0044,semantic-kernel,dotnet/src/Connectors/Connectors.AzureAIInference/Extensions/AzureAIInferenceServiceCollectionExtensions.DependencyInjection.cs,210,Microsoft.Extensions.DependencyInjection.ServiceProviderServiceExtensions,GetRequiredService,System.IServiceProvider,Extension
semantic-kernel:0045,semantic-kernel,dotnet/src/Connectors/Connectors.AzureAIInference/Extensions/AzureAIInferenceServiceCollectionExtensions.DependencyInjection.cs,212,Microsoft.Extensions.DependencyInjection.ServiceProviderServiceExtensions,GetService,System.IServiceProvider,Extension
semantic-kernel:0046,semantic-kernel,dotnet/src/Connectors/Connectors.AzureOpenAI/Extensions/AzureOpenAIKernelBuilderExtensions.cs,186,Microsoft.Extensions.DependencyInjection.ServiceProviderServiceExtensions,GetService,System.IServiceProvider,Extension
semantic-kernel:0047,semantic-kernel,dotnet/src/Connectors/Connectors.AzureOpenAI/Extensions/AzureOpenAIKernelBuilderExtensions.cs,228,Microsoft.Extensions.DependencyInjection.ServiceProviderServiceExtensions,GetService,System.IServiceProvider,Extension
semantic-kernel:0048,semantic-kernel,dotnet/src/Connectors/Connectors.AzureOpenAI/Extensions/AzureOpenAIKernelBuilderExtensions.cs,257,Microsoft.Extensions.DependencyInjection.ServiceProviderServiceExtensions,GetService,System.IServiceProvider,Extension
semantic-kernel:0049,semantic-kernel,dotnet/src/Connectors/Connectors.AzureOpenAI/Extensions/AzureOpenAIKernelBuilderExtensions.cs,257,Microsoft.Extensions.DependencyInjection.ServiceProviderServiceExtensions,GetRequiredService,System.IServiceProvider,Extension
semantic-kernel:0050,semantic-kernel,dotnet/src/Connectors/Connectors.AzureOpenAI/Extensions/AzureOpenAIKernelBuilderExtensions.cs,304,Microsoft.Extensions.DependencyInjection.ServiceProviderServiceExtensions,GetService,System.IServiceProvider,Extension
semantic-kernel:0051,semantic-kernel,dotnet/src/Connectors/Connectors.AzureOpenAI/Extensions/AzureOpenAIKernelBuilderExtensions.cs,347,Microsoft.Extensions.DependencyInjection.ServiceProviderServiceExtensions,GetService,System.IServiceProvider,Extension
semantic-kernel:0052,semantic-kernel,dotnet/src/Connectors/Connectors.AzureOpenAI/Extensions/AzureOpenAIKernelBuilderExtensions.cs,379,Microsoft.Extensions.DependencyInjection.ServiceProviderServiceExtensions,GetRequiredService,System.IServiceProvider,Extension
semantic-kernel:0053,semantic-kernel,dotnet/src/Connectors/Connectors.AzureOpenAI/Extensions/AzureOpenAIKernelBuilderExtensions.cs,381,Microsoft.Extensions.DependencyInjection.ServiceProviderServiceExtensions,GetService,System.IServiceProvider,Extension
semantic-kernel:0054,semantic-kernel,dotnet/src/Connectors/Connectors.AzureOpenAI/Extensions/AzureOpenAIKernelBuilderExtensions.cs,421,Microsoft.Extensions.DependencyInjection.ServiceProviderServiceExtensions,GetService,System.IServiceProvider,Extension
semantic-kernel:0055,semantic-kernel,dotnet/src/Connectors/Connectors.AzureOpenAI/Extensions/AzureOpenAIKernelBuilderExtensions.cs,595,Microsoft.Extensions.DependencyInjection.ServiceProviderServiceExtensions,GetService,System.IServiceProvider,Extension
semantic-kernel:0056,semantic-kernel,dotnet/src/Connectors/Connectors.AzureOpenAI/Extensions/AzureOpenAIKernelBuilderExtensions.cs,706,Microsoft.Extensions.DependencyInjection.ServiceProviderServiceExtensions,GetRequiredService,System.IServiceProvider,Extension
semantic-kernel:0057,semantic-kernel,dotnet/src/Connectors/Connectors.AzureOpenAI/Extensions/AzureOpenAIKernelBuilderExtensions.cs,708,Microsoft.Extensions.DependencyInjection.ServiceProviderServiceExtensions,GetService,System.IServiceProvider,Extension
semantic-kernel:0058,semantic-kernel,dotnet/src/Connectors/Connectors.AzureOpenAI/Extensions/AzureOpenAIKernelBuilderExtensions.cs,753,Microsoft.Extensions.DependencyInjection.ServiceProviderServiceExtensions,GetService,System.IServiceProvider,Extension
semantic-kernel:0059,semantic-kernel,dotnet/src/Connectors/Connectors.AzureOpenAI/Extensions/AzureOpenAIKernelBuilderExtensions.cs,797,Microsoft.Extensions.DependencyInjection.ServiceProviderServiceExtensions,GetService,System.IServiceProvider,Extension
semantic-kernel:0060,semantic-kernel,dotnet/src/Connectors/Connectors.AzureOpenAI/Extensions/AzureOpenAIKernelBuilderExtensions.cs,826,Microsoft.Extensions.DependencyInjection.ServiceProviderServiceExtensions,GetService,System.IServiceProvider,Extension
semantic-kernel:0061,semantic-kernel,dotnet/src/Connectors/Connectors.AzureOpenAI/Extensions/AzureOpenAIKernelBuilderExtensions.cs,826,Microsoft.Extensions.DependencyInjection.ServiceProviderServiceExtensions,GetRequiredService,System.IServiceProvider,Extension
semantic-kernel:0062,semantic-kernel,dotnet/src/Connectors/Connectors.AzureOpenAI/Extensions/AzureOpenAIServiceCollectionExtensions.cs,65,Microsoft.Extensions.DependencyInjection.ServiceProviderServiceExtensions,GetService,System.IServiceProvider,Extension
semantic-kernel:0063,semantic-kernel,dotnet/src/Connectors/Connectors.AzureOpenAI/Extensions/AzureOpenAIServiceCollectionExtensions.cs,108,Microsoft.Extensions.DependencyInjection.ServiceProviderServiceExtensions,GetService,System.IServiceProvider,Extension
semantic-kernel:0064,semantic-kernel,dotnet/src/Connectors/Connectors.AzureOpenAI/Extensions/AzureOpenAIServiceCollectionExtensions.cs,137,Microsoft.Extensions.DependencyInjection.ServiceProviderServiceExtensions,GetService,System.IServiceProvider,Extension
semantic-kernel:0065,semantic-kernel,dotnet/src/Connectors/Connectors.AzureOpenAI/Extensions/AzureOpenAIServiceCollectionExtensions.cs,137,Microsoft.Extensions.DependencyInjection.ServiceProviderServiceExtensions,GetRequiredService,System.IServiceProvider,Extension
semantic-kernel:0066,semantic-kernel,dotnet/src/Connectors/Connectors.AzureOpenAI/Extensions/AzureOpenAIServiceCollectionExtensions.cs,184,Microsoft.Extensions.DependencyInjection.ServiceProviderServiceExtensions,GetService,System.IServiceProvider,Extension
semantic-kernel:0067,semantic-kernel,dotnet/src/Connectors/Connectors.AzureOpenAI/Extensions/AzureOpenAIServiceCollectionExtensions.cs,225,Microsoft.Extensions.DependencyInjection.ServiceProviderServiceExtensions,GetService,System.IServiceProvider,Extension
semantic-kernel:0068,semantic-kernel,dotnet/src/Connectors/Connectors.AzureOpenAI/Extensions/AzureOpenAIServiceCollectionExtensions.cs,255,Microsoft.Extensions.DependencyInjection.ServiceProviderServiceExtensions,GetRequiredService,System.IServiceProvider,Extension
semantic-kernel:0069,semantic-kernel,dotnet/src/Connectors/Connectors.AzureOpenAI/Extensions/AzureOpenAIServiceCollectionExtensions.cs,257,Microsoft.Extensions.DependencyInjection.ServiceProviderServiceExtensions,GetService,System.IServiceProvider,Extension
semantic-kernel:0070,semantic-kernel,dotnet/src/Connectors/Connectors.AzureOpenAI/Extensions/AzureOpenAIServiceCollectionExtensions.cs,300,Microsoft.Extensions.DependencyInjection.ServiceProviderServiceExtensions,GetService,System.IServiceProvider,Extension
semantic-kernel:0071,semantic-kernel,dotnet/src/Connectors/Connectors.AzureOpenAI/Extensions/AzureOpenAIServiceCollectionExtensions.cs,342,Microsoft.Extensions.DependencyInjection.ServiceProviderServiceExtensions,GetService,System.IServiceProvider,Extension
semantic-kernel:0072,semantic-kernel,dotnet/src/Connectors/Connectors.AzureOpenAI/Extensions/AzureOpenAIServiceCollectionExtensions.cs,382,Microsoft.Extensions.DependencyInjection.ServiceProviderServiceExtensions,GetService,System.IServiceProvider,Extension
semantic-kernel:0073,semantic-kernel,dotnet/src/Connectors/Connectors.AzureOpenAI/Extensions/AzureOpenAIServiceCollectionExtensions.cs,409,Microsoft.Extensions.DependencyInjection.ServiceProviderServiceExtensions,GetRequiredService,System.IServiceProvider,Extension
semantic-kernel:0074,semantic-kernel,dotnet/src/Connectors/Connectors.AzureOpenAI/Extensions/AzureOpenAIServiceCollectionExtensions.cs,411,Microsoft.Extensions.DependencyInjection.ServiceProviderServiceExtensions,GetService,System.IServiceProvider,Extension
semantic-kernel:0075,semantic-kernel,dotnet/src/Connectors/Connectors.AzureOpenAI/Extensions/AzureOpenAIServiceCollectionExtensions.cs,451,Microsoft.Extensions.DependencyInjection.ServiceProviderServiceExtensions,GetService,System.IServiceProvider,Extension
semantic-kernel:0076,semantic-kernel,dotnet/src/Connectors/Connectors.AzureOpenAI/Extensions/AzureOpenAIServiceCollectionExtensions.cs,492,Microsoft.Extensions.DependencyInjection.ServiceProviderServiceExtensions,GetService,System.IServiceProvider,Extension
semantic-kernel:0077,semantic-kernel,dotnet/src/Connectors/Connectors.AzureOpenAI/Extensions/AzureOpenAIServiceCollectionExtensions.cs,521,Microsoft.Extensions.DependencyInjection.ServiceProviderServiceExtensions,GetService,System.IServiceProvider,Extension
semantic-kernel:0078,semantic-kernel,dotnet/src/Connectors/Connectors.AzureOpenAI/Extensions/AzureOpenAIServiceCollectionExtensions.cs,521,Microsoft.Extensions.DependencyInjection.ServiceProviderServiceExtensions,GetRequiredService,System.IServiceProvider,Extension
semantic-kernel:0079,semantic-kernel,dotnet/src/Connectors/Connectors.AzureOpenAI/Extensions/AzureOpenAIServiceCollectionExtensions.DependencyInjection.cs,56,Microsoft.Extensions.DependencyInjection.ServiceProviderServiceExtensions,GetService,System.IServiceProvider,Extension
semantic-kernel:0080,semantic-kernel,dotnet/src/Connectors/Connectors.AzureOpenAI/Extensions/AzureOpenAIServiceCollectionExtensions.DependencyInjection.cs,116,Microsoft.Extensions.DependencyInjection.ServiceProviderServiceExtensions,GetService,System.IServiceProvider,Extension
semantic-kernel:0081,semantic-kernel,dotnet/src/Connectors/Connectors.AzureOpenAI/Extensions/AzureOpenAIServiceCollectionExtensions.DependencyInjection.cs,169,Microsoft.Extensions.DependencyInjection.ServiceProviderServiceExtensions,GetService,System.IServiceProvider,Extension
semantic-kernel:0082,semantic-kernel,dotnet/src/Connectors/Connectors.AzureOpenAI/Extensions/AzureOpenAIServiceCollectionExtensions.DependencyInjection.cs,171,Microsoft.Extensions.DependencyInjection.ServiceProviderServiceExtensions,GetRequiredService,System.IServiceProvider,Extension
semantic-kernel:0083,semantic-kernel,dotnet/src/Connectors/Connectors.AzureOpenAI/Extensions/AzureOpenAIServiceCollectionExtensions.DependencyInjection.cs,229,Microsoft.Extensions.DependencyInjection.ServiceProviderServiceExtensions,GetService,System.IServiceProvider,Extension
semantic-kernel:0084,semantic-kernel,dotnet/src/Connectors/Connectors.AzureOpenAI/Extensions/AzureOpenAIServiceCollectionExtensions.DependencyInjection.cs,285,Microsoft.Extensions.DependencyInjection.ServiceProviderServiceExtensions,GetService,System.IServiceProvider,Extension
semantic-kernel:0085,semantic-kernel,dotnet/src/Connectors/Connectors.AzureOpenAI/Extensions/AzureOpenAIServiceCollectionExtensions.DependencyInjection.cs,334,Microsoft.Extensions.DependencyInjection.ServiceProviderServiceExtensions,GetService,System.IServiceProvider,Extension
semantic-kernel:0086,semantic-kernel,dotnet/src/Connectors/Connectors.AzureOpenAI/Extensions/AzureOpenAIServiceCollectionExtensions.DependencyInjection.cs,335,Microsoft.Extensions.DependencyInjection.ServiceProviderServiceExtensions,GetRequiredService,System.IServiceProvider,Extension
semantic-kernel:0088,semantic-kernel,dotnet/src/Connectors/Connectors.Google/Core/Gemini/Clients/GeminiChatCompletionClient.cs,495,Microsoft.Extensions.Logging.LoggerExtensions,LogDebug,Microsoft.Extensions.Logging.ILogger,Extension
semantic-kernel:0089,semantic-kernel,dotnet/src/Connectors/Connectors.Google/Core/Gemini/Clients/GeminiChatCompletionClient.cs,500,Microsoft.Extensions.Logging.LoggerExtensions,LogTrace,Microsoft.Extensions.Logging.ILogger,Extension
semantic-kernel:0090,semantic-kernel,dotnet/src/Connectors/Connectors.Google/Core/Gemini/Clients/GeminiChatCompletionClient.cs,521,Microsoft.Extensions.Logging.LoggerExtensions,LogDebug,Microsoft.Extensions.Logging.ILogger,Extension
semantic-kernel:0091,semantic-kernel,dotnet/src/Connectors/Connectors.Google/Core/Gemini/Clients/GeminiChatCompletionClient.cs,542,Microsoft.Extensions.Logging.LoggerExtensions,LogDebug,Microsoft.Extensions.Logging.ILogger,Extension
semantic-kernel:0092,semantic-kernel,dotnet/src/Connectors/Connectors.Google/Core/Gemini/Clients/GeminiChatCompletionClient.cs,559,Microsoft.Extensions.Logging.LoggerExtensions,LogDebug,Microsoft.Extensions.Logging.ILogger,Extension
semantic-kernel:0093,semantic-kernel,dotnet/src/Connectors/Connectors.Google/Core/Gemini/Clients/GeminiChatCompletionClient.cs,725,Microsoft.Extensions.Logging.LoggerExtensions,LogDebug,Microsoft.Extensions.Logging.ILogger,Extension
semantic-kernel:0095,semantic-kernel,dotnet/src/Connectors/Connectors.Google/Core/Gemini/Clients/GeminiChatCompletionClient.cs,824,Microsoft.Extensions.Logging.LoggerExtensions,LogInformation,Microsoft.Extensions.Logging.ILogger,Extension
semantic-kernel:0096,semantic-kernel,dotnet/src/Connectors/Connectors.Google/Extensions/GoogleAIKernelBuilderExtensions.cs,48,Microsoft.Extensions.DependencyInjection.ServiceProviderServiceExtensions,GetService,System.IServiceProvider,Extension
semantic-kernel:0097,semantic-kernel,dotnet/src/Connectors/Connectors.Google/Extensions/GoogleAIKernelBuilderExtensions.cs,83,Microsoft.Extensions.DependencyInjection.ServiceProviderServiceExtensions,GetService,System.IServiceProvider,Extension
semantic-kernel:0098,semantic-kernel,dotnet/src/Connectors/Connectors.Google/Extensions/GoogleAIServiceCollectionExtensions.cs,44,Microsoft.Extensions.DependencyInjection.ServiceProviderServiceExtensions,GetService,System.IServiceProvider,Extension
semantic-kernel:0099,semantic-kernel,dotnet/src/Connectors/Connectors.Google/Extensions/GoogleAIServiceCollectionExtensions.cs,77,Microsoft.Extensions.DependencyInjection.ServiceProviderServiceExtensions,GetService,System.IServiceProvider,Extension
semantic-kernel:0100,semantic-kernel,dotnet/src/Connectors/Connectors.Google/Extensions/GoogleAIServiceCollectionExtensions.DependencyInjection.cs,50,Microsoft.Extensions.DependencyInjection.ServiceProviderServiceExtensions,GetService,System.IServiceProvider,Extension
semantic-kernel:0101,semantic-kernel,dotnet/src/Connectors/Connectors.Google/Extensions/VertexAIKernelBuilderExtensions.cs,62,Microsoft.Extensions.DependencyInjection.ServiceProviderServiceExtensions,GetService,System.IServiceProvider,Extension
semantic-kernel:0102,semantic-kernel,dotnet/src/Connectors/Connectors.Google/Extensions/VertexAIKernelBuilderExtensions.cs,102,Microsoft.Extensions.DependencyInjection.ServiceProviderServiceExtensions,GetService,System.IServiceProvider,Extension
semantic-kernel:0103,semantic-kernel,dotnet/src/Connectors/Connectors.Google/Extensions/VertexAIKernelBuilderExtensions.cs,148,Microsoft.Extensions.DependencyInjection.ServiceProviderServiceExtensions,GetService,System.IServiceProvider,Extension
semantic-kernel:0104,semantic-kernel,dotnet/src/Connectors/Connectors.Google/Extensions/VertexAIKernelBuilderExtensions.cs,189,Microsoft.Extensions.DependencyInjection.ServiceProviderServiceExtensions,GetService,System.IServiceProvider,Extension
semantic-kernel:0105,semantic-kernel,dotnet/src/Connectors/Connectors.Google/Extensions/VertexAIServiceCollectionExtensions.cs,58,Microsoft.Extensions.DependencyInjection.ServiceProviderServiceExtensions,GetService,System.IServiceProvider,Extension
semantic-kernel:0106,semantic-kernel,dotnet/src/Connectors/Connectors.Google/Extensions/VertexAIServiceCollectionExtensions.cs,96,Microsoft.Extensions.DependencyInjection.ServiceProviderServiceExtensions,GetService,System.IServiceProvider,Extension
semantic-kernel:0107,semantic-kernel,dotnet/src/Connectors/Connectors.Google/Extensions/VertexAIServiceCollectionExtensions.cs,140,Microsoft.Extensions.DependencyInjection.ServiceProviderServiceExtensions,GetService,System.IServiceProvider,Extension
semantic-kernel:0108,semantic-kernel,dotnet/src/Connectors/Connectors.Google/Extensions/VertexAIServiceCollectionExtensions.cs,178,Microsoft.Extensions.DependencyInjection.ServiceProviderServiceExtensions,GetService,System.IServiceProvider,Extension
semantic-kernel:0109,semantic-kernel,dotnet/src/Connectors/Connectors.Google/Extensions/VertexAIServiceCollectionExtensions.DependencyInjection.cs,60,Microsoft.Extensions.DependencyInjection.ServiceProviderServiceExtensions,GetService,System.IServiceProvider,Extension
semantic-kernel:0110,semantic-kernel,dotnet/src/Connectors/Connectors.Google/Extensions/VertexAIServiceCollectionExtensions.DependencyInjection.cs,99,Microsoft.Extensions.DependencyInjection.ServiceProviderServiceExtensions,GetService,System.IServiceProvider,Extension
semantic-kernel:0111,semantic-kernel,dotnet/src/Connectors/Connectors.HuggingFace/Core/HuggingFaceClient.cs,268,Microsoft.Extensions.Logging.LoggerExtensions,LogDebug,Microsoft.Extensions.Logging.ILogger,Extension
semantic-kernel:0112,semantic-kernel,dotnet/src/Connectors/Connectors.HuggingFace/Core/HuggingFaceMessageApiClient.cs,182,Microsoft.Extensions.Logging.LoggerExtensions,LogDebug,Microsoft.Extensions.Logging.ILogger,Extension
semantic-kernel:0113,semantic-kernel,dotnet/src/Connectors/Connectors.HuggingFace/Core/HuggingFaceMessageApiClient.cs,188,Microsoft.Extensions.Logging.LoggerExtensions,LogInformation,Microsoft.Extensions.Logging.ILogger,Extension
semantic-kernel:0114,semantic-kernel,dotnet/src/Connectors/Connectors.HuggingFace/Core/HuggingFaceMessageApiClient.cs,284,Microsoft.Extensions.Logging.LoggerExtensions,LogTrace,Microsoft.Extensions.Logging.ILogger,Extension
semantic-kernel:0115,semantic-kernel,dotnet/src/Connectors/Connectors.HuggingFace/HuggingFaceServiceCollectionExtensions.cs,47,Microsoft.Extensions.DependencyInjection.ServiceProviderServiceExtensions,GetService,System.IServiceProvider,Extension
semantic-kernel:0116,semantic-kernel,dotnet/src/Connectors/Connectors.HuggingFace/HuggingFaceServiceCollectionExtensions.cs,73,Microsoft.Extensions.DependencyInjection.ServiceProviderServiceExtensions,GetService,System.IServiceProvider,Extension
semantic-kernel:0117,semantic-kernel,dotnet/src/Connectors/Connectors.HuggingFace/HuggingFaceServiceCollectionExtensions.cs,102,Microsoft.Extensions.DependencyInjection.ServiceProviderServiceExtensions,GetService,System.IServiceProvider,Extension
semantic-kernel:0118,semantic-kernel,dotnet/src/Connectors/Connectors.HuggingFace/HuggingFaceServiceCollectionExtensions.cs,129,Microsoft.Extensions.DependencyInjection.ServiceProviderServiceExtensions,GetService,System.IServiceProvider,Extension
semantic-kernel:0119,semantic-kernel,dotnet/src/Connectors/Connectors.HuggingFace/HuggingFaceServiceCollectionExtensions.cs,160,Microsoft.Extensions.DependencyInjection.ServiceProviderServiceExtensions,GetService,System.IServiceProvider,Extension
semantic-kernel:0120,semantic-kernel,dotnet/src/Connectors/Connectors.HuggingFace/HuggingFaceServiceCollectionExtensions.cs,188,Microsoft.Extensions.DependencyInjection.ServiceProviderServiceExtensions,GetService,System.IServiceProvider,Extension
semantic-kernel:0121,semantic-kernel,dotnet/src/Connectors/Connectors.HuggingFace/HuggingFaceServiceCollectionExtensions.cs,218,Microsoft.Extensions.DependencyInjection.ServiceProviderServiceExtensions,GetService,System.IServiceProvider,Extension
semantic-kernel:0122,semantic-kernel,dotnet/src/Connectors/Connectors.HuggingFace/HuggingFaceServiceCollectionExtensions.cs,244,Microsoft.Extensions.DependencyInjection.ServiceProviderServiceExtensions,GetService,System.IServiceProvider,Extension
semantic-kernel:0123,semantic-kernel,dotnet/src/Connectors/Connectors.HuggingFace/HuggingFaceServiceCollectionExtensions.DependencyInjection.cs,44,Microsoft.Extensions.DependencyInjection.ServiceProviderServiceExtensions,GetService,System.IServiceProvider,Extension
semantic-kernel:0124,semantic-kernel,dotnet/src/Connectors/Connectors.HuggingFace/HuggingFaceServiceCollectionExtensions.DependencyInjection.cs,71,Microsoft.Extensions.DependencyInjection.ServiceProviderServiceExtensions,GetService,System.IServiceProvider,Extension
semantic-kernel:0125,semantic-kernel,dotnet/src/Connectors/Connectors.HuggingFace/Services/HuggingFaceEmbeddingGenerator.cs,99,System.Net.Http.HttpMessageInvoker,Dispose,System.Net.Http.HttpClient,NonVirtual
semantic-kernel:0126,semantic-kernel,dotnet/src/Connectors/Connectors.MistralAI/Client/MistralClient.cs,128,Microsoft.Extensions.Logging.LoggerExtensions,LogDebug,Microsoft.Extensions.Logging.ILogger,Extension
semantic-kernel:0127,semantic-kernel,dotnet/src/Connectors/Connectors.MistralAI/Client/MistralClient.cs,132,Microsoft.Extensions.Logging.LoggerExtensions,LogTrace,Microsoft.Extensions.Logging.ILogger,Extension
semantic-kernel:0128,semantic-kernel,dotnet/src/Connectors/Connectors.MistralAI/Client/MistralClient.cs,226,Microsoft.Extensions.Logging.LoggerExtensions,LogDebug,Microsoft.Extensions.Logging.ILogger,Extension
semantic-kernel:0129,semantic-kernel,dotnet/src/Connectors/Connectors.MistralAI/Client/MistralClient.cs,245,Microsoft.Extensions.Logging.LoggerExtensions,LogDebug,Microsoft.Extensions.Logging.ILogger,Extension
semantic-kernel:0130,semantic-kernel,dotnet/src/Connectors/Connectors.MistralAI/Client/MistralClient.cs,261,Microsoft.Extensions.Logging.LoggerExtensions,LogDebug,Microsoft.Extensions.Logging.ILogger,Extension
semantic-kernel:0131,semantic-kernel,dotnet/src/Connectors/Connectors.MistralAI/Client/MistralClient.cs,364,Microsoft.Extensions.Logging.LoggerExtensions,LogTrace,Microsoft.Extensions.Logging.ILogger,Extension
semantic-kernel:0132,semantic-kernel,dotnet/src/Connectors/Connectors.MistralAI/Client/MistralClient.cs,368,Microsoft.Extensions.Logging.LoggerExtensions,LogDebug,Microsoft.Extensions.Logging.ILogger,Extension
semantic-kernel:0133,semantic-kernel,dotnet/src/Connectors/Connectors.MistralAI/Client/MistralClient.cs,457,Microsoft.Extensions.Logging.LoggerExtensions,LogDebug,Microsoft.Extensions.Logging.ILogger,Extension
semantic-kernel:0134,semantic-kernel,dotnet/src/Connectors/Connectors.MistralAI/Client/MistralClient.cs,479,Microsoft.Extensions.Logging.LoggerExtensions,LogDebug,Microsoft.Extensions.Logging.ILogger,Extension
semantic-kernel:0135,semantic-kernel,dotnet/src/Connectors/Connectors.MistralAI/Client/MistralClient.cs,495,Microsoft.Extensions.Logging.LoggerExtensions,LogDebug,Microsoft.Extensions.Logging.ILogger,Extension
semantic-kernel:0136,semantic-kernel,dotnet/src/Connectors/Connectors.MistralAI/Client/MistralClient.cs,643,Microsoft.Extensions.Logging.LoggerExtensions,LogDebug,Microsoft.Extensions.Logging.ILogger,Extension
semantic-kernel:0137,semantic-kernel,dotnet/src/Connectors/Connectors.MistralAI/Client/MistralClient.cs,649,Microsoft.Extensions.Logging.LoggerExtensions,LogInformation,Microsoft.Extensions.Logging.ILogger,Extension
semantic-kernel:0138,semantic-kernel,dotnet/src/Connectors/Connectors.MistralAI/Client/MistralClient.cs,683,Microsoft.Extensions.Logging.LoggerExtensions,LogTrace,Microsoft.Extensions.Logging.ILogger,Extension
semantic-kernel:0139,semantic-kernel,dotnet/src/Connectors/Connectors.MistralAI/Client/MistralClient.cs,953,Microsoft.Extensions.Logging.LoggerExtensions,LogDebug,Microsoft.Extensions.Logging.ILogger,Extension
semantic-kernel:0140,semantic-kernel,dotnet/src/Connectors/Connectors.MistralAI/Client/MistralClient.cs,977,Microsoft.Extensions.Logging.LoggerExtensions,LogDebug,Microsoft.Extensions.Logging.ILogger,Extension
semantic-kernel:0141,semantic-kernel,dotnet/src/Connectors/Connectors.MistralAI/Extensions/MistralAIServiceCollectionExtensions.cs,43,Microsoft.Extensions.DependencyInjection.ServiceProviderServiceExtensions,GetService,System.IServiceProvider,Extension
semantic-kernel:0142,semantic-kernel,dotnet/src/Connectors/Connectors.MistralAI/Extensions/MistralAIServiceCollectionExtensions.cs,56,Microsoft.Extensions.DependencyInjection.ServiceProviderServiceExtensions,GetService,System.IServiceProvider,Extension
semantic-kernel:0143,semantic-kernel,dotnet/src/Connectors/Connectors.MistralAI/Extensions/MistralAIServiceCollectionExtensions.DependencyInjection.cs,48,Microsoft.Extensions.DependencyInjection.ServiceProviderServiceExtensions,GetService,System.IServiceProvider,Extension
semantic-kernel:0144,semantic-kernel,dotnet/src/Connectors/Connectors.Ollama/Extensions/OllamaServiceCollectionExtensions.cs,45,Microsoft.Extensions.DependencyInjection.ServiceProviderServiceExtensions,GetService,System.IServiceProvider,Extension
semantic-kernel:0145,semantic-kernel,dotnet/src/Connectors/Connectors.Ollama/Extensions/OllamaServiceCollectionExtensions.cs,70,Microsoft.Extensions.DependencyInjection.ServiceProviderServiceExtensions,GetService,System.IServiceProvider,Extension
semantic-kernel:0146,semantic-kernel,dotnet/src/Connectors/Connectors.Ollama/Extensions/OllamaServiceCollectionExtensions.cs,92,Microsoft.Extensions.DependencyInjection.ServiceProviderServiceExtensions,GetService,System.IServiceProvider,Extension
semantic-kernel:0147,semantic-kernel,dotnet/src/Connectors/Connectors.Ollama/Extensions/OllamaServiceCollectionExtensions.cs,117,Microsoft.Extensions.DependencyInjection.ServiceProviderServiceExtensions,GetService,System.IServiceProvider,Extension
semantic-kernel:0148,semantic-kernel,dotnet/src/Connectors/Connectors.Ollama/Extensions/OllamaServiceCollectionExtensions.cs,120,Microsoft.Extensions.DependencyInjection.ServiceProviderServiceExtensions,GetService,System.IServiceProvider,Extension
semantic-kernel:0149,semantic-kernel,dotnet/src/Connectors/Connectors.Ollama/Extensions/OllamaServiceCollectionExtensions.cs,121,Microsoft.Extensions.DependencyInjection.ServiceProviderServiceExtensions,GetRequiredService,System.IServiceProvider,Extension
semantic-kernel:0150,semantic-kernel,dotnet/src/Connectors/Connectors.Ollama/Extensions/OllamaServiceCollectionExtensions.cs,156,Microsoft.Extensions.DependencyInjection.ServiceProviderServiceExtensions,GetService,System.IServiceProvider,Extension
semantic-kernel:0151,semantic-kernel,dotnet/src/Connectors/Connectors.Ollama/Extensions/OllamaServiceCollectionExtensions.cs,193,Microsoft.Extensions.DependencyInjection.ServiceProviderServiceExtensions,GetService,System.IServiceProvider,Extension
semantic-kernel:0152,semantic-kernel,dotnet/src/Connectors/Connectors.Ollama/Extensions/OllamaServiceCollectionExtensions.cs,226,Microsoft.Extensions.DependencyInjection.ServiceProviderServiceExtensions,GetService,System.IServiceProvider,Extension
semantic-kernel:0153,semantic-kernel,dotnet/src/Connectors/Connectors.Ollama/Extensions/OllamaServiceCollectionExtensions.cs,229,Microsoft.Extensions.DependencyInjection.ServiceProviderServiceExtensions,GetService,System.IServiceProvider,Extension
semantic-kernel:0154,semantic-kernel,dotnet/src/Connectors/Connectors.Ollama/Extensions/OllamaServiceCollectionExtensions.cs,230,Microsoft.Extensions.DependencyInjection.ServiceProviderServiceExtensions,GetRequiredService,System.IServiceProvider,Extension
semantic-kernel:0155,semantic-kernel,dotnet/src/Connectors/Connectors.Ollama/Extensions/OllamaServiceCollectionExtensions.cs,273,Microsoft.Extensions.DependencyInjection.ServiceProviderServiceExtensions,GetService,System.IServiceProvider,Extension
semantic-kernel:0156,semantic-kernel,dotnet/src/Connectors/Connectors.Ollama/Extensions/OllamaServiceCollectionExtensions.cs,308,Microsoft.Extensions.DependencyInjection.ServiceProviderServiceExtensions,GetService,System.IServiceProvider,Extension
semantic-kernel:0157,semantic-kernel,dotnet/src/Connectors/Connectors.Ollama/Extensions/OllamaServiceCollectionExtensions.cs,341,Microsoft.Extensions.DependencyInjection.ServiceProviderServiceExtensions,GetService,System.IServiceProvider,Extension
semantic-kernel:0158,semantic-kernel,dotnet/src/Connectors/Connectors.Ollama/Extensions/OllamaServiceCollectionExtensions.cs,344,Microsoft.Extensions.DependencyInjection.ServiceProviderServiceExtensions,GetService,System.IServiceProvider,Extension
semantic-kernel:0159,semantic-kernel,dotnet/src/Connectors/Connectors.Ollama/Extensions/OllamaServiceCollectionExtensions.cs,345,Microsoft.Extensions.DependencyInjection.ServiceProviderServiceExtensions,GetRequiredService,System.IServiceProvider,Extension
semantic-kernel:0160,semantic-kernel,dotnet/src/Connectors/Connectors.Ollama/Extensions/OllamaServiceCollectionExtensions.DependencyInjection.cs,38,Microsoft.Extensions.DependencyInjection.ServiceProviderServiceExtensions,GetService,System.IServiceProvider,Extension
semantic-kernel:0161,semantic-kernel,dotnet/src/Connectors/Connectors.Ollama/Extensions/OllamaServiceCollectionExtensions.DependencyInjection.cs,74,Microsoft.Extensions.DependencyInjection.ServiceProviderServiceExtensions,GetService,System.IServiceProvider,Extension
semantic-kernel:0162,semantic-kernel,dotnet/src/Connectors/Connectors.Ollama/Extensions/OllamaServiceCollectionExtensions.DependencyInjection.cs,106,Microsoft.Extensions.DependencyInjection.ServiceProviderServiceExtensions,GetService,System.IServiceProvider,Extension
semantic-kernel:0163,semantic-kernel,dotnet/src/Connectors/Connectors.Ollama/Extensions/OllamaServiceCollectionExtensions.DependencyInjection.cs,109,Microsoft.Extensions.DependencyInjection.ServiceProviderServiceExtensions,GetService,System.IServiceProvider,Extension
semantic-kernel:0164,semantic-kernel,dotnet/src/Connectors/Connectors.Ollama/Extensions/OllamaServiceCollectionExtensions.DependencyInjection.cs,110,Microsoft.Extensions.DependencyInjection.ServiceProviderServiceExtensions,GetRequiredService,System.IServiceProvider,Extension
semantic-kernel:0165,semantic-kernel,dotnet/src/Connectors/Connectors.Ollama/Extensions/OllamaServiceCollectionExtensions.DependencyInjection.cs,151,Microsoft.Extensions.DependencyInjection.ServiceProviderServiceExtensions,GetService,System.IServiceProvider,Extension
semantic-kernel:0166,semantic-kernel,dotnet/src/Connectors/Connectors.Ollama/Extensions/OllamaServiceCollectionExtensions.DependencyInjection.cs,185,Microsoft.Extensions.DependencyInjection.ServiceProviderServiceExtensions,GetService,System.IServiceProvider,Extension
semantic-kernel:0167,semantic-kernel,dotnet/src/Connectors/Connectors.Ollama/Extensions/OllamaServiceCollectionExtensions.DependencyInjection.cs,217,Microsoft.Extensions.DependencyInjection.ServiceProviderServiceExtensions,GetService,System.IServiceProvider,Extension
semantic-kernel:0168,semantic-kernel,dotnet/src/Connectors/Connectors.Ollama/Extensions/OllamaServiceCollectionExtensions.DependencyInjection.cs,220,Microsoft.Extensions.DependencyInjection.ServiceProviderServiceExtensions,GetService,System.IServiceProvider,Extension
semantic-kernel:0169,semantic-kernel,dotnet/src/Connectors/Connectors.Ollama/Extensions/OllamaServiceCollectionExtensions.DependencyInjection.cs,221,Microsoft.Extensions.DependencyInjection.ServiceProviderServiceExtensions,GetRequiredService,System.IServiceProvider,Extension
semantic-kernel:0170,semantic-kernel,dotnet/src/Connectors/Connectors.Onnx/BertOnnxTextEmbeddingGenerationService.cs,232,Microsoft.Extensions.Logging.LoggerExtensions,LogTrace,Microsoft.Extensions.Logging.ILogger,Extension
semantic-kernel:0171,semantic-kernel,dotnet/src/Connectors/Connectors.Onnx/OnnxServiceCollectionExtensions.cs,44,Microsoft.Extensions.DependencyInjection.ServiceProviderServiceExtensions,GetService,System.IServiceProvider,Extension
semantic-kernel:0172,semantic-kernel,dotnet/src/Connectors/Connectors.Onnx/OnnxServiceCollectionExtensions.cs,78,Microsoft.Extensions.DependencyInjection.ServiceProviderServiceExtensions,GetService,System.IServiceProvider,Extension
semantic-kernel:0173,semantic-kernel,dotnet/src/Connectors/Connectors.Onnx/OnnxServiceCollectionExtensions.DependencyInjection.cs,85,Microsoft.Extensions.DependencyInjection.ServiceProviderServiceExtensions,GetService,System.IServiceProvider,Extension
semantic-kernel:0174,semantic-kernel,dotnet/src/Connectors/Connectors.Onnx/OnnxServiceCollectionExtensions.DependencyInjection.cs,130,Microsoft.Extensions.DependencyInjection.ServiceProviderServiceExtensions,GetService,System.IServiceProvider,Extension
semantic-kernel:0175,semantic-kernel,dotnet/src/Connectors/Connectors.OpenAI/Core/ClientCore.ChatCompletion.cs,149,Microsoft.Extensions.Logging.LoggerExtensions,LogTrace,Microsoft.Extensions.Logging.ILogger,Extension
semantic-kernel:0176,semantic-kernel,dotnet/src/Connectors/Connectors.OpenAI/Core/ClientCore.ChatCompletion.cs,238,Microsoft.Extensions.Logging.LoggerExtensions,LogTrace,Microsoft.Extensions.Logging.ILogger,Extension
semantic-kernel:0177,semantic-kernel,dotnet/src/Connectors/Connectors.OpenAI/Core/ClientCore.ChatCompletion.cs,1222,Microsoft.Extensions.Logging.LoggerExtensions,LogDebug,Microsoft.Extensions.Logging.ILogger,Extension
semantic-kernel:0178,semantic-kernel,dotnet/src/Connectors/Connectors.OpenAI/Core/ClientCore.ChatCompletion.cs,1274,Microsoft.Extensions.Logging.LoggerExtensions,LogDebug,Microsoft.Extensions.Logging.ILogger,Extension
semantic-kernel:0179,semantic-kernel,dotnet/src/Connectors/Connectors.OpenAI/Core/ClientCore.ChatCompletion.cs,1305,Microsoft.Extensions.Logging.LoggerExtensions,LogDebug,Microsoft.Extensions.Logging.ILogger,Extension
semantic-kernel:0180,semantic-kernel,dotnet/src/Connectors/Connectors.OpenAI/Core/ClientCore.cs,173,Microsoft.Extensions.Logging.LoggerExtensions,LogInformation,Microsoft.Extensions.Logging.ILogger,Extension
semantic-kernel:0181,semantic-kernel,dotnet/src/Connectors/Connectors.OpenAI/Extensions/OpenAIKernelBuilderExtensions.cs,61,Microsoft.Extensions.DependencyInjection.ServiceProviderServiceExtensions,GetService,System.IServiceProvider,Extension
semantic-kernel:0182,semantic-kernel,dotnet/src/Connectors/Connectors.OpenAI/Extensions/OpenAIKernelBuilderExtensions.cs,91,Microsoft.Extensions.DependencyInjection.ServiceProviderServiceExtensions,GetRequiredService,System.IServiceProvider,Extension
semantic-kernel:0183,semantic-kernel,dotnet/src/Connectors/Connectors.OpenAI/Extensions/OpenAIKernelBuilderExtensions.cs,92,Microsoft.Extensions.DependencyInjection.ServiceProviderServiceExtensions,GetService,System.IServiceProvider,Extension
semantic-kernel:0184,semantic-kernel,dotnet/src/Connectors/Connectors.OpenAI/Extensions/OpenAIKernelBuilderExtensions.cs,193,Microsoft.Extensions.DependencyInjection.ServiceProviderServiceExtensions,GetService,System.IServiceProvider,Extension
semantic-kernel:0185,semantic-kernel,dotnet/src/Connectors/Connectors.OpenAI/Extensions/OpenAIKernelBuilderExtensions.cs,230,Microsoft.Extensions.DependencyInjection.ServiceProviderServiceExtensions,GetService,System.IServiceProvider,Extension
semantic-kernel:0186,semantic-kernel,dotnet/src/Connectors/Connectors.OpenAI/Extensions/OpenAIKernelBuilderExtensions.cs,266,Microsoft.Extensions.DependencyInjection.ServiceProviderServiceExtensions,GetService,System.IServiceProvider,Extension
semantic-kernel:0187,semantic-kernel,dotnet/src/Connectors/Connectors.OpenAI/Extensions/OpenAIKernelBuilderExtensions.cs,292,Microsoft.Extensions.DependencyInjection.ServiceProviderServiceExtensions,GetService,System.IServiceProvider,Extension
semantic-kernel:0188,semantic-kernel,dotnet/src/Connectors/Connectors.OpenAI/Extensions/OpenAIKernelBuilderExtensions.cs,292,Microsoft.Extensions.DependencyInjection.ServiceProviderServiceExtensions,GetRequiredService,System.IServiceProvider,Extension
semantic-kernel:0189,semantic-kernel,dotnet/src/Connectors/Connectors.OpenAI/Extensions/OpenAIKernelBuilderExtensions.cs,366,Microsoft.Extensions.DependencyInjection.ServiceProviderServiceExtensions,GetService,System.IServiceProvider,Extension
semantic-kernel:0190,semantic-kernel,dotnet/src/Connectors/Connectors.OpenAI/Extensions/OpenAIKernelBuilderExtensions.cs,392,Microsoft.Extensions.DependencyInjection.ServiceProviderServiceExtensions,GetService,System.IServiceProvider,Extension
semantic-kernel:0191,semantic-kernel,dotnet/src/Connectors/Connectors.OpenAI/Extensions/OpenAIKernelBuilderExtensions.cs,392,Microsoft.Extensions.DependencyInjection.ServiceProviderServiceExtensions,GetRequiredService,System.IServiceProvider,Extension
semantic-kernel:0192,semantic-kernel,dotnet/src/Connectors/Connectors.OpenAI/Extensions/OpenAIKernelBuilderExtensions.cs,429,Microsoft.Extensions.DependencyInjection.ServiceProviderServiceExtensions,GetService,System.IServiceProvider,Extension
semantic-kernel:0193,semantic-kernel,dotnet/src/Connectors/Connectors.OpenAI/Extensions/OpenAIServiceCollectionExtensions.cs,57,Microsoft.Extensions.DependencyInjection.ServiceProviderServiceExtensions,GetService,System.IServiceProvider,Extension
semantic-kernel:0194,semantic-kernel,dotnet/src/Connectors/Connectors.OpenAI/Extensions/OpenAIServiceCollectionExtensions.cs,84,Microsoft.Extensions.DependencyInjection.ServiceProviderServiceExtensions,GetRequiredService,System.IServiceProvider,Extension
semantic-kernel:0195,semantic-kernel,dotnet/src/Connectors/Connectors.OpenAI/Extensions/OpenAIServiceCollectionExtensions.cs,85,Microsoft.Extensions.DependencyInjection.ServiceProviderServiceExtensions,GetService,System.IServiceProvider,Extension
semantic-kernel:0196,semantic-kernel,dotnet/src/Connectors/Connectors.OpenAI/Extensions/OpenAIServiceCollectionExtensions.cs,116,Microsoft.Extensions.DependencyInjection.ServiceProviderServiceExtensions,GetService,System.IServiceProvider,Extension
semantic-kernel:0197,semantic-kernel,dotnet/src/Connectors/Connectors.OpenAI/Extensions/OpenAIServiceCollectionExtensions.cs,149,Microsoft.Extensions.DependencyInjection.ServiceProviderServiceExtensions,GetService,System.IServiceProvider,Extension
semantic-kernel:0198,semantic-kernel,dotnet/src/Connectors/Connectors.OpenAI/Extensions/OpenAIServiceCollectionExtensions.cs,182,Microsoft.Extensions.DependencyInjection.ServiceProviderServiceExtensions,GetService,System.IServiceProvider,Extension
semantic-kernel:0199,semantic-kernel,dotnet/src/Connectors/Connectors.OpenAI/Extensions/OpenAIServiceCollectionExtensions.cs,208,Microsoft.Extensions.DependencyInjection.ServiceProviderServiceExtensions,GetService,System.IServiceProvider,Extension
semantic-kernel:0200,semantic-kernel,dotnet/src/Connectors/Connectors.OpenAI/Extensions/OpenAIServiceCollectionExtensions.cs,208,Microsoft.Extensions.DependencyInjection.ServiceProviderServiceExtensions,GetRequiredService,System.IServiceProvider,Extension
semantic-kernel:0201,semantic-kernel,dotnet/src/Connectors/Connectors.OpenAI/Extensions/OpenAIServiceCollectionExtensions.cs,277,Microsoft.Extensions.DependencyInjection.ServiceProviderServiceExtensions,GetService,System.IServiceProvider,Extension
semantic-kernel:0202,semantic-kernel,dotnet/src/Connectors/Connectors.OpenAI/Extensions/OpenAIServiceCollectionExtensions.cs,302,Microsoft.Extensions.DependencyInjection.ServiceProviderServiceExtensions,GetService,System.IServiceProvider,Extension
semantic-kernel:0203,semantic-kernel,dotnet/src/Connectors/Connectors.OpenAI/Extensions/OpenAIServiceCollectionExtensions.cs,302,Microsoft.Extensions.DependencyInjection.ServiceProviderServiceExtensions,GetRequiredService,System.IServiceProvider,Extension
semantic-kernel:0204,semantic-kernel,dotnet/src/Connectors/Connectors.OpenAI/Extensions/OpenAIServiceCollectionExtensions.cs,337,Microsoft.Extensions.DependencyInjection.ServiceProviderServiceExtensions,GetService,System.IServiceProvider,Extension
semantic-kernel:0205,semantic-kernel,dotnet/src/Connectors/Connectors.OpenAI/Extensions/OpenAIServiceCollectionExtensions.DependencyInjection.cs,54,Microsoft.Extensions.DependencyInjection.ServiceProviderServiceExtensions,GetService,System.IServiceProvider,Extension
semantic-kernel:0206,semantic-kernel,dotnet/src/Connectors/Connectors.OpenAI/Extensions/OpenAIServiceCollectionExtensions.DependencyInjection.cs,102,Microsoft.Extensions.DependencyInjection.ServiceProviderServiceExtensions,GetService,System.IServiceProvider,Extension
semantic-kernel:0207,semantic-kernel,dotnet/src/Connectors/Connectors.OpenAI/Extensions/OpenAIServiceCollectionExtensions.DependencyInjection.cs,104,Microsoft.Extensions.DependencyInjection.ServiceProviderServiceExtensions,GetRequiredService,System.IServiceProvider,Extension
semantic-kernel:0208,semantic-kernel,dotnet/src/Connectors/Connectors.OpenAI/Extensions/OpenAIServiceCollectionExtensions.DependencyInjection.cs,152,Microsoft.Extensions.DependencyInjection.ServiceProviderServiceExtensions,GetService,System.IServiceProvider,Extension
semantic-kernel:0209,semantic-kernel,dotnet/src/Connectors/Connectors.OpenAI/Extensions/OpenAIServiceCollectionExtensions.DependencyInjection.cs,236,Microsoft.Extensions.DependencyInjection.ServiceProviderServiceExtensions,GetService,System.IServiceProvider,Extension
semantic-kernel:0210,semantic-kernel,dotnet/src/Connectors/Connectors.OpenAI/Extensions/OpenAIServiceCollectionExtensions.DependencyInjection.cs,282,Microsoft.Extensions.DependencyInjection.ServiceProviderServiceExtensions,GetService,System.IServiceProvider,Extension
semantic-kernel:0211,semantic-kernel,dotnet/src/Connectors/Connectors.OpenAI/Extensions/OpenAIServiceCollectionExtensions.DependencyInjection.cs,284,Microsoft.Extensions.DependencyInjection.ServiceProviderServiceExtensions,GetRequiredService,System.IServiceProvider,Extension
semantic-kernel:0212,semantic-kernel,dotnet/src/Experimental/Orchestration.Flow/Execution/FlowExecutor.cs,171,Microsoft.Extensions.Logging.LoggerExtensions,LogInformation,Microsoft.Extensions.Logging.ILogger,Extension
semantic-kernel:0213,semantic-kernel,dotnet/src/Experimental/Orchestration.Flow/Execution/FlowExecutor.cs,215,Microsoft.Extensions.Logging.LoggerExtensions,LogWarning,Microsoft.Extensions.Logging.ILogger,Extension
semantic-kernel:0214,semantic-kernel,dotnet/src/Experimental/Orchestration.Flow/Execution/FlowExecutor.cs,232,Microsoft.Extensions.Logging.LoggerExtensions,LogInformation,Microsoft.Extensions.Logging.ILogger,Extension
semantic-kernel:0215,semantic-kernel,dotnet/src/Experimental/Orchestration.Flow/Execution/FlowExecutor.cs,247,Microsoft.Extensions.Logging.LoggerExtensions,LogInformation,Microsoft.Extensions.Logging.ILogger,Extension
semantic-kernel:0216,semantic-kernel,dotnet/src/Experimental/Orchestration.Flow/Execution/FlowExecutor.cs,257,Microsoft.Extensions.Logging.LoggerExtensions,LogInformation,Microsoft.Extensions.Logging.ILogger,Extension
semantic-kernel:0217,semantic-kernel,dotnet/src/Experimental/Orchestration.Flow/Execution/FlowExecutor.cs,326,Microsoft.Extensions.Logging.LoggerExtensions,LogInformation,Microsoft.Extensions.Logging.ILogger,Extension
semantic-kernel:0218,semantic-kernel,dotnet/src/Experimental/Orchestration.Flow/Execution/FlowExecutor.cs,335,Microsoft.Extensions.Logging.LoggerExtensions,LogInformation,Microsoft.Extensions.Logging.ILogger,Extension
semantic-kernel:0219,semantic-kernel,dotnet/src/Experimental/Orchestration.Flow/Execution/FlowExecutor.cs,377,Microsoft.Extensions.Logging.LoggerExtensions,LogInformation,Microsoft.Extensions.Logging.ILogger,Extension
semantic-kernel:0220,semantic-kernel,dotnet/src/Experimental/Orchestration.Flow/Execution/FlowExecutor.cs,390,Microsoft.Extensions.Logging.LoggerExtensions,LogWarning,Microsoft.Extensions.Logging.ILogger,Extension
semantic-kernel:0221,semantic-kernel,dotnet/src/Experimental/Orchestration.Flow/Execution/FlowExecutor.cs,399,Microsoft.Extensions.Logging.LoggerExtensions,LogInformation,Microsoft.Extensions.Logging.ILogger,Extension
semantic-kernel:0222,semantic-kernel,dotnet/src/Experimental/Orchestration.Flow/Execution/FlowExecutor.cs,418,Microsoft.Extensions.Logging.LoggerExtensions,LogInformation,Microsoft.Extensions.Logging.ILogger,Extension
semantic-kernel:0223,semantic-kernel,dotnet/src/Experimental/Orchestration.Flow/Execution/FlowExecutor.cs,428,Microsoft.Extensions.Logging.LoggerExtensions,LogInformation,Microsoft.Extensions.Logging.ILogger,Extension
semantic-kernel:0224,semantic-kernel,dotnet/src/Experimental/Orchestration.Flow/Execution/FlowExecutor.cs,448,Microsoft.Extensions.Logging.LoggerExtensions,LogInformation,Microsoft.Extensions.Logging.ILogger,Extension
semantic-kernel:0225,semantic-kernel,dotnet/src/Experimental/Orchestration.Flow/Execution/FlowExecutor.cs,534,Microsoft.Extensions.Logging.LoggerExtensions,LogInformation,Microsoft.Extensions.Logging.ILogger,Extension
semantic-kernel:0226,semantic-kernel,dotnet/src/Experimental/Orchestration.Flow/Execution/FlowExecutor.cs,543,Microsoft.Extensions.Logging.LoggerExtensions,LogInformation,Microsoft.Extensions.Logging.ILogger,Extension
semantic-kernel:0227,semantic-kernel,dotnet/src/Experimental/Orchestration.Flow/Execution/FlowExecutor.cs,575,Microsoft.Extensions.Logging.LoggerExtensions,LogWarning,Microsoft.Extensions.Logging.ILogger,Extension
semantic-kernel:0228,semantic-kernel,dotnet/src/Experimental/Orchestration.Flow/Execution/FlowExecutor.cs,630,Microsoft.Extensions.Logging.LoggerExtensions,LogWarning,Microsoft.Extensions.Logging.ILogger,Extension
semantic-kernel:0229,semantic-kernel,dotnet/src/Experimental/Orchestration.Flow/Execution/FlowExecutor.cs,638,Microsoft.Extensions.Logging.LoggerExtensions,LogInformation,Microsoft.Extensions.Logging.ILogger,Extension
semantic-kernel:0230,semantic-kernel,dotnet/src/Experimental/Orchestration.Flow/Execution/FlowExecutor.cs,734,Microsoft.Extensions.Logging.LoggerExtensions,LogWarning,Microsoft.Extensions.Logging.ILogger,Extension
semantic-kernel:0231,semantic-kernel,dotnet/src/Experimental/Orchestration.Flow/Execution/FlowExecutor.cs,741,Microsoft.Extensions.Logging.LoggerExtensions,LogInformation,Microsoft.Extensions.Logging.ILogger,Extension
semantic-kernel:0232,semantic-kernel,dotnet/src/Experimental/Orchestration.Flow/Execution/FlowExecutor.cs,774,Microsoft.Extensions.Logging.LoggerExtensions,LogWarning,Microsoft.Extensions.Logging.ILogger,Extension
semantic-kernel:0233,semantic-kernel,dotnet/src/Experimental/Orchestration.Flow/Execution/FlowExecutor.cs,779,Microsoft.Extensions.Logging.LoggerExtensions,LogWarning,Microsoft.Extensions.Logging.ILogger,Extension
semantic-kernel:0234,semantic-kernel,dotnet/src/Experimental/Orchestration.Flow/Execution/ReActEngine.cs,131,Microsoft.Extensions.Logging.LoggerExtensions,LogDebug,Microsoft.Extensions.Logging.ILogger,Extension
semantic-kernel:0235,semantic-kernel,dotnet/src/Experimental/Orchestration.Flow/Execution/ReActEngine.cs,146,Microsoft.Extensions.Logging.LoggerExtensions,LogInformation,Microsoft.Extensions.Logging.ILogger,Extension
semantic-kernel:0236,semantic-kernel,dotnet/src/Experimental/Orchestration.Flow/Execution/ReActEngine.cs,147,Microsoft.Extensions.Logging.LoggerExtensions,LogInformation,Microsoft.Extensions.Logging.ILogger,Extension
semantic-kernel:0237,semantic-kernel,dotnet/src/Experimental/Orchestration.Flow/Execution/ReActEngine.cs,148,Microsoft.Extensions.Logging.LoggerExtensions,LogInformation,Microsoft.Extensions.Logging.ILogger,Extension
semantic-kernel:0238,semantic-kernel,dotnet/src/Experimental/Orchestration.Flow/Execution/ReActEngine.cs,157,Microsoft.Extensions.Logging.LoggerExtensions,LogDebug,Microsoft.Extensions.Logging.ILogger,Extension
semantic-kernel:0239,semantic-kernel,dotnet/src/Experimental/Orchestration.Flow/Execution/ReActEngine.cs,169,Microsoft.Extensions.Logging.LoggerExtensions,LogWarning,Microsoft.Extensions.Logging.ILogger,Extension
semantic-kernel:0240,semantic-kernel,dotnet/src/Experimental/Orchestration.Flow/Execution/ReActEngine.cs,170,Microsoft.Extensions.Logging.LoggerExtensions,LogWarning,Microsoft.Extensions.Logging.ILogger,Extension
semantic-kernel:0241,semantic-kernel,dotnet/src/Experimental/Orchestration.Flow/Execution/ReActEngine.cs,183,Microsoft.Extensions.Logging.LoggerExtensions,LogInformation,Microsoft.Extensions.Logging.ILogger,Extension
semantic-kernel:0242,semantic-kernel,dotnet/src/Experimental/Orchestration.Flow/Execution/ReActEngine.cs,212,Microsoft.Extensions.Logging.LoggerExtensions,LogDebug,Microsoft.Extensions.Logging.ILogger,Extension
semantic-kernel:0243,semantic-kernel,dotnet/src/Experimental/Orchestration.Flow/Execution/ReActEngine.cs,219,Microsoft.Extensions.Logging.LoggerExtensions,LogError,Microsoft.Extensions.Logging.ILogger,Extension
semantic-kernel:0244,semantic-kernel,dotnet/src/Experimental/Orchestration.Flow/Execution/ReActEngine.cs,260,Microsoft.Extensions.Logging.LoggerExtensions,LogDebug,Microsoft.Extensions.Logging.ILogger,Extension
semantic-kernel:0245,semantic-kernel,dotnet/src/Experimental/Process.LocalRuntime/LocalAgentStep.cs,82,Microsoft.Extensions.Logging.LoggerExtensions,LogError,Microsoft.Extensions.Logging.ILogger,Extension
semantic-kernel:0246,semantic-kernel,dotnet/src/Experimental/Process.LocalRuntime/LocalProcess.cs,384,Microsoft.Extensions.Logging.LoggerExtensions,LogError,Microsoft.Extensions.Logging.ILogger,Extension
semantic-kernel:0247,semantic-kernel,dotnet/src/Experimental/Process.LocalRuntime/LocalProxy.cs,49,Microsoft.Extensions.Logging.LoggerExtensions,LogWarning,Microsoft.Extensions.Logging.ILogger,Extension
semantic-kernel:0248,semantic-kernel,dotnet/src/Experimental/Process.LocalRuntime/LocalStep.cs,150,Microsoft.Extensions.Logging.LoggerExtensions,LogWarning,Microsoft.Extensions.Logging.ILogger,Extension
semantic-kernel:0249,semantic-kernel,dotnet/src/Experimental/Process.LocalRuntime/LocalStep.cs,189,Microsoft.Extensions.Logging.LoggerExtensions,LogDebug,Microsoft.Extensions.Logging.ILogger,Extension
semantic-kernel:0250,semantic-kernel,dotnet/src/Experimental/Process.LocalRuntime/LocalStep.cs,193,Microsoft.Extensions.Logging.LoggerExtensions,LogDebug,Microsoft.Extensions.Logging.ILogger,Extension
semantic-kernel:0251,semantic-kernel,dotnet/src/Experimental/Process.LocalRuntime/LocalStep.cs,219,Microsoft.Extensions.Logging.LoggerExtensions,LogDebug,Microsoft.Extensions.Logging.ILogger,Extension
semantic-kernel:0252,semantic-kernel,dotnet/src/Experimental/Process.LocalRuntime/LocalStep.cs,227,Microsoft.Extensions.Logging.LoggerExtensions,LogDebug,Microsoft.Extensions.Logging.ILogger,Extension
semantic-kernel:0253,semantic-kernel,dotnet/src/Experimental/Process.LocalRuntime/LocalStep.cs,254,Microsoft.Extensions.Logging.LoggerExtensions,LogError,Microsoft.Extensions.Logging.ILogger,Extension
semantic-kernel:0254,semantic-kernel,dotnet/src/Experimental/Process.LocalRuntime/LocalStep.cs,329,Microsoft.Extensions.Logging.LoggerExtensions,LogInformation,Microsoft.Extensions.Logging.ILogger,Extension
semantic-kernel:0255,semantic-kernel,dotnet/src/Experimental/Process.Runtime.Dapr/Actors/ProcessActor.cs,348,Microsoft.Extensions.Logging.LoggerExtensions,LogError,Microsoft.Extensions.Logging.ILogger,Extension
semantic-kernel:0256,semantic-kernel,dotnet/src/Experimental/Process.Runtime.Dapr/Actors/ProxyActor.cs,48,Microsoft.Extensions.Logging.LoggerExtensions,LogWarning,Microsoft.Extensions.Logging.ILogger,Extension
semantic-kernel:0257,semantic-kernel,dotnet/src/Experimental/Process.Runtime.Dapr/Actors/StepActor.cs,228,Microsoft.Extensions.Logging.LoggerExtensions,LogWarning,Microsoft.Extensions.Logging.ILogger,Extension
semantic-kernel:0258,semantic-kernel,dotnet/src/Experimental/Process.Runtime.Dapr/Actors/StepActor.cs,267,Microsoft.Extensions.Logging.LoggerExtensions,LogDebug,Microsoft.Extensions.Logging.ILogger,Extension
semantic-kernel:0259,semantic-kernel,dotnet/src/Experimental/Process.Runtime.Dapr/Actors/StepActor.cs,279,Microsoft.Extensions.Logging.LoggerExtensions,LogInformation,Microsoft.Extensions.Logging.ILogger,Extension
semantic-kernel:0260,semantic-kernel,dotnet/src/Experimental/Process.Runtime.Dapr/Actors/StepActor.cs,287,Microsoft.Extensions.Logging.LoggerExtensions,LogInformation,Microsoft.Extensions.Logging.ILogger,Extension
semantic-kernel:0261,semantic-kernel,dotnet/src/Experimental/Process.Runtime.Dapr/Actors/StepActor.cs,300,Microsoft.Extensions.Logging.LoggerExtensions,LogInformation,Microsoft.Extensions.Logging.ILogger,Extension
semantic-kernel:0262,semantic-kernel,dotnet/src/Experimental/Process.Runtime.Dapr/Actors/StepActor.cs,319,Microsoft.Extensions.Logging.LoggerExtensions,LogError,Microsoft.Extensions.Logging.ILogger,Extension
semantic-kernel:0263,semantic-kernel,dotnet/src/Functions/Functions.Grpc/Extensions/GrpcKernelExtensions.cs,105,Microsoft.Extensions.Logging.LoggerExtensions,LogTrace,Microsoft.Extensions.Logging.ILogger,Extension
semantic-kernel:0264,semantic-kernel,dotnet/src/Functions/Functions.Grpc/Extensions/GrpcKernelExtensions.cs,133,Microsoft.Extensions.Logging.LoggerExtensions,LogTrace,Microsoft.Extensions.Logging.ILogger,Extension
semantic-kernel:0265,semantic-kernel,dotnet/src/Functions/Functions.Grpc/Extensions/GrpcKernelExtensions.cs,165,Microsoft.Extensions.DependencyInjection.ServiceProviderServiceExtensions,GetService,System.IServiceProvider,Extension
semantic-kernel:0266,semantic-kernel,dotnet/src/Functions/Functions.Grpc/Extensions/GrpcKernelExtensions.cs,174,Microsoft.Extensions.Logging.LoggerExtensions,LogTrace,Microsoft.Extensions.Logging.ILogger,Extension
semantic-kernel:0267,semantic-kernel,dotnet/src/Functions/Functions.Grpc/Extensions/GrpcKernelExtensions.cs,180,Microsoft.Extensions.Logging.LoggerExtensions,LogWarning,Microsoft.Extensions.Logging.ILogger,Extension
semantic-kernel:0268,semantic-kernel,dotnet/src/Functions/Functions.Grpc/Extensions/GrpcKernelExtensions.cs,210,Microsoft.Extensions.Logging.LoggerExtensions,LogWarning,Microsoft.Extensions.Logging.ILogger,Extension
semantic-kernel:0269,semantic-kernel,dotnet/src/Functions/Functions.OpenApi.Extensions/Extensions/ApiManifestKernelExtensions.cs,106,Microsoft.Extensions.DependencyInjection.ServiceProviderServiceExtensions,GetService,System.IServiceProvider,Extension
semantic-kernel:0270,semantic-kernel,dotnet/src/Functions/Functions.OpenApi.Extensions/Extensions/ApiManifestKernelExtensions.cs,190,Microsoft.Extensions.DependencyInjection.ServiceProviderServiceExtensions,GetService,System.IServiceProvider,Extension
semantic-kernel:0271,semantic-kernel,dotnet/src/Functions/Functions.OpenApi.Extensions/Extensions/ApiManifestKernelExtensions.cs,203,Microsoft.Extensions.Logging.LoggerExtensions,LogWarning,Microsoft.Extensions.Logging.ILogger,Extension
semantic-kernel:0272,semantic-kernel,dotnet/src/Functions/Functions.OpenApi.Extensions/Extensions/ApiManifestKernelExtensions.cs,215,Microsoft.Extensions.Logging.LoggerExtensions,LogTrace,Microsoft.Extensions.Logging.ILogger,Extension
semantic-kernel:0273,semantic-kernel,dotnet/src/Functions/Functions.OpenApi.Extensions/Extensions/ApiManifestKernelExtensions.cs,221,Microsoft.Extensions.Logging.LoggerExtensions,LogWarning,Microsoft.Extensions.Logging.ILogger,Extension
semantic-kernel:0274,semantic-kernel,dotnet/src/Functions/Functions.OpenApi.Extensions/Extensions/CopilotAgentPluginKernelExtensions.cs,68,Microsoft.Extensions.DependencyInjection.ServiceProviderServiceExtensions,GetService,System.IServiceProvider,Extension
semantic-kernel:0275,semantic-kernel,dotnet/src/Functions/Functions.OpenApi.Extensions/Extensions/CopilotAgentPluginKernelExtensions.cs,106,Microsoft.Extensions.Logging.LoggerExtensions,LogWarning,Microsoft.Extensions.Logging.ILogger,Extension
semantic-kernel:0276,semantic-kernel,dotnet/src/Functions/Functions.OpenApi.Extensions/Extensions/CopilotAgentPluginKernelExtensions.cs,114,Microsoft.Extensions.Logging.LoggerExtensions,LogWarning,Microsoft.Extensions.Logging.ILogger,Extension
semantic-kernel:0277,semantic-kernel,dotnet/src/Functions/Functions.OpenApi.Extensions/Extensions/CopilotAgentPluginKernelExtensions.cs,148,Microsoft.Extensions.Logging.LoggerExtensions,LogWarning,Microsoft.Extensions.Logging.ILogger,Extension
semantic-kernel:0278,semantic-kernel,dotnet/src/Functions/Functions.OpenApi.Extensions/Extensions/CopilotAgentPluginKernelExtensions.cs,161,Microsoft.Extensions.DependencyInjection.ServiceProviderServiceExtensions,GetService,System.IServiceProvider,Extension
semantic-kernel:0279,semantic-kernel,dotnet/src/Functions/Functions.OpenApi.Extensions/Extensions/CopilotAgentPluginKernelExtensions.cs,211,Microsoft.Extensions.Logging.LoggerExtensions,LogTrace,Microsoft.Extensions.Logging.ILogger,Extension
semantic-kernel:0280,semantic-kernel,dotnet/src/Functions/Functions.OpenApi.Extensions/Extensions/CopilotAgentPluginKernelExtensions.cs,218,Microsoft.Extensions.Logging.LoggerExtensions,LogWarning,Microsoft.Extensions.Logging.ILogger,Extension
semantic-kernel:0281,semantic-kernel,dotnet/src/Functions/Functions.OpenApi.Extensions/Extensions/DeclarativeAgentExtensions.cs,79,Microsoft.Extensions.Logging.LoggerExtensions,LogWarning,Microsoft.Extensions.Logging.ILogger,Extension
semantic-kernel:0282,semantic-kernel,dotnet/src/Functions/Functions.OpenApi/DocumentLoader.cs,58,Microsoft.Extensions.Logging.LoggerExtensions,LogTrace,Microsoft.Extensions.Logging.ILogger,Extension
semantic-kernel:0283,semantic-kernel,dotnet/src/Functions/Functions.OpenApi/DocumentLoader.cs,72,Microsoft.Extensions.Logging.LoggerExtensions,LogTrace,Microsoft.Extensions.Logging.ILogger,Extension
semantic-kernel:0284,semantic-kernel,dotnet/src/Functions/Functions.OpenApi/DocumentLoader.cs,87,Microsoft.Extensions.Logging.LoggerExtensions,LogError,Microsoft.Extensions.Logging.ILogger,Extension
semantic-kernel:0285,semantic-kernel,dotnet/src/Functions/Functions.OpenApi/DocumentLoader.cs,98,Microsoft.Extensions.Logging.LoggerExtensions,LogTrace,Microsoft.Extensions.Logging.ILogger,Extension
semantic-kernel:0286,semantic-kernel,dotnet/src/Functions/Functions.OpenApi/Extensions/OpenApiKernelExtensions.cs,123,Microsoft.Extensions.DependencyInjection.ServiceProviderServiceExtensions,GetService,System.IServiceProvider,Extension
semantic-kernel:0287,semantic-kernel,dotnet/src/Functions/Functions.OpenApi/Extensions/OpenApiKernelExtensions.cs,162,Microsoft.Extensions.DependencyInjection.ServiceProviderServiceExtensions,GetService,System.IServiceProvider,Extension
semantic-kernel:0288,semantic-kernel,dotnet/src/Functions/Functions.OpenApi/Extensions/OpenApiKernelExtensions.cs,205,Microsoft.Extensions.DependencyInjection.ServiceProviderServiceExtensions,GetService,System.IServiceProvider,Extension
semantic-kernel:0289,semantic-kernel,dotnet/src/Functions/Functions.OpenApi/Extensions/OpenApiKernelExtensions.cs,239,Microsoft.Extensions.DependencyInjection.ServiceProviderServiceExtensions,GetService,System.IServiceProvider,Extension
semantic-kernel:0290,semantic-kernel,dotnet/src/Functions/Functions.OpenApi/OpenApi/OpenApiDocumentParser.cs,238,Microsoft.Extensions.Logging.LoggerExtensions,LogError,Microsoft.Extensions.Logging.ILogger,Extension
semantic-kernel:0291,semantic-kernel,dotnet/src/Functions/Functions.OpenApi/OpenApi/OpenApiDocumentParser.cs,399,Microsoft.Extensions.Logging.LoggerExtensions,LogWarning,Microsoft.Extensions.Logging.ILogger,Extension
semantic-kernel:0292,semantic-kernel,dotnet/src/Functions/Functions.OpenApi/OpenApiKernelPluginFactory.cs,225,Microsoft.Extensions.Logging.LoggerExtensions,LogTrace,Microsoft.Extensions.Logging.ILogger,Extension
semantic-kernel:0293,semantic-kernel,dotnet/src/Functions/Functions.OpenApi/OpenApiKernelPluginFactory.cs,231,Microsoft.Extensions.Logging.LoggerExtensions,LogWarning,Microsoft.Extensions.Logging.ILogger,Extension
semantic-kernel:0294,semantic-kernel,dotnet/src/Functions/Functions.OpenApi/OpenApiKernelPluginFactory.cs,288,Microsoft.Extensions.Logging.LoggerExtensions,LogError,Microsoft.Extensions.Logging.ILogger,Extension
semantic-kernel:0295,semantic-kernel,dotnet/src/Functions/Functions.OpenApi/OpenApiKernelPluginFactory.cs,402,Microsoft.Extensions.Logging.LoggerExtensions,LogInformation,Microsoft.Extensions.Logging.ILogger,Extension
semantic-kernel:0296,semantic-kernel,dotnet/src/Functions/Functions.OpenApi/OpenApiKernelPluginFactory.cs,439,Microsoft.Extensions.Logging.LoggerExtensions,LogInformation,Microsoft.Extensions.Logging.ILogger,Extension
semantic-kernel:0297,semantic-kernel,dotnet/src/Functions/Functions.Yaml/PromptYamlKernelExtensions.cs,93,Microsoft.Extensions.DependencyInjection.ServiceProviderServiceExtensions,GetService,System.IServiceProvider,Extension
semantic-kernel:0298,semantic-kernel,dotnet/src/Functions/Functions.Yaml/PromptYamlKernelExtensions.cs,107,Microsoft.Extensions.Logging.LoggerExtensions,LogTrace,Microsoft.Extensions.Logging.ILogger,Extension
semantic-kernel:0299,semantic-kernel,dotnet/src/InternalUtilities/process/Abstractions/ExceptionExtensions.cs,11,Microsoft.Extensions.Logging.LoggerExtensions,LogError,Microsoft.Extensions.Logging.ILogger,Extension
semantic-kernel:0300,semantic-kernel,dotnet/src/InternalUtilities/process/Runtime/AgentThreadFactory.cs,42,Microsoft.Extensions.DependencyInjection.ServiceProviderServiceExtensions,GetService,System.IServiceProvider,Extension
semantic-kernel:0305,semantic-kernel,dotnet/src/Plugins/Plugins.Core/CodeInterpreter/SessionsPythonPlugin.cs,94,Microsoft.Extensions.Logging.LoggerExtensions,LogTrace,Microsoft.Extensions.Logging.ILogger,Extension
semantic-kernel:0306,semantic-kernel,dotnet/src/Plugins/Plugins.Core/CodeInterpreter/SessionsPythonPlugin.cs,125,Microsoft.Extensions.Logging.LoggerExtensions,LogInformation,Microsoft.Extensions.Logging.ILogger,Extension
semantic-kernel:0307,semantic-kernel,dotnet/src/Plugins/Plugins.Core/CodeInterpreter/SessionsPythonPlugin.cs,158,Microsoft.Extensions.Logging.LoggerExtensions,LogTrace,Microsoft.Extensions.Logging.ILogger,Extension
semantic-kernel:0308,semantic-kernel,dotnet/src/Plugins/Plugins.Core/CodeInterpreter/SessionsPythonPlugin.cs,189,Microsoft.Extensions.Logging.LoggerExtensions,LogTrace,Microsoft.Extensions.Logging.ILogger,Extension
semantic-kernel:0313,semantic-kernel,dotnet/src/Plugins/Plugins.Memory/TextMemoryPlugin.cs,87,Microsoft.Extensions.Logging.LoggerExtensions,LogDebug,Microsoft.Extensions.Logging.ILogger,Extension
semantic-kernel:0314,semantic-kernel,dotnet/src/Plugins/Plugins.Memory/TextMemoryPlugin.cs,119,Microsoft.Extensions.Logging.LoggerExtensions,LogDebug,Microsoft.Extensions.Logging.ILogger,Extension
semantic-kernel:0315,semantic-kernel,dotnet/src/Plugins/Plugins.Memory/TextMemoryPlugin.cs,132,Microsoft.Extensions.Logging.LoggerExtensions,LogWarning,Microsoft.Extensions.Logging.ILogger,Extension
semantic-kernel:0316,semantic-kernel,dotnet/src/Plugins/Plugins.Memory/TextMemoryPlugin.cs,159,Microsoft.Extensions.Logging.LoggerExtensions,LogDebug,Microsoft.Extensions.Logging.ILogger,Extension
semantic-kernel:0317,semantic-kernel,dotnet/src/Plugins/Plugins.Memory/TextMemoryPlugin.cs,182,Microsoft.Extensions.Logging.LoggerExtensions,LogDebug,Microsoft.Extensions.Logging.ILogger,Extension
semantic-kernel:0319,semantic-kernel,dotnet/src/Plugins/Plugins.MsGraph/CalendarPlugin.cs,90,Microsoft.Extensions.Logging.LoggerExtensions,LogDebug,Microsoft.Extensions.Logging.ILogger,Extension
semantic-kernel:0321,semantic-kernel,dotnet/src/Plugins/Plugins.MsGraph/CloudDrivePlugin.cs,51,Microsoft.Extensions.Logging.LoggerExtensions,LogDebug,Microsoft.Extensions.Logging.ILogger,Extension
semantic-kernel:0324,semantic-kernel,dotnet/src/Plugins/Plugins.MsGraph/Connectors/Client/MsGraphClientLoggingHandler.cs,91,Microsoft.Extensions.Logging.LoggerExtensions,LogDebug,Microsoft.Extensions.Logging.ILogger,Extension
semantic-kernel:0326,semantic-kernel,dotnet/src/Plugins/Plugins.MsGraph/EmailPlugin.cs,89,Microsoft.Extensions.Logging.LoggerExtensions,LogDebug,Microsoft.Extensions.Logging.ILogger,Extension
semantic-kernel:0328,semantic-kernel,dotnet/src/Plugins/Plugins.MsGraph/TaskListPlugin.cs,100,Microsoft.Extensions.Logging.LoggerExtensions,LogWarning,Microsoft.Extensions.Logging.ILogger,Extension
semantic-kernel:0329,semantic-kernel,dotnet/src/Plugins/Plugins.Web/Bing/BingConnector.cs,67,Microsoft.Extensions.Logging.LoggerExtensions,LogDebug,Microsoft.Extensions.Logging.ILogger,Extension
semantic-kernel:0330,semantic-kernel,dotnet/src/Plugins/Plugins.Web/Bing/BingConnector.cs,71,Microsoft.Extensions.Logging.LoggerExtensions,LogDebug,Microsoft.Extensions.Logging.ILogger,Extension
semantic-kernel:0331,semantic-kernel,dotnet/src/Plugins/Plugins.Web/Bing/BingConnector.cs,76,Microsoft.Extensions.Logging.LoggerExtensions,LogTrace,Microsoft.Extensions.Logging.ILogger,Extension
semantic-kernel:0332,semantic-kernel,dotnet/src/Plugins/Plugins.Web/Bing/BingTextSearch.cs,105,Microsoft.Extensions.Logging.LoggerExtensions,LogDebug,Microsoft.Extensions.Logging.ILogger,Extension
semantic-kernel:0333,semantic-kernel,dotnet/src/Plugins/Plugins.Web/Bing/BingTextSearch.cs,110,Microsoft.Extensions.Logging.LoggerExtensions,LogTrace,Microsoft.Extensions.Logging.ILogger,Extension
semantic-kernel:0334,semantic-kernel,dotnet/src/Plugins/Plugins.Web/Brave/BraveConnector.cs,74,Microsoft.Extensions.Logging.LoggerExtensions,LogDebug,Microsoft.Extensions.Logging.ILogger,Extension
semantic-kernel:0335,semantic-kernel,dotnet/src/Plugins/Plugins.Web/Brave/BraveConnector.cs,78,Microsoft.Extensions.Logging.LoggerExtensions,LogDebug,Microsoft.Extensions.Logging.ILogger,Extension
semantic-kernel:0336,semantic-kernel,dotnet/src/Plugins/Plugins.Web/Brave/BraveConnector.cs,83,Microsoft.Extensions.Logging.LoggerExtensions,LogTrace,Microsoft.Extensions.Logging.ILogger,Extension
semantic-kernel:0337,semantic-kernel,dotnet/src/Plugins/Plugins.Web/Brave/BraveTextSearch.cs,119,Microsoft.Extensions.Logging.LoggerExtensions,LogDebug,Microsoft.Extensions.Logging.ILogger,Extension
semantic-kernel:0338,semantic-kernel,dotnet/src/Plugins/Plugins.Web/Brave/BraveTextSearch.cs,124,Microsoft.Extensions.Logging.LoggerExtensions,LogTrace,Microsoft.Extensions.Logging.ILogger,Extension
semantic-kernel:0339,semantic-kernel,dotnet/src/Plugins/Plugins.Web/Tavily/TavilyTextSearch.cs,111,Microsoft.Extensions.Logging.LoggerExtensions,LogDebug,Microsoft.Extensions.Logging.ILogger,Extension
semantic-kernel:0340,semantic-kernel,dotnet/src/Plugins/Plugins.Web/Tavily/TavilyTextSearch.cs,116,Microsoft.Extensions.Logging.LoggerExtensions,LogTrace,Microsoft.Extensions.Logging.ILogger,Extension
semantic-kernel:0341,semantic-kernel,dotnet/src/Plugins/Plugins.Web/WebFileDownloadPlugin.cs,89,Microsoft.Extensions.Logging.LoggerExtensions,LogDebug,Microsoft.Extensions.Logging.ILogger,Extension
semantic-kernel:0342,semantic-kernel,dotnet/src/Plugins/Plugins.Web/WebFileDownloadPlugin.cs,90,Microsoft.Extensions.Logging.LoggerExtensions,LogDebug,Microsoft.Extensions.Logging.ILogger,Extension
semantic-kernel:0343,semantic-kernel,dotnet/src/Plugins/Plugins.Web/WebFileDownloadPlugin.cs,113,Microsoft.Extensions.Logging.LoggerExtensions,LogDebug,Microsoft.Extensions.Logging.ILogger,Extension
semantic-kernel:0344,semantic-kernel,dotnet/src/Plugins/Plugins.Web/WebServiceCollectionExtensions.cs,36,Microsoft.Extensions.DependencyInjection.ServiceProviderServiceExtensions,GetService,System.IServiceProvider,Extension
semantic-kernel:0345,semantic-kernel,dotnet/src/Plugins/Plugins.Web/WebServiceCollectionExtensions.cs,61,Microsoft.Extensions.DependencyInjection.ServiceProviderServiceExtensions,GetService,System.IServiceProvider,Extension
semantic-kernel:0346,semantic-kernel,dotnet/src/Plugins/Plugins.Web/WebServiceCollectionExtensions.cs,90,Microsoft.Extensions.DependencyInjection.ServiceProviderServiceExtensions,GetService,System.IServiceProvider,Extension
semantic-kernel:0347,semantic-kernel,dotnet/src/Plugins/Plugins.Web/WebServiceCollectionExtensions.cs,117,Microsoft.Extensions.DependencyInjection.ServiceProviderServiceExtensions,GetService,System.IServiceProvider,Extension
semantic-kernel:0348,semantic-kernel,dotnet/src/SemanticKernel.Abstractions/Kernel.cs,64,Microsoft.Extensions.DependencyInjection.ServiceProviderServiceExtensions,GetService,System.IServiceProvider,Extension
semantic-kernel:0349,semantic-kernel,dotnet/src/SemanticKernel.Abstractions/Kernel.cs,69,Microsoft.Extensions.DependencyInjection.ServiceProviderServiceExtensions,GetServices,System.IServiceProvider,Extension
semantic-kernel:0350,semantic-kernel,dotnet/src/SemanticKernel.Abstractions/Kernel.cs,184,Microsoft.Extensions.DependencyInjection.ServiceProviderServiceExtensions,GetService,System.IServiceProvider,Extension
semantic-kernel:0351,semantic-kernel,dotnet/src/SemanticKernel.Abstractions/Kernel.cs,192,Microsoft.Extensions.DependencyInjection.ServiceProviderServiceExtensions,GetService,System.IServiceProvider,Extension
semantic-kernel:0352,semantic-kernel,dotnet/src/SemanticKernel.Abstractions/Kernel.cs,230,Microsoft.Extensions.DependencyInjection.ServiceProviderServiceExtensions,GetService,System.IServiceProvider,Extension
semantic-kernel:0353,semantic-kernel,dotnet/src/SemanticKernel.Abstractions/Kernel.cs,275,Microsoft.Extensions.DependencyInjection.ServiceProviderServiceExtensions,GetServices,System.IServiceProvider,Extension
semantic-kernel:0354,semantic-kernel,dotnet/src/SemanticKernel.Abstractions/Kernel.cs,285,Microsoft.Extensions.DependencyInjection.ServiceProviderServiceExtensions,GetServices,System.IServiceProvider,Extension
semantic-kernel:0355,semantic-kernel,dotnet/src/SemanticKernel.Abstractions/Kernel.cs,293,Microsoft.Extensions.DependencyInjection.ServiceProviderServiceExtensions,GetServices,System.IServiceProvider,Extension
semantic-kernel:0356,semantic-kernel,dotnet/src/SemanticKernel.Abstractions/Kernel.cs,301,Microsoft.Extensions.DependencyInjection.ServiceProviderServiceExtensions,GetServices,System.IServiceProvider,Extension
semantic-kernel:0357,semantic-kernel,dotnet/src/SemanticKernel.Abstractions/Memory/AggregateAIContextProvider.cs,51,Microsoft.Extensions.DependencyInjection.ServiceProviderServiceExtensions,GetServices,System.IServiceProvider,Extension
semantic-kernel:0358,semantic-kernel,dotnet/src/SemanticKernel.Abstractions/Services/OrderedAIServiceSelector.cs,104,Microsoft.Extensions.DependencyInjection.ServiceProviderServiceExtensions,GetService,System.IServiceProvider,Extension
semantic-kernel:0359,semantic-kernel,dotnet/src/SemanticKernel.Core/Data/TextSearch/TextSearchServiceCollectionExtensions.cs,38,Microsoft.Extensions.DependencyInjection.ServiceProviderServiceExtensions,GetService,System.IServiceProvider,Extension
semantic-kernel:0360,semantic-kernel,dotnet/src/SemanticKernel.Core/Data/TextSearch/TextSearchServiceCollectionExtensions.cs,39,Microsoft.Extensions.DependencyInjection.ServiceProviderServiceExtensions,GetService,System.IServiceProvider,Extension
semantic-kernel:0361,semantic-kernel,dotnet/src/SemanticKernel.Core/Data/TextSearch/TextSearchServiceCollectionExtensions.cs,40,Microsoft.Extensions.DependencyInjection.ServiceProviderServiceExtensions,GetService,System.IServiceProvider,Extension
semantic-kernel:0362,semantic-kernel,dotnet/src/SemanticKernel.Core/Data/TextSearch/TextSearchServiceCollectionExtensions.cs,42,Microsoft.Extensions.DependencyInjection.ServiceProviderServiceExtensions,GetService,System.IServiceProvider,Extension
semantic-kernel:0363,semantic-kernel,dotnet/src/SemanticKernel.Core/Data/TextSearch/TextSearchServiceCollectionExtensions.cs,76,Microsoft.Extensions.DependencyInjection.ServiceProviderServiceExtensions,GetService,System.IServiceProvider,Extension
semantic-kernel:0364,semantic-kernel,dotnet/src/SemanticKernel.Core/Data/TextSearch/TextSearchServiceCollectionExtensions.cs,77,Microsoft.Extensions.DependencyInjection.ServiceProviderServiceExtensions,GetService,System.IServiceProvider,Extension
semantic-kernel:0365,semantic-kernel,dotnet/src/SemanticKernel.Core/Data/TextSearch/TextSearchServiceCollectionExtensions.cs,78,Microsoft.Extensions.DependencyInjection.ServiceProviderServiceExtensions,GetService,System.IServiceProvider,Extension
semantic-kernel:0366,semantic-kernel,dotnet/src/SemanticKernel.Core/Data/TextSearch/TextSearchServiceCollectionExtensions.cs,123,Microsoft.Extensions.DependencyInjection.ServiceProviderServiceExtensions,GetService,System.IServiceProvider,Extension
semantic-kernel:0367,semantic-kernel,dotnet/src/SemanticKernel.Core/Data/TextSearch/TextSearchServiceCollectionExtensions.cs,124,Microsoft.Extensions.DependencyInjection.ServiceProviderServiceExtensions,GetService,System.IServiceProvider,Extension
semantic-kernel:0368,semantic-kernel,dotnet/src/SemanticKernel.Core/Data/TextSearch/TextSearchServiceCollectionExtensions.cs,125,Microsoft.Extensions.DependencyInjection.ServiceProviderServiceExtensions,GetService,System.IServiceProvider,Extension
semantic-kernel:0369,semantic-kernel,dotnet/src/SemanticKernel.Core/Data/TextSearchBehavior/TextSearchProvider.cs,85,Microsoft.Extensions.Logging.LoggerExtensions,LogInformation,Microsoft.Extensions.Logging.ILogger,Extension
semantic-kernel:0370,semantic-kernel,dotnet/src/SemanticKernel.Core/Data/TextSearchBehavior/TextSearchProvider.cs,86,Microsoft.Extensions.Logging.LoggerExtensions,LogTrace,Microsoft.Extensions.Logging.ILogger,Extension
semantic-kernel:0371,semantic-kernel,dotnet/src/SemanticKernel.Core/Functions/KernelFunctionFromMethod.cs,155,Microsoft.Extensions.Logging.LoggerExtensions,LogTrace,Microsoft.Extensions.Logging.ILogger,Extension
semantic-kernel:0372,semantic-kernel,dotnet/src/SemanticKernel.Core/Functions/KernelFunctionFromMethod.cs,197,Microsoft.Extensions.Logging.LoggerExtensions,LogTrace,Microsoft.Extensions.Logging.ILogger,Extension
semantic-kernel:0373,semantic-kernel,dotnet/src/SemanticKernel.Core/Functions/KernelFunctionFromMethod.cs,291,Microsoft.Extensions.Logging.LoggerExtensions,LogTrace,Microsoft.Extensions.Logging.ILogger,Extension
semantic-kernel:0374,semantic-kernel,dotnet/src/SemanticKernel.Core/Functions/KernelFunctionFromMethod.cs,325,Microsoft.Extensions.Logging.LoggerExtensions,LogTrace,Microsoft.Extensions.Logging.ILogger,Extension
semantic-kernel:0375,semantic-kernel,dotnet/src/SemanticKernel.Core/Functions/KernelFunctionFromPrompt.cs,616,Microsoft.Extensions.Logging.LoggerExtensions,LogTrace,Microsoft.Extensions.Logging.ILogger,Extension
semantic-kernel:0376,semantic-kernel,dotnet/src/SemanticKernel.Core/Functions/KernelFunctionFromPrompt.cs,629,Microsoft.Extensions.Logging.LoggerExtensions,LogTrace,Microsoft.Extensions.Logging.ILogger,Extension
semantic-kernel:0377,semantic-kernel,dotnet/src/SemanticKernel.Core/Functions/KernelFunctionFromPrompt.cs,755,Microsoft.Extensions.Logging.LoggerExtensions,LogInformation,Microsoft.Extensions.Logging.ILogger,Extension
semantic-kernel:0378,semantic-kernel,dotnet/src/SemanticKernel.Core/Functions/KernelFunctionFromPrompt.cs,761,Microsoft.Extensions.Logging.LoggerExtensions,LogInformation,Microsoft.Extensions.Logging.ILogger,Extension
semantic-kernel:0379,semantic-kernel,dotnet/src/SemanticKernel.Core/Functions/KernelFunctionFromPrompt.cs,776,Microsoft.Extensions.Logging.LoggerExtensions,LogWarning,Microsoft.Extensions.Logging.ILogger,Extension
semantic-kernel:0380,semantic-kernel,dotnet/src/SemanticKernel.Core/Functions/KernelPluginFactory.cs,40,Microsoft.Extensions.DependencyInjection.ServiceProviderServiceExtensions,GetService,System.IServiceProvider,Extension
semantic-kernel:0381,semantic-kernel,dotnet/src/SemanticKernel.Core/Functions/KernelPluginFactory.cs,64,Microsoft.Extensions.DependencyInjection.ServiceProviderServiceExtensions,GetService,System.IServiceProvider,Extension
semantic-kernel:0382,semantic-kernel,dotnet/src/SemanticKernel.Core/Functions/KernelPluginFactory.cs,88,Microsoft.Extensions.DependencyInjection.ServiceProviderServiceExtensions,GetService,System.IServiceProvider,Extension
semantic-kernel:0383,semantic-kernel,dotnet/src/SemanticKernel.Core/Functions/KernelPluginFactory.cs,116,Microsoft.Extensions.DependencyInjection.ServiceProviderServiceExtensions,GetService,System.IServiceProvider,Extension
semantic-kernel:0384,semantic-kernel,dotnet/src/SemanticKernel.Core/Functions/KernelPluginFactory.cs,266,Microsoft.Extensions.Logging.LoggerExtensions,LogTrace,Microsoft.Extensions.Logging.ILogger,Extension
semantic-kernel:0385,semantic-kernel,dotnet/src/SemanticKernel.Core/KernelExtensions.cs,664,Microsoft.Extensions.DependencyInjection.ServiceProviderServiceExtensions,GetService,System.IServiceProvider,Extension
semantic-kernel:0386,semantic-kernel,dotnet/src/SemanticKernel.Core/KernelExtensions.cs,687,Microsoft.Extensions.DependencyInjection.ServiceProviderServiceExtensions,GetService,System.IServiceProvider,Extension
semantic-kernel:0387,semantic-kernel,dotnet/src/SemanticKernel.Core/KernelExtensions.cs,709,Microsoft.Extensions.DependencyInjection.ServiceProviderServiceExtensions,GetService,System.IServiceProvider,Extension
semantic-kernel:0388,semantic-kernel,dotnet/src/SemanticKernel.Core/KernelExtensions.cs,731,Microsoft.Extensions.DependencyInjection.ServiceProviderServiceExtensions,GetService,System.IServiceProvider,Extension
semantic-kernel:0389,semantic-kernel,dotnet/src/SemanticKernel.Core/Memory/Mem0/Mem0Client.cs,52,System.Net.Http.HttpClient,PostAsync,System.Net.Http.HttpClient,NonVirtual
semantic-kernel:0390,semantic-kernel,dotnet/src/SemanticKernel.Core/Memory/Mem0/Mem0Client.cs,90,System.Net.Http.HttpClient,PostAsync,System.Net.Http.HttpClient,NonVirtual
semantic-kernel:0391,semantic-kernel,dotnet/src/SemanticKernel.Core/Memory/Mem0/Mem0Client.cs,106,System.Net.Http.HttpClient,DeleteAsync,System.Net.Http.HttpClient,NonVirtual
semantic-kernel:0392,semantic-kernel,dotnet/src/SemanticKernel.Core/Memory/Mem0/Mem0Provider.cs,160,Microsoft.Extensions.Logging.LoggerExtensions,LogInformation,Microsoft.Extensions.Logging.ILogger,Extension
semantic-kernel:0393,semantic-kernel,dotnet/src/SemanticKernel.Core/Memory/Mem0/Mem0Provider.cs,161,Microsoft.Extensions.Logging.LoggerExtensions,LogTrace,Microsoft.Extensions.Logging.ILogger,Extension
semantic-kernel:0394,semantic-kernel,dotnet/src/SemanticKernel.Core/Memory/Whiteboard/WhiteboardProvider.cs,107,Microsoft.Extensions.Logging.LoggerExtensions,LogTrace,Microsoft.Extensions.Logging.ILogger,Extension
semantic-kernel:0395,semantic-kernel,dotnet/src/SemanticKernel.Core/Memory/Whiteboard/WhiteboardProvider.cs,115,Microsoft.Extensions.Logging.LoggerExtensions,LogInformation,Microsoft.Extensions.Logging.ILogger,Extension
semantic-kernel:0396,semantic-kernel,dotnet/src/SemanticKernel.Core/Memory/Whiteboard/WhiteboardProvider.cs,116,Microsoft.Extensions.Logging.LoggerExtensions,LogTrace,Microsoft.Extensions.Logging.ILogger,Extension
semantic-kernel:0397,semantic-kernel,dotnet/src/SemanticKernel.Core/TemplateEngine/Blocks/CodeBlock.cs,55,Microsoft.Extensions.Logging.LoggerExtensions,LogError,Microsoft.Extensions.Logging.ILogger,Extension
semantic-kernel:0398,semantic-kernel,dotnet/src/SemanticKernel.Core/TemplateEngine/Blocks/CodeBlock.cs,63,Microsoft.Extensions.Logging.LoggerExtensions,LogError,Microsoft.Extensions.Logging.ILogger,Extension
semantic-kernel:0399,semantic-kernel,dotnet/src/SemanticKernel.Core/TemplateEngine/Blocks/CodeBlock.cs,87,Microsoft.Extensions.Logging.LoggerExtensions,LogTrace,Microsoft.Extensions.Logging.ILogger,Extension
semantic-kernel:0400,semantic-kernel,dotnet/src/SemanticKernel.Core/TemplateEngine/Blocks/CodeBlock.cs,119,Microsoft.Extensions.Logging.LoggerExtensions,LogError,Microsoft.Extensions.Logging.ILogger,Extension
semantic-kernel:0401,semantic-kernel,dotnet/src/SemanticKernel.Core/TemplateEngine/Blocks/CodeBlock.cs,130,Microsoft.Extensions.Logging.LoggerExtensions,LogError,Microsoft.Extensions.Logging.ILogger,Extension
semantic-kernel:0402,semantic-kernel,dotnet/src/SemanticKernel.Core/TemplateEngine/Blocks/CodeBlock.cs,137,Microsoft.Extensions.Logging.LoggerExtensions,LogError,Microsoft.Extensions.Logging.ILogger,Extension
semantic-kernel:0403,semantic-kernel,dotnet/src/SemanticKernel.Core/TemplateEngine/Blocks/CodeBlock.cs,146,Microsoft.Extensions.Logging.LoggerExtensions,LogError,Microsoft.Extensions.Logging.ILogger,Extension
semantic-kernel:0404,semantic-kernel,dotnet/src/SemanticKernel.Core/TemplateEngine/Blocks/CodeBlock.cs,171,Microsoft.Extensions.Logging.LoggerExtensions,LogTrace,Microsoft.Extensions.Logging.ILogger,Extension
semantic-kernel:0405,semantic-kernel,dotnet/src/SemanticKernel.Core/TemplateEngine/Blocks/CodeBlock.cs,206,Microsoft.Extensions.Logging.LoggerExtensions,LogError,Microsoft.Extensions.Logging.ILogger,Extension
semantic-kernel:0406,semantic-kernel,dotnet/src/SemanticKernel.Core/TemplateEngine/Blocks/CodeBlock.cs,213,Microsoft.Extensions.Logging.LoggerExtensions,LogTrace,Microsoft.Extensions.Logging.ILogger,Extension
semantic-kernel:0407,semantic-kernel,dotnet/src/SemanticKernel.Core/TemplateEngine/Blocks/FunctionIdBlock.cs,23,Microsoft.Extensions.Logging.LoggerExtensions,LogError,Microsoft.Extensions.Logging.ILogger,Extension
semantic-kernel:0408,semantic-kernel,dotnet/src/SemanticKernel.Core/TemplateEngine/Blocks/NamedArgBlock.cs,41,Microsoft.Extensions.Logging.LoggerExtensions,LogError,Microsoft.Extensions.Logging.ILogger,Extension
semantic-kernel:0409,semantic-kernel,dotnet/src/SemanticKernel.Core/TemplateEngine/Blocks/NamedArgBlock.cs,127,Microsoft.Extensions.Logging.LoggerExtensions,LogError,Microsoft.Extensions.Logging.ILogger,Extension
semantic-kernel:0410,semantic-kernel,dotnet/src/SemanticKernel.Core/TemplateEngine/Blocks/NamedArgBlock.cs,134,Microsoft.Extensions.Logging.LoggerExtensions,LogError,Microsoft.Extensions.Logging.ILogger,Extension
semantic-kernel:0411,semantic-kernel,dotnet/src/SemanticKernel.Core/TemplateEngine/Blocks/NamedArgBlock.cs,140,Microsoft.Extensions.Logging.LoggerExtensions,LogError,Microsoft.Extensions.Logging.ILogger,Extension
semantic-kernel:0412,semantic-kernel,dotnet/src/SemanticKernel.Core/TemplateEngine/Blocks/NamedArgBlock.cs,146,Microsoft.Extensions.Logging.LoggerExtensions,LogError,Microsoft.Extensions.Logging.ILogger,Extension
semantic-kernel:0413,semantic-kernel,dotnet/src/SemanticKernel.Core/TemplateEngine/Blocks/ValBlock.cs,28,Microsoft.Extensions.Logging.LoggerExtensions,LogError,Microsoft.Extensions.Logging.ILogger,Extension
semantic-kernel:0414,semantic-kernel,dotnet/src/SemanticKernel.Core/TemplateEngine/Blocks/ValBlock.cs,47,Microsoft.Extensions.Logging.LoggerExtensions,LogError,Microsoft.Extensions.Logging.ILogger,Extension
semantic-kernel:0415,semantic-kernel,dotnet/src/SemanticKernel.Core/TemplateEngine/Blocks/ValBlock.cs,55,Microsoft.Extensions.Logging.LoggerExtensions,LogError,Microsoft.Extensions.Logging.ILogger,Extension
semantic-kernel:0416,semantic-kernel,dotnet/src/SemanticKernel.Core/TemplateEngine/Blocks/VarBlock.cs,18,Microsoft.Extensions.Logging.LoggerExtensions,LogError,Microsoft.Extensions.Logging.ILogger,Extension
semantic-kernel:0417,semantic-kernel,dotnet/src/SemanticKernel.Core/TemplateEngine/Blocks/VarBlock.cs,34,Microsoft.Extensions.Logging.LoggerExtensions,LogError,Microsoft.Extensions.Logging.ILogger,Extension
semantic-kernel:0418,semantic-kernel,dotnet/src/SemanticKernel.Core/TemplateEngine/Blocks/VarBlock.cs,41,Microsoft.Extensions.Logging.LoggerExtensions,LogError,Microsoft.Extensions.Logging.ILogger,Extension
semantic-kernel:0419,semantic-kernel,dotnet/src/SemanticKernel.Core/TemplateEngine/Blocks/VarBlock.cs,48,Microsoft.Extensions.Logging.LoggerExtensions,LogError,Microsoft.Extensions.Logging.ILogger,Extension
semantic-kernel:0420,semantic-kernel,dotnet/src/SemanticKernel.Core/TemplateEngine/Blocks/VarBlock.cs,56,Microsoft.Extensions.Logging.LoggerExtensions,LogError,Microsoft.Extensions.Logging.ILogger,Extension
semantic-kernel:0421,semantic-kernel,dotnet/src/SemanticKernel.Core/TemplateEngine/Blocks/VarBlock.cs,72,Microsoft.Extensions.Logging.LoggerExtensions,LogError,Microsoft.Extensions.Logging.ILogger,Extension
semantic-kernel:0422,semantic-kernel,dotnet/src/SemanticKernel.Core/TemplateEngine/Blocks/VarBlock.cs,81,Microsoft.Extensions.Logging.LoggerExtensions,LogWarning,Microsoft.Extensions.Logging.ILogger,Extension
semantic-kernel:0423,semantic-kernel,dotnet/src/SemanticKernel.UnitTests/Functions/KernelBuilderTests.cs,56,Microsoft.Extensions.DependencyInjection.ServiceProviderServiceExtensions,GetService,System.IServiceProvider,Extension
semantic-kernel:0424,semantic-kernel,dotnet/src/SemanticKernel.UnitTests/Functions/KernelBuilderTests.cs,62,Microsoft.Extensions.DependencyInjection.ServiceProviderServiceExtensions,GetService,System.IServiceProvider,Extension
semantic-kernel:0425,semantic-kernel,dotnet/src/SemanticKernel.UnitTests/Functions/KernelBuilderTests.cs,72,Microsoft.Extensions.DependencyInjection.ServiceProviderServiceExtensions,GetService,System.IServiceProvider,Extension
semantic-kernel:0426,semantic-kernel,dotnet/src/SemanticKernel.UnitTests/Functions/KernelBuilderTests.cs,242,Microsoft.Extensions.DependencyInjection.ServiceProviderServiceExtensions,GetService,System.IServiceProvider,Extension
semantic-kernel:0427,semantic-kernel,dotnet/src/SemanticKernel.UnitTests/Functions/KernelBuilderTests.cs,243,Microsoft.Extensions.DependencyInjection.ServiceProviderServiceExtensions,GetService,System.IServiceProvider,Extension
semantic-kernel:0428,semantic-kernel,dotnet/src/SemanticKernel.UnitTests/Functions/KernelBuilderTests.cs,244,Microsoft.Extensions.DependencyInjection.ServiceProviderServiceExtensions,GetService,System.IServiceProvider,Extension
semantic-kernel:0429,semantic-kernel,dotnet/src/SemanticKernel.UnitTests/Memory/Mem0ProviderTests.cs,197,System.Net.Http.HttpMessageInvoker,Dispose,System.Net.Http.HttpClient,NonVirtual
semantic-kernel:0430,semantic-kernel,dotnet/src/SemanticKernel.UnitTests/Utilities/HttpClientExtensionsTests.cs,88,System.Net.Http.HttpMessageInvoker,Dispose,System.Net.Http.HttpClient,NonVirtual
semantic-kernel:0431,semantic-kernel,dotnet/src/SemanticKernel.UnitTests/Utilities/HttpContentExtensionsTests.cs,104,System.Net.Http.HttpMessageInvoker,Dispose,System.Net.Http.HttpClient,NonVirtual
semantic-kernel:0432,semantic-kernel,dotnet/src/VectorData/AzureAISearch/AzureAISearchServiceCollectionExtensions.cs,66,Microsoft.Extensions.DependencyInjection.ServiceProviderServiceExtensions,GetRequiredService,System.IServiceProvider,Extension
semantic-kernel:0433,semantic-kernel,dotnet/src/VectorData/AzureAISearch/AzureAISearchServiceCollectionExtensions.cs,215,Microsoft.Extensions.DependencyInjection.ServiceProviderServiceExtensions,GetRequiredService,System.IServiceProvider,Extension
semantic-kernel:0434,semantic-kernel,dotnet/src/VectorData/AzureAISearch/AzureAISearchServiceCollectionExtensions.cs,360,Microsoft.Extensions.DependencyInjection.ServiceProviderServiceExtensions,GetService,System.IServiceProvider,Extension
semantic-kernel:0435,semantic-kernel,dotnet/src/VectorData/AzureAISearch/AzureAISearchServiceCollectionExtensions.cs,374,Microsoft.Extensions.DependencyInjection.ServiceProviderServiceExtensions,GetService,System.IServiceProvider,Extension
semantic-kernel:0436,semantic-kernel,dotnet/src/VectorData/Chroma/ChromaClient.cs,61,Microsoft.Extensions.Logging.LoggerExtensions,LogDebug,Microsoft.Extensions.Logging.ILogger,Extension
semantic-kernel:0437,semantic-kernel,dotnet/src/VectorData/Chroma/ChromaClient.cs,71,Microsoft.Extensions.Logging.LoggerExtensions,LogDebug,Microsoft.Extensions.Logging.ILogger,Extension
semantic-kernel:0438,semantic-kernel,dotnet/src/VectorData/Chroma/ChromaClient.cs,85,Microsoft.Extensions.Logging.LoggerExtensions,LogDebug,Microsoft.Extensions.Logging.ILogger,Extension
semantic-kernel:0439,semantic-kernel,dotnet/src/VectorData/Chroma/ChromaClient.cs,95,Microsoft.Extensions.Logging.LoggerExtensions,LogDebug,Microsoft.Extensions.Logging.ILogger,Extension
semantic-kernel:0440,semantic-kernel,dotnet/src/VectorData/Chroma/ChromaClient.cs,112,Microsoft.Extensions.Logging.LoggerExtensions,LogDebug,Microsoft.Extensions.Logging.ILogger,Extension
semantic-kernel:0441,semantic-kernel,dotnet/src/VectorData/Chroma/ChromaClient.cs,122,Microsoft.Extensions.Logging.LoggerExtensions,LogDebug,Microsoft.Extensions.Logging.ILogger,Extension
semantic-kernel:0442,semantic-kernel,dotnet/src/VectorData/Chroma/ChromaClient.cs,136,Microsoft.Extensions.Logging.LoggerExtensions,LogDebug,Microsoft.Extensions.Logging.ILogger,Extension
semantic-kernel:0443,semantic-kernel,dotnet/src/VectorData/Chroma/ChromaClient.cs,146,Microsoft.Extensions.Logging.LoggerExtensions,LogDebug,Microsoft.Extensions.Logging.ILogger,Extension
semantic-kernel:0444,semantic-kernel,dotnet/src/VectorData/Chroma/ChromaClient.cs,188,Microsoft.Extensions.Logging.LoggerExtensions,LogError,Microsoft.Extensions.Logging.ILogger,Extension
semantic-kernel:0445,semantic-kernel,dotnet/src/VectorData/Chroma/ChromaMemoryStore.cs,75,Microsoft.Extensions.Logging.LoggerExtensions,LogError,Microsoft.Extensions.Logging.ILogger,Extension
semantic-kernel:0446,semantic-kernel,dotnet/src/VectorData/Chroma/ChromaMemoryStore.cs,247,Microsoft.Extensions.Logging.LoggerExtensions,LogDebug,Microsoft.Extensions.Logging.ILogger,Extension
semantic-kernel:0447,semantic-kernel,dotnet/src/VectorData/CosmosMongoDB/CosmosMongoServiceCollectionExtensions.cs,56,Microsoft.Extensions.DependencyInjection.ServiceProviderServiceExtensions,GetRequiredService,System.IServiceProvider,Extension
semantic-kernel:0448,semantic-kernel,dotnet/src/VectorData/CosmosMongoDB/CosmosMongoServiceCollectionExtensions.cs,164,Microsoft.Extensions.DependencyInjection.ServiceProviderServiceExtensions,GetRequiredService,System.IServiceProvider,Extension
semantic-kernel:0449,semantic-kernel,dotnet/src/VectorData/CosmosMongoDB/CosmosMongoServiceCollectionExtensions.cs,306,Microsoft.Extensions.DependencyInjection.ServiceProviderServiceExtensions,GetService,System.IServiceProvider,Extension
semantic-kernel:0450,semantic-kernel,dotnet/src/VectorData/CosmosMongoDB/CosmosMongoServiceCollectionExtensions.cs,320,Microsoft.Extensions.DependencyInjection.ServiceProviderServiceExtensions,GetService,System.IServiceProvider,Extension
semantic-kernel:0451,semantic-kernel,dotnet/src/VectorData/CosmosNoSql/CosmosNoSqlServiceCollectionExtensions.cs,57,Microsoft.Extensions.DependencyInjection.ServiceProviderServiceExtensions,GetRequiredService,System.IServiceProvider,Extension
semantic-kernel:0452,semantic-kernel,dotnet/src/VectorData/CosmosNoSql/CosmosNoSqlServiceCollectionExtensions.cs,164,Microsoft.Extensions.DependencyInjection.ServiceProviderServiceExtensions,GetRequiredService,System.IServiceProvider,Extension
semantic-kernel:0453,semantic-kernel,dotnet/src/VectorData/CosmosNoSql/CosmosNoSqlServiceCollectionExtensions.cs,310,Microsoft.Extensions.DependencyInjection.ServiceProviderServiceExtensions,GetService,System.IServiceProvider,Extension
semantic-kernel:0454,semantic-kernel,dotnet/src/VectorData/CosmosNoSql/CosmosNoSqlServiceCollectionExtensions.cs,324,Microsoft.Extensions.DependencyInjection.ServiceProviderServiceExtensions,GetService,System.IServiceProvider,Extension
semantic-kernel:0455,semantic-kernel,dotnet/src/VectorData/InMemory/InMemoryServiceCollectionExtensions.cs,32,Microsoft.Extensions.DependencyInjection.ServiceProviderServiceExtensions,GetService,System.IServiceProvider,Extension
semantic-kernel:0456,semantic-kernel,dotnet/src/VectorData/InMemory/InMemoryServiceCollectionExtensions.cs,34,Microsoft.Extensions.DependencyInjection.ServiceProviderServiceExtensions,GetService,System.IServiceProvider,Extension
semantic-kernel:0457,semantic-kernel,dotnet/src/VectorData/InMemory/InMemoryServiceCollectionExtensions.cs,69,Microsoft.Extensions.DependencyInjection.ServiceProviderServiceExtensions,GetService,System.IServiceProvider,Extension
semantic-kernel:0458,semantic-kernel,dotnet/src/VectorData/InMemory/InMemoryServiceCollectionExtensions.cs,71,Microsoft.Extensions.DependencyInjection.ServiceProviderServiceExtensions,GetService,System.IServiceProvider,Extension
semantic-kernel:0459,semantic-kernel,dotnet/src/VectorData/MongoDB/MongoServiceCollectionExtensions.cs,57,Microsoft.Extensions.DependencyInjection.ServiceProviderServiceExtensions,GetRequiredService,System.IServiceProvider,Extension
semantic-kernel:0460,semantic-kernel,dotnet/src/VectorData/MongoDB/MongoServiceCollectionExtensions.cs,165,Microsoft.Extensions.DependencyInjection.ServiceProviderServiceExtensions,GetRequiredService,System.IServiceProvider,Extension
semantic-kernel:0461,semantic-kernel,dotnet/src/VectorData/MongoDB/MongoServiceCollectionExtensions.cs,307,Microsoft.Extensions.DependencyInjection.ServiceProviderServiceExtensions,GetService,System.IServiceProvider,Extension
semantic-kernel:0462,semantic-kernel,dotnet/src/VectorData/MongoDB/MongoServiceCollectionExtensions.cs,321,Microsoft.Extensions.DependencyInjection.ServiceProviderServiceExtensions,GetService,System.IServiceProvider,Extension
semantic-kernel:0463,semantic-kernel,dotnet/src/VectorData/PgVector/PostgresServiceCollectionExtensions.cs,37,Microsoft.Extensions.DependencyInjection.ServiceProviderServiceExtensions,GetRequiredService,System.IServiceProvider,Extension
semantic-kernel:0464,semantic-kernel,dotnet/src/VectorData/PgVector/PostgresServiceCollectionExtensions.cs,45,Microsoft.Extensions.DependencyInjection.ServiceProviderServiceExtensions,GetRequiredService,System.IServiceProvider,Extension
semantic-kernel:0465,semantic-kernel,dotnet/src/VectorData/PgVector/PostgresServiceCollectionExtensions.cs,164,Microsoft.Extensions.DependencyInjection.ServiceProviderServiceExtensions,GetRequiredService,System.IServiceProvider,Extension
semantic-kernel:0466,semantic-kernel,dotnet/src/VectorData/PgVector/PostgresServiceCollectionExtensions.cs,301,Microsoft.Extensions.DependencyInjection.ServiceProviderServiceExtensions,GetService,System.IServiceProvider,Extension
semantic-kernel:0467,semantic-kernel,dotnet/src/VectorData/PgVector/PostgresServiceCollectionExtensions.cs,315,Microsoft.Extensions.DependencyInjection.ServiceProviderServiceExtensions,GetService,System.IServiceProvider,Extension
semantic-kernel:0468,semantic-kernel,dotnet/src/VectorData/Pinecone/PineconeServiceCollectionExtensions.cs,60,Microsoft.Extensions.DependencyInjection.ServiceProviderServiceExtensions,GetRequiredService,System.IServiceProvider,Extension
semantic-kernel:0469,semantic-kernel,dotnet/src/VectorData/Pinecone/PineconeServiceCollectionExtensions.cs,159,Microsoft.Extensions.DependencyInjection.ServiceProviderServiceExtensions,GetRequiredService,System.IServiceProvider,Extension
semantic-kernel:0470,semantic-kernel,dotnet/src/VectorData/Pinecone/PineconeServiceCollectionExtensions.cs,236,Microsoft.Extensions.DependencyInjection.ServiceProviderServiceExtensions,GetService,System.IServiceProvider,Extension
semantic-kernel:0471,semantic-kernel,dotnet/src/VectorData/Pinecone/PineconeServiceCollectionExtensions.cs,250,Microsoft.Extensions.DependencyInjection.ServiceProviderServiceExtensions,GetService,System.IServiceProvider,Extension
semantic-kernel:0472,semantic-kernel,dotnet/src/VectorData/Qdrant/QdrantServiceCollectionExtensions.cs,59,Microsoft.Extensions.DependencyInjection.ServiceProviderServiceExtensions,GetRequiredService,System.IServiceProvider,Extension
semantic-kernel:0473,semantic-kernel,dotnet/src/VectorData/Qdrant/QdrantServiceCollectionExtensions.cs,165,Microsoft.Extensions.DependencyInjection.ServiceProviderServiceExtensions,GetRequiredService,System.IServiceProvider,Extension
semantic-kernel:0474,semantic-kernel,dotnet/src/VectorData/Qdrant/QdrantServiceCollectionExtensions.cs,248,Microsoft.Extensions.DependencyInjection.ServiceProviderServiceExtensions,GetService,System.IServiceProvider,Extension
semantic-kernel:0475,semantic-kernel,dotnet/src/VectorData/Qdrant/QdrantServiceCollectionExtensions.cs,262,Microsoft.Extensions.DependencyInjection.ServiceProviderServiceExtensions,GetService,System.IServiceProvider,Extension
semantic-kernel:0476,semantic-kernel,dotnet/src/VectorData/Redis/RedisServiceCollectionExtensions.cs,59,Microsoft.Extensions.DependencyInjection.ServiceProviderServiceExtensions,GetRequiredService,System.IServiceProvider,Extension
semantic-kernel:0477,semantic-kernel,dotnet/src/VectorData/Redis/RedisServiceCollectionExtensions.cs,152,Microsoft.Extensions.DependencyInjection.ServiceProviderServiceExtensions,GetRequiredService,System.IServiceProvider,Extension
semantic-kernel:0478,semantic-kernel,dotnet/src/VectorData/Redis/RedisServiceCollectionExtensions.cs,259,Microsoft.Extensions.DependencyInjection.ServiceProviderServiceExtensions,GetRequiredService,System.IServiceProvider,Extension
semantic-kernel:0479,semantic-kernel,dotnet/src/VectorData/Redis/RedisServiceCollectionExtensions.cs,331,Microsoft.Extensions.DependencyInjection.ServiceProviderServiceExtensions,GetService,System.IServiceProvider,Extension
semantic-kernel:0480,semantic-kernel,dotnet/src/VectorData/Redis/RedisServiceCollectionExtensions.cs,345,Microsoft.Extensions.DependencyInjection.ServiceProviderServiceExtensions,GetService,System.IServiceProvider,Extension
semantic-kernel:0481,semantic-kernel,dotnet/src/VectorData/Redis/RedisServiceCollectionExtensions.cs,359,Microsoft.Extensions.DependencyInjection.ServiceProviderServiceExtensions,GetService,System.IServiceProvider,Extension
semantic-kernel:0482,semantic-kernel,dotnet/src/VectorData/SqliteVec/SqliteServiceCollectionExtensions.cs,175,Microsoft.Extensions.DependencyInjection.ServiceProviderServiceExtensions,GetService,System.IServiceProvider,Extension
semantic-kernel:0483,semantic-kernel,dotnet/src/VectorData/SqliteVec/SqliteServiceCollectionExtensions.cs,189,Microsoft.Extensions.DependencyInjection.ServiceProviderServiceExtensions,GetService,System.IServiceProvider,Extension
semantic-kernel:0484,semantic-kernel,dotnet/src/VectorData/Weaviate/WeaviateCollection.cs,494,System.Net.Http.HttpClient,SendAsync,System.Net.Http.HttpClient,NonVirtual
semantic-kernel:0485,semantic-kernel,dotnet/src/VectorData/Weaviate/WeaviateServiceCollectionExtensions.cs,62,Microsoft.Extensions.DependencyInjection.ServiceProviderServiceExtensions,GetService,System.IServiceProvider,Extension
semantic-kernel:0486,semantic-kernel,dotnet/src/VectorData/Weaviate/WeaviateServiceCollectionExtensions.cs,165,Microsoft.Extensions.DependencyInjection.ServiceProviderServiceExtensions,GetService,System.IServiceProvider,Extension
semantic-kernel:0487,semantic-kernel,dotnet/src/VectorData/Weaviate/WeaviateServiceCollectionExtensions.cs,242,Microsoft.Extensions.DependencyInjection.ServiceProviderServiceExtensions,GetService,System.IServiceProvider,Extension
semantic-kernel:0488,semantic-kernel,dotnet/src/VectorData/Weaviate/WeaviateServiceCollectionExtensions.cs,256,Microsoft.Extensions.DependencyInjection.ServiceProviderServiceExtensions,GetService,System.IServiceProvider,Extension
semantic-kernel:0489,semantic-kernel,dotnet/src/VectorData/Weaviate/WeaviateVectorStore.cs,134,System.Net.Http.HttpClient,SendAsync,System.Net.Http.HttpClient,NonVirtual
abp:0001,abp,framework/src/Volo.Abp.AspNetCore.Bundling/Volo/Abp/AspNetCore/Bundling/BundlerBase.cs,35,Microsoft.Extensions.Logging.LoggerExtensions,LogInformation,Microsoft.Extensions.Logging.ILogger,Extension
abp:0002,abp,framework/src/Volo.Abp.AspNetCore.Bundling/Volo/Abp/AspNetCore/Bundling/BundlerBase.cs,46,Microsoft.Extensions.Logging.LoggerExtensions,LogInformation,Microsoft.Extensions.Logging.ILogger,Extension
abp:0003,abp,framework/src/Volo.Abp.AspNetCore.Bundling/Volo/Abp/AspNetCore/Bundling/BundlerBase.cs,74,Microsoft.Extensions.Logging.LoggerExtensions,LogDebug,Microsoft.Extensions.Logging.ILogger,Extension
abp:0004,abp,framework/src/Volo.Abp.AspNetCore.Bundling/Volo/Abp/AspNetCore/Bundling/BundlerBase.cs,85,Microsoft.Extensions.Logging.LoggerExtensions,LogDebug,Microsoft.Extensions.Logging.ILogger,Extension
abp:0005,abp,framework/src/Volo.Abp.AspNetCore.Bundling/Volo/Abp/AspNetCore/Bundling/BundlerBase.cs,86,Microsoft.Extensions.Logging.LoggerExtensions,LogDebug,Microsoft.Extensions.Logging.ILogger,Extension
abp:0006,abp,framework/src/Volo.Abp.AspNetCore.Bundling/Volo/Abp/AspNetCore/Bundling/BundlerBase.cs,98,Microsoft.Extensions.Logging.LoggerExtensions,LogDebug,Microsoft.Extensions.Logging.ILogger,Extension
abp:0007,abp,framework/src/Volo.Abp.AspNetCore.Bundling/Volo/Abp/AspNetCore/Bundling/BundlerBase.cs,114,Microsoft.Extensions.Logging.LoggerExtensions,LogWarning,Microsoft.Extensions.Logging.ILogger,Extension
abp:0009,abp,framework/src/Volo.Abp.AspNetCore.MultiTenancy/Volo/Abp/AspNetCore/MultiTenancy/HeaderTenantResolveContributor.cs,42,Microsoft.Extensions.DependencyInjection.ServiceProviderServiceExtensions,GetRequiredService,System.IServiceProvider,Extension
abp:0010,abp,framework/src/Volo.Abp.AspNetCore.MultiTenancy/Volo/Abp/AspNetCore/MultiTenancy/HeaderTenantResolveContributor.cs,42,Microsoft.Extensions.Logging.LoggerExtensions,LogWarning,Microsoft.Extensions.Logging.ILogger,Extension
abp:0011,abp,framework/src/Volo.Abp.AspNetCore.MultiTenancy/Volo/Abp/AspNetCore/MultiTenancy/HttpTenantResolveContributorBase.cs,27,Microsoft.Extensions.DependencyInjection.ServiceProviderServiceExtensions,GetRequiredService,System.IServiceProvider,Extension
abp:0012,abp,framework/src/Volo.Abp.AspNetCore.MultiTenancy/Volo/Abp/AspNetCore/MultiTenancy/HttpTenantResolveContributorBase.cs,27,Microsoft.Extensions.Logging.LoggerExtensions,LogWarning,Microsoft.Extensions.Logging.ILogger,Extension
abp:0014,abp,framework/src/Volo.Abp.AspNetCore.Mvc.UI/Volo/Abp/AspNetCore/Mvc/UI/RazorPages/AbpPageModel.cs,42,Microsoft.Extensions.DependencyInjection.ServiceProviderServiceExtensions,GetRequiredService,System.IServiceProvider,Extension
abp:0015,abp,framework/src/Volo.Abp.AspNetCore.Mvc.UI/Volo/Abp/AspNetCore/Mvc/UI/RazorPages/AbpPageModel.cs,43,Microsoft.Extensions.DependencyInjection.ServiceProviderServiceExtensions,GetRequiredService,System.IServiceProvider,Extension
abp:0016,abp,framework/src/Volo.Abp.AspNetCore.Mvc.UI/Volo/Abp/AspNetCore/Mvc/UI/Theming/DefaultThemeManager.cs,34,Microsoft.Extensions.DependencyInjection.ServiceProviderServiceExtensions,GetRequiredService,System.IServiceProvider,Extension
abp:0021,abp,framework/src/Volo.Abp.AspNetCore.Mvc/Volo/Abp/AspNetCore/Mvc/AbpController.cs,37,Microsoft.Extensions.DependencyInjection.ServiceProviderServiceExtensions,GetRequiredService,System.IServiceProvider,Extension
abp:0022,abp,framework/src/Volo.Abp.AspNetCore.Mvc/Volo/Abp/AspNetCore/Mvc/AbpController.cs,38,Microsoft.Extensions.DependencyInjection.ServiceProviderServiceExtensions,GetRequiredService,System.IServiceProvider,Extension
abp:0023,abp,framework/src/Volo.Abp.AspNetCore.Mvc/Volo/Abp/AspNetCore/Mvc/AbpControllerBase.cs,32,Microsoft.Extensions.DependencyInjection.ServiceProviderServiceExtensions,GetRequiredService,System.IServiceProvider,Extension
abp:0024,abp,framework/src/Volo.Abp.AspNetCore.Mvc/Volo/Abp/AspNetCore/Mvc/AbpControllerBase.cs,33,Microsoft.Extensions.DependencyInjection.ServiceProviderServiceExtensions,GetRequiredService,System.IServiceProvider,Extension
abp:0025,abp,framework/src/Volo.Abp.AspNetCore.Mvc/Volo/Abp/AspNetCore/Mvc/AbpViewComponent.cs,20,Microsoft.Extensions.DependencyInjection.ServiceProviderServiceExtensions,GetRequiredService,System.IServiceProvider,Extension
abp:0026,abp,framework/src/Volo.Abp.AspNetCore.Mvc/Volo/Abp/AspNetCore/Mvc/AbpViewComponent.cs,21,Microsoft.Extensions.DependencyInjection.ServiceProviderServiceExtensions,GetRequiredService,System.IServiceProvider,Extension
abp:0028,abp,framework/src/Volo.Abp.AspNetCore.Mvc/Volo/Abp/AspNetCore/Mvc/AntiForgery/AbpValidateAntiForgeryTokenAttribute.cs,34,Microsoft.Extensions.DependencyInjection.ServiceProviderServiceExtensions,GetRequiredService,System.IServiceProvider,Extension
abp:0032,abp,framework/src/Volo.Abp.AspNetCore.Mvc/Volo/Abp/AspNetCore/Mvc/ApplicationConfigurations/AbpApplicationConfigurationAppService.cs,337,Microsoft.Extensions.Logging.LoggerExtensions,LogWarning,Microsoft.Extensions.Logging.ILogger,Extension
abp:0033,abp,framework/src/Volo.Abp.AspNetCore.Mvc/Volo/Abp/AspNetCore/Mvc/AspNetCoreApiDescriptionModelProvider.cs,74,Microsoft.Extensions.Logging.LoggerExtensions,LogInformation,Microsoft.Extensions.Logging.ILogger,Extension
abp:0034,abp,framework/src/Volo.Abp.AspNetCore.Mvc/Volo/Abp/AspNetCore/Mvc/AspNetCoreApiDescriptionModelProvider.cs,115,Microsoft.Extensions.Logging.LoggerExtensions,LogWarning,Microsoft.Extensions.Logging.ILogger,Extension
abp:0041,abp,framework/src/Volo.Abp.AspNetCore.Mvc/Volo/Abp/AspNetCore/Mvc/ExceptionHandling/AbpExceptionFilter.cs,88,Microsoft.Extensions.Logging.LoggerExtensions,LogWarning,Microsoft.Extensions.Logging.ILogger,Extension
abp:0042,abp,framework/src/Volo.Abp.AspNetCore.Mvc/Volo/Abp/AspNetCore/Mvc/ExceptionHandling/AbpExceptionPageFilter.cs,119,Microsoft.Extensions.Logging.LoggerExtensions,LogWarning,Microsoft.Extensions.Logging.ILogger,Extension
abp:0046,abp,framework/src/Volo.Abp.AspNetCore.Mvc/Volo/Abp/AspNetCore/Mvc/Libs/AbpMvcLibsService.cs,30,Microsoft.Extensions.DependencyInjection.ServiceProviderServiceExtensions,GetRequiredService,System.IServiceProvider,Extension
abp:0047,abp,framework/src/Volo.Abp.AspNetCore.Mvc/Volo/Abp/AspNetCore/Mvc/Libs/AbpMvcLibsService.cs,31,Microsoft.Extensions.Logging.LoggerExtensions,LogWarning,Microsoft.Extensions.Logging.ILogger,Extension
abp:0048,abp,framework/src/Volo.Abp.AspNetCore.Mvc/Volo/Abp/AspNetCore/Mvc/Libs/AbpMvcLibsService.cs,67,Microsoft.Extensions.Logging.LoggerExtensions,LogInformation,Microsoft.Extensions.Logging.ILogger,Extension
abp:0049,abp,framework/src/Volo.Abp.AspNetCore.Mvc/Volo/Abp/AspNetCore/Mvc/Libs/AbpMvcLibsService.cs,75,Microsoft.Extensions.Logging.LoggerExtensions,LogError,Microsoft.Extensions.Logging.ILogger,Extension
abp:0050,abp,framework/src/Volo.Abp.AspNetCore.Mvc/Volo/Abp/AspNetCore/Mvc/Libs/AbpMvcLibsService.cs,83,Microsoft.Extensions.Logging.LoggerExtensions,LogError,Microsoft.Extensions.Logging.ILogger,Extension
abp:0052,abp,framework/src/Volo.Abp.AspNetCore.SignalR/Volo/Abp/AspNetCore/SignalR/Auditing/AbpAuditHubFilter.cs,81,Microsoft.Extensions.DependencyInjection.ServiceProviderServiceExtensions,GetRequiredService,System.IServiceProvider,Extension
abp:0053,abp,framework/src/Volo.Abp.AspNetCore.SignalR/Volo/Abp/AspNetCore/SignalR/Auditing/AbpAuditHubFilter.cs,96,Microsoft.Extensions.DependencyInjection.ServiceProviderServiceExtensions,GetRequiredService,System.IServiceProvider,Extension
abp:0054,abp,framework/src/Volo.Abp.AspNetCore.SignalR/Volo/Abp/AspNetCore/SignalR/Auditing/AbpAuditHubFilter.cs,101,Microsoft.Extensions.DependencyInjection.ServiceProviderServiceExtensions,GetRequiredService,System.IServiceProvider,Extension
abp:0055,abp,framework/src/Volo.Abp.AspNetCore.SignalR/Volo/Abp/AspNetCore/SignalR/Auditing/AspNetCoreSignalRAuditLogContributor.cs,22,Microsoft.Extensions.DependencyInjection.ServiceProviderServiceExtensions,GetRequiredService,System.IServiceProvider,Extension
abp:0056,abp,framework/src/Volo.Abp.AspNetCore.SignalR/Volo/Abp/AspNetCore/SignalR/Auditing/AspNetCoreSignalRAuditLogContributor.cs,28,Microsoft.Extensions.DependencyInjection.ServiceProviderServiceExtensions,GetRequiredService,System.IServiceProvider,Extension
abp:0057,abp,framework/src/Volo.Abp.AspNetCore.SignalR/Volo/Abp/AspNetCore/SignalR/Auditing/AspNetCoreSignalRAuditLogContributor.cs,44,Microsoft.Extensions.DependencyInjection.ServiceProviderServiceExtensions,GetRequiredService,System.IServiceProvider,Extension
abp:0058,abp,framework/src/Volo.Abp.AspNetCore.SignalR/Volo/Abp/AspNetCore/SignalR/Authentication/AbpAuthenticationHubFilter.cs,39,Microsoft.Extensions.DependencyInjection.ServiceProviderServiceExtensions,GetRequiredService,System.IServiceProvider,Extension
abp:0059,abp,framework/src/Volo.Abp.AspNetCore.SignalR/Volo/Abp/AspNetCore/SignalR/Authentication/AbpAuthenticationHubFilter.cs,42,Microsoft.Extensions.DependencyInjection.ServiceProviderServiceExtensions,GetRequiredService,System.IServiceProvider,Extension
abp:0060,abp,framework/src/Volo.Abp.AspNetCore.SignalR/Volo/Abp/AspNetCore/SignalR/Authentication/AbpAuthenticationHubFilter.cs,63,Microsoft.Extensions.DependencyInjection.ServiceProviderServiceExtensions,GetRequiredService,System.IServiceProvider,Extension
abp:0061,abp,framework/src/Volo.Abp.AspNetCore.TestBase/Volo/Abp/AspNetCore/TestBase/AbpAspNetCoreAsyncIntegratedTestBase.cs,30,Microsoft.Extensions.DependencyInjection.ServiceProviderServiceExtensions,GetService,System.IServiceProvider,Extension
abp:0064,abp,framework/src/Volo.Abp.AspNetCore.TestBase/Volo/Abp/AspNetCore/TestBase/AbpAspNetCoreIntegratedTestBase.cs,39,Microsoft.Extensions.DependencyInjection.ServiceProviderServiceExtensions,GetRequiredService,System.IServiceProvider,Extension
abp:0069,abp,framework/src/Volo.Abp.AspNetCore/Microsoft/Extensions/DependencyInjection/CookieAuthenticationOptionsExtensions.cs,36,Microsoft.Extensions.Logging.LoggerExtensions,LogInformation,Microsoft.Extensions.Logging.ILogger,Extension
abp:0070,abp,framework/src/Volo.Abp.AspNetCore/Microsoft/Extensions/DependencyInjection/CookieAuthenticationOptionsExtensions.cs,43,Microsoft.Extensions.Logging.LoggerExtensions,LogInformation,Microsoft.Extensions.Logging.ILogger,Extension
abp:0071,abp,framework/src/Volo.Abp.AspNetCore/Microsoft/Extensions/DependencyInjection/CookieAuthenticationOptionsExtensions.cs,66,Microsoft.Extensions.Logging.LoggerExtensions,LogError,Microsoft.Extensions.Logging.ILogger,Extension
abp:0072,abp,framework/src/Volo.Abp.AspNetCore/Microsoft/Extensions/DependencyInjection/CookieAuthenticationOptionsExtensions.cs,71,Microsoft.Extensions.Logging.LoggerExtensions,LogInformation,Microsoft.Extensions.Logging.ILogger,Extension
abp:0073,abp,framework/src/Volo.Abp.AspNetCore/Microsoft/Extensions/DependencyInjection/CookieAuthenticationOptionsExtensions.cs,76,Microsoft.Extensions.Logging.LoggerExtensions,LogError,Microsoft.Extensions.Logging.ILogger,Extension
abp:0075,abp,framework/src/Volo.Abp.AspNetCore/Volo/Abp/ApplicationInitializationContextExtensions.cs,21,Microsoft.Extensions.DependencyInjection.ServiceProviderServiceExtensions,GetRequiredService,System.IServiceProvider,Extension
abp:0078,abp,framework/src/Volo.Abp.AspNetCore/Volo/Abp/ApplicationInitializationContextExtensions.cs,36,Microsoft.Extensions.DependencyInjection.ServiceProviderServiceExtensions,GetRequiredService,System.IServiceProvider,Extension
abp:0079,abp,framework/src/Volo.Abp.AspNetCore/Volo/Abp/ApplicationInitializationContextExtensions.cs,41,Microsoft.Extensions.DependencyInjection.ServiceProviderServiceExtensions,GetRequiredService,System.IServiceProvider,Extension
abp:0086,abp,framework/src/Volo.Abp.AspNetCore/Volo/Abp/AspNetCore/ExceptionHandling/AbpExceptionHandlingMiddleware.cs,42,Microsoft.Extensions.Logging.LoggerExtensions,LogWarning,Microsoft.Extensions.Logging.ILogger,Extension
abp:0087,abp,framework/src/Volo.Abp.AspNetCore/Volo/Abp/AspNetCore/VirtualFileSystem/RazorViewEngineVirtualFileProvider.cs,19,Microsoft.Extensions.DependencyInjection.ServiceProviderServiceExtensions,GetRequiredService,System.IServiceProvider,Extension
abp:0098,abp,framework/src/Volo.Abp.Authorization/Volo/Abp/Authorization/Permissions/RequireAuthenticatedSimpleStateChecker.cs,13,Microsoft.Extensions.DependencyInjection.ServiceProviderServiceExtensions,GetRequiredService,System.IServiceProvider,Extension
abp:0100,abp,framework/src/Volo.Abp.Authorization/Volo/Abp/Authorization/Permissions/RequirePermissionsSimpleStateChecker.cs,24,Microsoft.Extensions.DependencyInjection.ServiceProviderServiceExtensions,GetRequiredService,System.IServiceProvider,Extension
abp:0110,abp,framework/src/Volo.Abp.BackgroundJobs.Abstractions/Volo/Abp/BackgroundJobs/BackgroundJobExecuter.cs,71,Microsoft.Extensions.DependencyInjection.ServiceProviderServiceExtensions,GetRequiredService,System.IServiceProvider,Extension
abp:0112,abp,framework/src/Volo.Abp.BackgroundJobs/Volo/Abp/BackgroundJobs/BackgroundJobWorker.cs,44,Microsoft.Extensions.DependencyInjection.ServiceProviderServiceExtensions,GetRequiredService,System.IServiceProvider,Extension
abp:0113,abp,framework/src/Volo.Abp.BackgroundJobs/Volo/Abp/BackgroundJobs/BackgroundJobWorker.cs,53,Microsoft.Extensions.DependencyInjection.ServiceProviderServiceExtensions,GetRequiredService,System.IServiceProvider,Extension
abp:0114,abp,framework/src/Volo.Abp.BackgroundJobs/Volo/Abp/BackgroundJobs/BackgroundJobWorker.cs,54,Microsoft.Extensions.DependencyInjection.ServiceProviderServiceExtensions,GetRequiredService,System.IServiceProvider,Extension
abp:0115,abp,framework/src/Volo.Abp.BackgroundJobs/Volo/Abp/BackgroundJobs/BackgroundJobWorker.cs,55,Microsoft.Extensions.DependencyInjection.ServiceProviderServiceExtensions,GetRequiredService,System.IServiceProvider,Extension
abp:0122,abp,framework/src/Volo.Abp.BackgroundWorkers/Volo/Abp/BackgroundWorkers/AsyncPeriodicBackgroundWorkerBase.cs,60,Microsoft.Extensions.DependencyInjection.ServiceProviderServiceExtensions,GetRequiredService,System.IServiceProvider,Extension
abp:0128,abp,framework/src/Volo.Abp.BackgroundWorkers/Volo/Abp/BackgroundWorkers/PeriodicBackgroundWorkerBase.cs,55,Microsoft.Extensions.DependencyInjection.ServiceProviderServiceExtensions,GetRequiredService,System.IServiceProvider,Extension
abp:0132,abp,framework/src/Volo.Abp.Caching/Volo/Abp/Caching/DistributedCache.cs,1505,Microsoft.Extensions.DependencyInjection.ServiceProviderServiceExtensions,GetRequiredService,System.IServiceProvider,Extension
abp:0133,abp,framework/src/Volo.Abp.Caching/Volo/Abp/Caching/Hybrid/AbpHybridCache.cs,406,Microsoft.Extensions.DependencyInjection.ServiceProviderServiceExtensions,GetRequiredService,System.IServiceProvider,Extension
abp:0134,abp,framework/src/Volo.Abp.Caching/Volo/Abp/Caching/Hybrid/AbpHybridCache.cs,442,Microsoft.Extensions.DependencyInjection.ServiceProviderServiceExtensions,GetService,System.IServiceProvider,Extension
abp:0135,abp,framework/src/Volo.Abp.Caching/Volo/Abp/Caching/Hybrid/AbpHybridCache.cs,445,Microsoft.Extensions.DependencyInjection.ServiceProviderServiceExtensions,GetServices,System.IServiceProvider,Extension
abp:0136,abp,framework/src/Volo.Abp.Cli.Core/Volo/Abp/Cli/Auth/AuthService.cs,58,Microsoft.Extensions.Logging.LoggerExtensions,LogError,Microsoft.Extensions.Logging.ILogger,Extension
abp:0137,abp,framework/src/Volo.Abp.Cli.Core/Volo/Abp/Cli/Auth/AuthService.cs,161,System.Net.Http.HttpClient,PostAsync,System.Net.Http.HttpClient,NonVirtual
abp:0138,abp,framework/src/Volo.Abp.Cli.Core/Volo/Abp/Cli/Auth/AuthService.cs,165,Microsoft.Extensions.Logging.LoggerExtensions,LogWarning,Microsoft.Extensions.Logging.ILogger,Extension
abp:0139,abp,framework/src/Volo.Abp.Cli.Core/Volo/Abp/Cli/Auth/AuthService.cs,173,Microsoft.Extensions.Logging.LoggerExtensions,LogWarning,Microsoft.Extensions.Logging.ILogger,Extension
abp:0140,abp,framework/src/Volo.Abp.Cli.Core/Volo/Abp/Cli/Bundling/BundlerBase.cs,159,Microsoft.Extensions.Logging.LoggerExtensions,LogWarning,Microsoft.Extensions.Logging.ILogger,Extension
abp:0141,abp,framework/src/Volo.Abp.Cli.Core/Volo/Abp/Cli/Bundling/BundlingService.cs,39,Microsoft.Extensions.Logging.LoggerExtensions,LogWarning,Microsoft.Extensions.Logging.ILogger,Extension
abp:0142,abp,framework/src/Volo.Abp.Cli.Core/Volo/Abp/Cli/Bundling/BundlingService.cs,100,Microsoft.Extensions.Logging.LoggerExtensions,LogInformation,Microsoft.Extensions.Logging.ILogger,Extension
abp:0143,abp,framework/src/Volo.Abp.Cli.Core/Volo/Abp/Cli/Bundling/BundlingService.cs,102,Microsoft.Extensions.Logging.LoggerExtensions,LogInformation,Microsoft.Extensions.Logging.ILogger,Extension
abp:0144,abp,framework/src/Volo.Abp.Cli.Core/Volo/Abp/Cli/Bundling/BundlingService.cs,104,Microsoft.Extensions.Logging.LoggerExtensions,LogInformation,Microsoft.Extensions.Logging.ILogger,Extension
abp:0145,abp,framework/src/Volo.Abp.Cli.Core/Volo/Abp/Cli/Bundling/BundlingService.cs,106,Microsoft.Extensions.Logging.LoggerExtensions,LogInformation,Microsoft.Extensions.Logging.ILogger,Extension
abp:0146,abp,framework/src/Volo.Abp.Cli.Core/Volo/Abp/Cli/Bundling/BundlingService.cs,110,Microsoft.Extensions.Logging.LoggerExtensions,LogInformation,Microsoft.Extensions.Logging.ILogger,Extension
abp:0147,abp,framework/src/Volo.Abp.Cli.Core/Volo/Abp/Cli/Bundling/BundlingService.cs,112,Microsoft.Extensions.Logging.LoggerExtensions,LogInformation,Microsoft.Extensions.Logging.ILogger,Extension
abp:0148,abp,framework/src/Volo.Abp.Cli.Core/Volo/Abp/Cli/Bundling/BundlingService.cs,130,Microsoft.Extensions.Logging.LoggerExtensions,LogInformation,Microsoft.Extensions.Logging.ILogger,Extension
abp:0149,abp,framework/src/Volo.Abp.Cli.Core/Volo/Abp/Cli/CliService.cs,59,Microsoft.Extensions.Logging.LoggerExtensions,LogInformation,Microsoft.Extensions.Logging.ILogger,Extension
abp:0150,abp,framework/src/Volo.Abp.Cli.Core/Volo/Abp/Cli/CliService.cs,88,Microsoft.Extensions.Logging.LoggerExtensions,LogWarning,Microsoft.Extensions.Logging.ILogger,Extension
abp:0151,abp,framework/src/Volo.Abp.Cli.Core/Volo/Abp/Cli/CliService.cs,130,Microsoft.Extensions.Logging.LoggerExtensions,LogWarning,Microsoft.Extensions.Logging.ILogger,Extension
abp:0152,abp,framework/src/Volo.Abp.Cli.Core/Volo/Abp/Cli/CliService.cs,181,Microsoft.Extensions.DependencyInjection.ServiceProviderServiceExtensions,GetRequiredService,System.IServiceProvider,Extension
abp:0153,abp,framework/src/Volo.Abp.Cli.Core/Volo/Abp/Cli/CliService.cs,219,Microsoft.Extensions.Logging.LoggerExtensions,LogWarning,Microsoft.Extensions.Logging.ILogger,Extension
abp:0154,abp,framework/src/Volo.Abp.Cli.Core/Volo/Abp/Cli/CliService.cs,311,Microsoft.Extensions.Logging.LoggerExtensions,LogWarning,Microsoft.Extensions.Logging.ILogger,Extension
abp:0155,abp,framework/src/Volo.Abp.Cli.Core/Volo/Abp/Cli/CliService.cs,315,Microsoft.Extensions.Logging.LoggerExtensions,LogWarning,Microsoft.Extensions.Logging.ILogger,Extension
abp:0156,abp,framework/src/Volo.Abp.Cli.Core/Volo/Abp/Cli/CliService.cs,318,Microsoft.Extensions.Logging.LoggerExtensions,LogWarning,Microsoft.Extensions.Logging.ILogger,Extension
abp:0157,abp,framework/src/Volo.Abp.Cli.Core/Volo/Abp/Cli/CliService.cs,319,Microsoft.Extensions.Logging.LoggerExtensions,LogWarning,Microsoft.Extensions.Logging.ILogger,Extension
abp:0158,abp,framework/src/Volo.Abp.Cli.Core/Volo/Abp/Cli/CliService.cs,325,Microsoft.Extensions.Logging.LoggerExtensions,LogWarning,Microsoft.Extensions.Logging.ILogger,Extension
abp:0159,abp,framework/src/Volo.Abp.Cli.Core/Volo/Abp/Cli/CliService.cs,329,Microsoft.Extensions.Logging.LoggerExtensions,LogWarning,Microsoft.Extensions.Logging.ILogger,Extension
abp:0160,abp,framework/src/Volo.Abp.Cli.Core/Volo/Abp/Cli/CliService.cs,334,Microsoft.Extensions.Logging.LoggerExtensions,LogWarning,Microsoft.Extensions.Logging.ILogger,Extension
abp:0161,abp,framework/src/Volo.Abp.Cli.Core/Volo/Abp/Cli/CliService.cs,335,Microsoft.Extensions.Logging.LoggerExtensions,LogWarning,Microsoft.Extensions.Logging.ILogger,Extension
abp:0162,abp,framework/src/Volo.Abp.Cli.Core/Volo/Abp/Cli/CliService.cs,341,Microsoft.Extensions.Logging.LoggerExtensions,LogWarning,Microsoft.Extensions.Logging.ILogger,Extension
abp:0163,abp,framework/src/Volo.Abp.Cli.Core/Volo/Abp/Cli/Commands/CleanCommand.cs,39,Microsoft.Extensions.Logging.LoggerExtensions,LogInformation,Microsoft.Extensions.Logging.ILogger,Extension
abp:0164,abp,framework/src/Volo.Abp.Cli.Core/Volo/Abp/Cli/Commands/CleanCommand.cs,42,Microsoft.Extensions.Logging.LoggerExtensions,LogInformation,Microsoft.Extensions.Logging.ILogger,Extension
abp:0165,abp,framework/src/Volo.Abp.Cli.Core/Volo/Abp/Cli/Commands/CleanCommand.cs,47,Microsoft.Extensions.Logging.LoggerExtensions,LogInformation,Microsoft.Extensions.Logging.ILogger,Extension
abp:0166,abp,framework/src/Volo.Abp.Cli.Core/Volo/Abp/Cli/Commands/CleanCommand.cs,51,Microsoft.Extensions.Logging.LoggerExtensions,LogInformation,Microsoft.Extensions.Logging.ILogger,Extension
abp:0167,abp,framework/src/Volo.Abp.Cli.Core/Volo/Abp/Cli/Commands/CleanCommand.cs,55,Microsoft.Extensions.Logging.LoggerExtensions,LogInformation,Microsoft.Extensions.Logging.ILogger,Extension
abp:0168,abp,framework/src/Volo.Abp.Cli.Core/Volo/Abp/Cli/Commands/CleanCommand.cs,57,Microsoft.Extensions.Logging.LoggerExtensions,LogInformation,Microsoft.Extensions.Logging.ILogger,Extension
abp:0169,abp,framework/src/Volo.Abp.Cli.Core/Volo/Abp/Cli/Commands/ClearDownloadCacheCommand.cs,25,Microsoft.Extensions.Logging.LoggerExtensions,LogInformation,Microsoft.Extensions.Logging.ILogger,Extension
abp:0170,abp,framework/src/Volo.Abp.Cli.Core/Volo/Abp/Cli/Commands/ClearDownloadCacheCommand.cs,28,Microsoft.Extensions.Logging.LoggerExtensions,LogInformation,Microsoft.Extensions.Logging.ILogger,Extension
abp:0171,abp,framework/src/Volo.Abp.Cli.Core/Volo/Abp/Cli/Commands/ClearDownloadCacheCommand.cs,35,Microsoft.Extensions.Logging.LoggerExtensions,LogError,Microsoft.Extensions.Logging.ILogger,Extension
abp:0172,abp,framework/src/Volo.Abp.Cli.Core/Volo/Abp/Cli/Commands/ClearDownloadCacheCommand.cs,38,Microsoft.Extensions.Logging.LoggerExtensions,LogInformation,Microsoft.Extensions.Logging.ILogger,Extension
abp:0173,abp,framework/src/Volo.Abp.Cli.Core/Volo/Abp/Cli/Commands/CliCommand.cs,76,Microsoft.Extensions.Logging.LoggerExtensions,LogInformation,Microsoft.Extensions.Logging.ILogger,Extension
abp:0174,abp,framework/src/Volo.Abp.Cli.Core/Volo/Abp/Cli/Commands/CliCommand.cs,88,Microsoft.Extensions.Logging.LoggerExtensions,LogInformation,Microsoft.Extensions.Logging.ILogger,Extension
abp:0175,abp,framework/src/Volo.Abp.Cli.Core/Volo/Abp/Cli/Commands/CliCommand.cs,100,Microsoft.Extensions.Logging.LoggerExtensions,LogError,Microsoft.Extensions.Logging.ILogger,Extension
abp:0176,abp,framework/src/Volo.Abp.Cli.Core/Volo/Abp/Cli/Commands/CliCommand.cs,118,Microsoft.Extensions.Logging.LoggerExtensions,LogError,Microsoft.Extensions.Logging.ILogger,Extension
abp:0177,abp,framework/src/Volo.Abp.Cli.Core/Volo/Abp/Cli/Commands/CliCommand.cs,119,Microsoft.Extensions.Logging.LoggerExtensions,LogError,Microsoft.Extensions.Logging.ILogger,Extension
abp:0178,abp,framework/src/Volo.Abp.Cli.Core/Volo/Abp/Cli/Commands/CliCommand.cs,124,Microsoft.Extensions.Logging.LoggerExtensions,LogInformation,Microsoft.Extensions.Logging.ILogger,Extension
abp:0179,abp,framework/src/Volo.Abp.Cli.Core/Volo/Abp/Cli/Commands/CreateMigrationAndRunMigratorCommand.cs,69,Microsoft.Extensions.Logging.LoggerExtensions,LogError,Microsoft.Extensions.Logging.ILogger,Extension
abp:0180,abp,framework/src/Volo.Abp.Cli.Core/Volo/Abp/Cli/Commands/GenerateRazorPage.cs,39,Microsoft.Extensions.Logging.LoggerExtensions,LogInformation,Microsoft.Extensions.Logging.ILogger,Extension
abp:0181,abp,framework/src/Volo.Abp.Cli.Core/Volo/Abp/Cli/Commands/GenerateRazorPage.cs,97,Microsoft.Extensions.Logging.LoggerExtensions,LogInformation,Microsoft.Extensions.Logging.ILogger,Extension
abp:0182,abp,framework/src/Volo.Abp.Cli.Core/Volo/Abp/Cli/Commands/GenerateRazorPage.cs,105,Microsoft.Extensions.Logging.LoggerExtensions,LogInformation,Microsoft.Extensions.Logging.ILogger,Extension
abp:0183,abp,framework/src/Volo.Abp.Cli.Core/Volo/Abp/Cli/Commands/GenerateRazorPage.cs,115,Microsoft.Extensions.Logging.LoggerExtensions,LogInformation,Microsoft.Extensions.Logging.ILogger,Extension
abp:0184,abp,framework/src/Volo.Abp.Cli.Core/Volo/Abp/Cli/Commands/GenerateRazorPage.cs,129,Microsoft.Extensions.Logging.LoggerExtensions,LogInformation,Microsoft.Extensions.Logging.ILogger,Extension
abp:0185,abp,framework/src/Volo.Abp.Cli.Core/Volo/Abp/Cli/Commands/GenerateRazorPage.cs,212,Microsoft.Extensions.Logging.LoggerExtensions,LogInformation,Microsoft.Extensions.Logging.ILogger,Extension
abp:0186,abp,framework/src/Volo.Abp.Cli.Core/Volo/Abp/Cli/Commands/GetSourceCommand.cs,48,Microsoft.Extensions.Logging.LoggerExtensions,LogInformation,Microsoft.Extensions.Logging.ILogger,Extension
abp:0187,abp,framework/src/Volo.Abp.Cli.Core/Volo/Abp/Cli/Commands/GetSourceCommand.cs,54,Microsoft.Extensions.Logging.LoggerExtensions,LogInformation,Microsoft.Extensions.Logging.ILogger,Extension
abp:0188,abp,framework/src/Volo.Abp.Cli.Core/Volo/Abp/Cli/Commands/HelpCommand.cs,37,Microsoft.Extensions.Logging.LoggerExtensions,LogInformation,Microsoft.Extensions.Logging.ILogger,Extension
abp:0189,abp,framework/src/Volo.Abp.Cli.Core/Volo/Abp/Cli/Commands/HelpCommand.cs,43,Microsoft.Extensions.Logging.LoggerExtensions,LogWarning,Microsoft.Extensions.Logging.ILogger,Extension
abp:0190,abp,framework/src/Volo.Abp.Cli.Core/Volo/Abp/Cli/Commands/HelpCommand.cs,44,Microsoft.Extensions.Logging.LoggerExtensions,LogInformation,Microsoft.Extensions.Logging.ILogger,Extension
abp:0191,abp,framework/src/Volo.Abp.Cli.Core/Volo/Abp/Cli/Commands/HelpCommand.cs,52,Microsoft.Extensions.DependencyInjection.ServiceProviderServiceExtensions,GetRequiredService,System.IServiceProvider,Extension
abp:0192,abp,framework/src/Volo.Abp.Cli.Core/Volo/Abp/Cli/Commands/HelpCommand.cs,53,Microsoft.Extensions.Logging.LoggerExtensions,LogInformation,Microsoft.Extensions.Logging.ILogger,Extension
abp:0193,abp,framework/src/Volo.Abp.Cli.Core/Volo/Abp/Cli/Commands/Internal/RecreateInitialMigrationCommand.cs,43,Microsoft.Extensions.Logging.LoggerExtensions,LogInformation,Microsoft.Extensions.Logging.ILogger,Extension
abp:0194,abp,framework/src/Volo.Abp.Cli.Core/Volo/Abp/Cli/Commands/Internal/RecreateInitialMigrationCommand.cs,74,Microsoft.Extensions.Logging.LoggerExtensions,LogInformation,Microsoft.Extensions.Logging.ILogger,Extension
abp:0195,abp,framework/src/Volo.Abp.Cli.Core/Volo/Abp/Cli/Commands/ListModulesCommand.cs,59,Microsoft.Extensions.Logging.LoggerExtensions,LogInformation,Microsoft.Extensions.Logging.ILogger,Extension
abp:0196,abp,framework/src/Volo.Abp.Cli.Core/Volo/Abp/Cli/Commands/ListTemplatesCommand.cs,71,Microsoft.Extensions.Logging.LoggerExtensions,LogInformation,Microsoft.Extensions.Logging.ILogger,Extension
abp:0197,abp,framework/src/Volo.Abp.Cli.Core/Volo/Abp/Cli/Commands/ListTemplatesCommand.cs,78,System.Net.Http.HttpClient,GetAsync,System.Net.Http.HttpClient,NonVirtual
abp:0198,abp,framework/src/Volo.Abp.Cli.Core/Volo/Abp/Cli/Commands/LoginCommand.cs,86,Microsoft.Extensions.Logging.LoggerExtensions,LogInformation,Microsoft.Extensions.Logging.ILogger,Extension
abp:0199,abp,framework/src/Volo.Abp.Cli.Core/Volo/Abp/Cli/Commands/LoginCommand.cs,101,Microsoft.Extensions.Logging.LoggerExtensions,LogInformation,Microsoft.Extensions.Logging.ILogger,Extension
abp:0200,abp,framework/src/Volo.Abp.Cli.Core/Volo/Abp/Cli/Commands/LoginCommand.cs,110,Microsoft.Extensions.Logging.LoggerExtensions,LogError,Microsoft.Extensions.Logging.ILogger,Extension
abp:0201,abp,framework/src/Volo.Abp.Cli.Core/Volo/Abp/Cli/Commands/LoginCommand.cs,121,Microsoft.Extensions.Logging.LoggerExtensions,LogError,Microsoft.Extensions.Logging.ILogger,Extension
abp:0202,abp,framework/src/Volo.Abp.Cli.Core/Volo/Abp/Cli/Commands/LoginCommand.cs,127,Microsoft.Extensions.Logging.LoggerExtensions,LogError,Microsoft.Extensions.Logging.ILogger,Extension
abp:0203,abp,framework/src/Volo.Abp.Cli.Core/Volo/Abp/Cli/Commands/LoginCommand.cs,133,Microsoft.Extensions.Logging.LoggerExtensions,LogError,Microsoft.Extensions.Logging.ILogger,Extension
abp:0204,abp,framework/src/Volo.Abp.Cli.Core/Volo/Abp/Cli/Commands/LoginCommand.cs,137,Microsoft.Extensions.Logging.LoggerExtensions,LogError,Microsoft.Extensions.Logging.ILogger,Extension
abp:0205,abp,framework/src/Volo.Abp.Cli.Core/Volo/Abp/Cli/Commands/LoginInfoCommand.cs,29,Microsoft.Extensions.Logging.LoggerExtensions,LogError,Microsoft.Extensions.Logging.ILogger,Extension
abp:0206,abp,framework/src/Volo.Abp.Cli.Core/Volo/Abp/Cli/Commands/LoginInfoCommand.cs,37,Microsoft.Extensions.Logging.LoggerExtensions,LogError,Microsoft.Extensions.Logging.ILogger,Extension
abp:0207,abp,framework/src/Volo.Abp.Cli.Core/Volo/Abp/Cli/Commands/LoginInfoCommand.cs,49,Microsoft.Extensions.Logging.LoggerExtensions,LogInformation,Microsoft.Extensions.Logging.ILogger,Extension
abp:0208,abp,framework/src/Volo.Abp.Cli.Core/Volo/Abp/Cli/Commands/LogoutCommand.cs,28,Microsoft.Extensions.Logging.LoggerExtensions,LogInformation,Microsoft.Extensions.Logging.ILogger,Extension
abp:0209,abp,framework/src/Volo.Abp.Cli.Core/Volo/Abp/Cli/Commands/NewCommand.cs,79,Microsoft.Extensions.Logging.LoggerExtensions,LogInformation,Microsoft.Extensions.Logging.ILogger,Extension
abp:0210,abp,framework/src/Volo.Abp.Cli.Core/Volo/Abp/Cli/Commands/NewCommand.cs,80,Microsoft.Extensions.Logging.LoggerExtensions,LogInformation,Microsoft.Extensions.Logging.ILogger,Extension
abp:0211,abp,framework/src/Volo.Abp.Cli.Core/Volo/Abp/Cli/Commands/NewCommand.cs,85,Microsoft.Extensions.Logging.LoggerExtensions,LogInformation,Microsoft.Extensions.Logging.ILogger,Extension
abp:0212,abp,framework/src/Volo.Abp.Cli.Core/Volo/Abp/Cli/Commands/NewCommand.cs,95,Microsoft.Extensions.Logging.LoggerExtensions,LogInformation,Microsoft.Extensions.Logging.ILogger,Extension
abp:0213,abp,framework/src/Volo.Abp.Cli.Core/Volo/Abp/Cli/Commands/NewCommand.cs,121,Microsoft.Extensions.Logging.LoggerExtensions,LogInformation,Microsoft.Extensions.Logging.ILogger,Extension
abp:0214,abp,framework/src/Volo.Abp.Cli.Core/Volo/Abp/Cli/Commands/NewCommand.cs,193,Microsoft.Extensions.Logging.LoggerExtensions,LogWarning,Microsoft.Extensions.Logging.ILogger,Extension
abp:0215,abp,framework/src/Volo.Abp.Cli.Core/Volo/Abp/Cli/Commands/ProjectCreationCommandBase.cs,84,Microsoft.Extensions.Logging.LoggerExtensions,LogInformation,Microsoft.Extensions.Logging.ILogger,Extension
abp:0216,abp,framework/src/Volo.Abp.Cli.Core/Volo/Abp/Cli/Commands/ProjectCreationCommandBase.cs,90,Microsoft.Extensions.Logging.LoggerExtensions,LogInformation,Microsoft.Extensions.Logging.ILogger,Extension
abp:0217,abp,framework/src/Volo.Abp.Cli.Core/Volo/Abp/Cli/Commands/ProjectCreationCommandBase.cs,107,Microsoft.Extensions.Logging.LoggerExtensions,LogInformation,Microsoft.Extensions.Logging.ILogger,Extension
abp:0218,abp,framework/src/Volo.Abp.Cli.Core/Volo/Abp/Cli/Commands/ProjectCreationCommandBase.cs,113,Microsoft.Extensions.Logging.LoggerExtensions,LogInformation,Microsoft.Extensions.Logging.ILogger,Extension
abp:0219,abp,framework/src/Volo.Abp.Cli.Core/Volo/Abp/Cli/Commands/ProjectCreationCommandBase.cs,119,Microsoft.Extensions.Logging.LoggerExtensions,LogInformation,Microsoft.Extensions.Logging.ILogger,Extension
abp:0220,abp,framework/src/Volo.Abp.Cli.Core/Volo/Abp/Cli/Commands/ProjectCreationCommandBase.cs,125,Microsoft.Extensions.Logging.LoggerExtensions,LogInformation,Microsoft.Extensions.Logging.ILogger,Extension
abp:0221,abp,framework/src/Volo.Abp.Cli.Core/Volo/Abp/Cli/Commands/ProjectCreationCommandBase.cs,131,Microsoft.Extensions.Logging.LoggerExtensions,LogInformation,Microsoft.Extensions.Logging.ILogger,Extension
abp:0222,abp,framework/src/Volo.Abp.Cli.Core/Volo/Abp/Cli/Commands/ProjectCreationCommandBase.cs,137,Microsoft.Extensions.Logging.LoggerExtensions,LogInformation,Microsoft.Extensions.Logging.ILogger,Extension
abp:0223,abp,framework/src/Volo.Abp.Cli.Core/Volo/Abp/Cli/Commands/ProjectCreationCommandBase.cs,143,Microsoft.Extensions.Logging.LoggerExtensions,LogInformation,Microsoft.Extensions.Logging.ILogger,Extension
abp:0224,abp,framework/src/Volo.Abp.Cli.Core/Volo/Abp/Cli/Commands/ProjectCreationCommandBase.cs,149,Microsoft.Extensions.Logging.LoggerExtensions,LogInformation,Microsoft.Extensions.Logging.ILogger,Extension
abp:0225,abp,framework/src/Volo.Abp.Cli.Core/Volo/Abp/Cli/Commands/ProjectCreationCommandBase.cs,155,Microsoft.Extensions.Logging.LoggerExtensions,LogInformation,Microsoft.Extensions.Logging.ILogger,Extension
abp:0226,abp,framework/src/Volo.Abp.Cli.Core/Volo/Abp/Cli/Commands/ProjectCreationCommandBase.cs,161,Microsoft.Extensions.Logging.LoggerExtensions,LogInformation,Microsoft.Extensions.Logging.ILogger,Extension
abp:0227,abp,framework/src/Volo.Abp.Cli.Core/Volo/Abp/Cli/Commands/ProjectCreationCommandBase.cs,221,Microsoft.Extensions.Logging.LoggerExtensions,LogInformation,Microsoft.Extensions.Logging.ILogger,Extension
abp:0228,abp,framework/src/Volo.Abp.Cli.Core/Volo/Abp/Cli/Commands/ProjectCreationCommandBase.cs,417,Microsoft.Extensions.Logging.LoggerExtensions,LogInformation,Microsoft.Extensions.Logging.ILogger,Extension
abp:0229,abp,framework/src/Volo.Abp.Cli.Core/Volo/Abp/Cli/Commands/ProjectCreationCommandBase.cs,446,Microsoft.Extensions.Logging.LoggerExtensions,LogInformation,Microsoft.Extensions.Logging.ILogger,Extension
abp:0230,abp,framework/src/Volo.Abp.Cli.Core/Volo/Abp/Cli/Commands/ProjectCreationCommandBase.cs,537,Microsoft.Extensions.Logging.LoggerExtensions,LogWarning,Microsoft.Extensions.Logging.ILogger,Extension
abp:0231,abp,framework/src/Volo.Abp.Cli.Core/Volo/Abp/Cli/Commands/ProjectCreationCommandBase.cs,587,Microsoft.Extensions.Logging.LoggerExtensions,LogInformation,Microsoft.Extensions.Logging.ILogger,Extension
abp:0232,abp,framework/src/Volo.Abp.Cli.Core/Volo/Abp/Cli/Commands/ProjectCreationCommandBase.cs,592,Microsoft.Extensions.Logging.LoggerExtensions,LogWarning,Microsoft.Extensions.Logging.ILogger,Extension
abp:0233,abp,framework/src/Volo.Abp.Cli.Core/Volo/Abp/Cli/Commands/ProjectCreationCommandBase.cs,604,Microsoft.Extensions.Logging.LoggerExtensions,LogInformation,Microsoft.Extensions.Logging.ILogger,Extension
abp:0234,abp,framework/src/Volo.Abp.Cli.Core/Volo/Abp/Cli/Commands/ProjectCreationCommandBase.cs,776,Microsoft.Extensions.Logging.LoggerExtensions,LogInformation,Microsoft.Extensions.Logging.ILogger,Extension
abp:0235,abp,framework/src/Volo.Abp.Cli.Core/Volo/Abp/Cli/Commands/ProjectCreationCommandBase.cs,783,Microsoft.Extensions.Logging.LoggerExtensions,LogInformation,Microsoft.Extensions.Logging.ILogger,Extension
abp:0236,abp,framework/src/Volo.Abp.Cli.Core/Volo/Abp/Cli/Commands/Services/AbpNuGetIndexUrlService.cs,26,Microsoft.Extensions.Logging.LoggerExtensions,LogWarning,Microsoft.Extensions.Logging.ILogger,Extension
abp:0237,abp,framework/src/Volo.Abp.Cli.Core/Volo/Abp/Cli/Commands/Services/AbpNuGetIndexUrlService.cs,32,Microsoft.Extensions.Logging.LoggerExtensions,LogWarning,Microsoft.Extensions.Logging.ILogger,Extension
abp:0238,abp,framework/src/Volo.Abp.Cli.Core/Volo/Abp/Cli/Commands/Services/AbpNuGetIndexUrlService.cs,38,Microsoft.Extensions.Logging.LoggerExtensions,LogError,Microsoft.Extensions.Logging.ILogger,Extension
abp:0239,abp,framework/src/Volo.Abp.Cli.Core/Volo/Abp/Cli/Commands/Services/DotnetEfToolManager.cs,37,Microsoft.Extensions.Logging.LoggerExtensions,LogInformation,Microsoft.Extensions.Logging.ILogger,Extension
abp:0240,abp,framework/src/Volo.Abp.Cli.Core/Volo/Abp/Cli/Commands/Services/DotnetEfToolManager.cs,39,Microsoft.Extensions.Logging.LoggerExtensions,LogInformation,Microsoft.Extensions.Logging.ILogger,Extension
abp:0241,abp,framework/src/Volo.Abp.Cli.Core/Volo/Abp/Cli/Commands/Services/InitialMigrationCreator.cs,30,Microsoft.Extensions.Logging.LoggerExtensions,LogError,Microsoft.Extensions.Logging.ILogger,Extension
abp:0242,abp,framework/src/Volo.Abp.Cli.Core/Volo/Abp/Cli/Commands/Services/InitialMigrationCreator.cs,34,Microsoft.Extensions.Logging.LoggerExtensions,LogInformation,Microsoft.Extensions.Logging.ILogger,Extension
abp:0243,abp,framework/src/Volo.Abp.Cli.Core/Volo/Abp/Cli/Commands/Services/InitialMigrationCreator.cs,52,Microsoft.Extensions.Logging.LoggerExtensions,LogInformation,Microsoft.Extensions.Logging.ILogger,Extension
abp:0244,abp,framework/src/Volo.Abp.Cli.Core/Volo/Abp/Cli/Commands/Services/InitialMigrationCreator.cs,56,Microsoft.Extensions.Logging.LoggerExtensions,LogError,Microsoft.Extensions.Logging.ILogger,Extension
abp:0245,abp,framework/src/Volo.Abp.Cli.Core/Volo/Abp/Cli/Commands/Services/SourceCodeDownloadService.cs,33,Microsoft.Extensions.Logging.LoggerExtensions,LogInformation,Microsoft.Extensions.Logging.ILogger,Extension
abp:0246,abp,framework/src/Volo.Abp.Cli.Core/Volo/Abp/Cli/Commands/Services/SourceCodeDownloadService.cs,34,Microsoft.Extensions.Logging.LoggerExtensions,LogInformation,Microsoft.Extensions.Logging.ILogger,Extension
abp:0247,abp,framework/src/Volo.Abp.Cli.Core/Volo/Abp/Cli/Commands/Services/SourceCodeDownloadService.cs,93,Microsoft.Extensions.Logging.LoggerExtensions,LogInformation,Microsoft.Extensions.Logging.ILogger,Extension
abp:0248,abp,framework/src/Volo.Abp.Cli.Core/Volo/Abp/Cli/Commands/Services/SourceCodeDownloadService.cs,98,Microsoft.Extensions.Logging.LoggerExtensions,LogInformation,Microsoft.Extensions.Logging.ILogger,Extension
abp:0249,abp,framework/src/Volo.Abp.Cli.Core/Volo/Abp/Cli/Commands/Services/SourceCodeDownloadService.cs,99,Microsoft.Extensions.Logging.LoggerExtensions,LogInformation,Microsoft.Extensions.Logging.ILogger,Extension
abp:0250,abp,framework/src/Volo.Abp.Cli.Core/Volo/Abp/Cli/Commands/Services/SourceCodeDownloadService.cs,100,Microsoft.Extensions.Logging.LoggerExtensions,LogInformation,Microsoft.Extensions.Logging.ILogger,Extension
abp:0251,abp,framework/src/Volo.Abp.Cli.Core/Volo/Abp/Cli/Commands/Services/SourceCodeDownloadService.cs,144,Microsoft.Extensions.Logging.LoggerExtensions,LogInformation,Microsoft.Extensions.Logging.ILogger,Extension
abp:0252,abp,framework/src/Volo.Abp.Cli.Core/Volo/Abp/Cli/Commands/Services/SourceCodeDownloadService.cs,149,Microsoft.Extensions.Logging.LoggerExtensions,LogInformation,Microsoft.Extensions.Logging.ILogger,Extension
abp:0253,abp,framework/src/Volo.Abp.Cli.Core/Volo/Abp/Cli/Commands/Services/SourceCodeDownloadService.cs,150,Microsoft.Extensions.Logging.LoggerExtensions,LogInformation,Microsoft.Extensions.Logging.ILogger,Extension
abp:0254,abp,framework/src/Volo.Abp.Cli.Core/Volo/Abp/Cli/Commands/Services/SourceCodeDownloadService.cs,151,Microsoft.Extensions.Logging.LoggerExtensions,LogInformation,Microsoft.Extensions.Logging.ILogger,Extension
abp:0255,abp,framework/src/Volo.Abp.Cli.Core/Volo/Abp/Cli/Commands/Services/SourceCodeDownloadService.cs,195,Microsoft.Extensions.Logging.LoggerExtensions,LogInformation,Microsoft.Extensions.Logging.ILogger,Extension
abp:0256,abp,framework/src/Volo.Abp.Cli.Core/Volo/Abp/Cli/Commands/SuiteCommand.cs,107,Microsoft.Extensions.Logging.LoggerExtensions,LogInformation,Microsoft.Extensions.Logging.ILogger,Extension
abp:0257,abp,framework/src/Volo.Abp.Cli.Core/Volo/Abp/Cli/Commands/SuiteCommand.cs,127,Microsoft.Extensions.Logging.LoggerExtensions,LogInformation,Microsoft.Extensions.Logging.ILogger,Extension
abp:0258,abp,framework/src/Volo.Abp.Cli.Core/Volo/Abp/Cli/Commands/SuiteCommand.cs,137,System.Net.Http.HttpClient,GetAsync,System.Net.Http.HttpClient,NonVirtual
abp:0259,abp,framework/src/Volo.Abp.Cli.Core/Volo/Abp/Cli/Commands/SuiteCommand.cs,145,Microsoft.Extensions.Logging.LoggerExtensions,LogInformation,Microsoft.Extensions.Logging.ILogger,Extension
abp:0260,abp,framework/src/Volo.Abp.Cli.Core/Volo/Abp/Cli/Commands/SuiteCommand.cs,155,System.Net.Http.HttpClient,PostAsync,System.Net.Http.HttpClient,NonVirtual
abp:0261,abp,framework/src/Volo.Abp.Cli.Core/Volo/Abp/Cli/Commands/SuiteCommand.cs,164,Microsoft.Extensions.Logging.LoggerExtensions,LogError,Microsoft.Extensions.Logging.ILogger,Extension
abp:0262,abp,framework/src/Volo.Abp.Cli.Core/Volo/Abp/Cli/Commands/SuiteCommand.cs,168,Microsoft.Extensions.Logging.LoggerExtensions,LogInformation,Microsoft.Extensions.Logging.ILogger,Extension
abp:0263,abp,framework/src/Volo.Abp.Cli.Core/Volo/Abp/Cli/Commands/SuiteCommand.cs,173,Microsoft.Extensions.Logging.LoggerExtensions,LogInformation,Microsoft.Extensions.Logging.ILogger,Extension
abp:0264,abp,framework/src/Volo.Abp.Cli.Core/Volo/Abp/Cli/Commands/SuiteCommand.cs,200,Microsoft.Extensions.Logging.LoggerExtensions,LogError,Microsoft.Extensions.Logging.ILogger,Extension
abp:0265,abp,framework/src/Volo.Abp.Cli.Core/Volo/Abp/Cli/Commands/SuiteCommand.cs,223,System.Net.Http.HttpClient,PostAsync,System.Net.Http.HttpClient,NonVirtual
abp:0266,abp,framework/src/Volo.Abp.Cli.Core/Volo/Abp/Cli/Commands/SuiteCommand.cs,237,Microsoft.Extensions.Logging.LoggerExtensions,LogError,Microsoft.Extensions.Logging.ILogger,Extension
abp:0267,abp,framework/src/Volo.Abp.Cli.Core/Volo/Abp/Cli/Commands/SuiteCommand.cs,281,Microsoft.Extensions.Logging.LoggerExtensions,LogInformation,Microsoft.Extensions.Logging.ILogger,Extension
abp:0268,abp,framework/src/Volo.Abp.Cli.Core/Volo/Abp/Cli/Commands/SuiteCommand.cs,300,Microsoft.Extensions.Logging.LoggerExtensions,LogInformation,Microsoft.Extensions.Logging.ILogger,Extension
abp:0269,abp,framework/src/Volo.Abp.Cli.Core/Volo/Abp/Cli/Commands/SuiteCommand.cs,315,Microsoft.Extensions.Logging.LoggerExtensions,LogInformation,Microsoft.Extensions.Logging.ILogger,Extension
abp:0270,abp,framework/src/Volo.Abp.Cli.Core/Volo/Abp/Cli/Commands/SuiteCommand.cs,316,Microsoft.Extensions.Logging.LoggerExtensions,LogInformation,Microsoft.Extensions.Logging.ILogger,Extension
abp:0271,abp,framework/src/Volo.Abp.Cli.Core/Volo/Abp/Cli/Commands/SuiteCommand.cs,325,Microsoft.Extensions.Logging.LoggerExtensions,LogError,Microsoft.Extensions.Logging.ILogger,Extension
abp:0272,abp,framework/src/Volo.Abp.Cli.Core/Volo/Abp/Cli/Commands/SuiteCommand.cs,332,Microsoft.Extensions.Logging.LoggerExtensions,LogInformation,Microsoft.Extensions.Logging.ILogger,Extension
abp:0273,abp,framework/src/Volo.Abp.Cli.Core/Volo/Abp/Cli/Commands/SuiteCommand.cs,333,Microsoft.Extensions.Logging.LoggerExtensions,LogInformation,Microsoft.Extensions.Logging.ILogger,Extension
abp:0274,abp,framework/src/Volo.Abp.Cli.Core/Volo/Abp/Cli/Commands/SuiteCommand.cs,353,Microsoft.Extensions.Logging.LoggerExtensions,LogInformation,Microsoft.Extensions.Logging.ILogger,Extension
abp:0275,abp,framework/src/Volo.Abp.Cli.Core/Volo/Abp/Cli/Commands/SuiteCommand.cs,358,Microsoft.Extensions.Logging.LoggerExtensions,LogError,Microsoft.Extensions.Logging.ILogger,Extension
abp:0276,abp,framework/src/Volo.Abp.Cli.Core/Volo/Abp/Cli/Commands/SuiteCommand.cs,372,Microsoft.Extensions.Logging.LoggerExtensions,LogInformation,Microsoft.Extensions.Logging.ILogger,Extension
abp:0277,abp,framework/src/Volo.Abp.Cli.Core/Volo/Abp/Cli/Commands/SuiteCommand.cs,392,Microsoft.Extensions.Logging.LoggerExtensions,LogError,Microsoft.Extensions.Logging.ILogger,Extension
abp:0278,abp,framework/src/Volo.Abp.Cli.Core/Volo/Abp/Cli/Commands/SuiteCommand.cs,410,Microsoft.Extensions.Logging.LoggerExtensions,LogError,Microsoft.Extensions.Logging.ILogger,Extension
abp:0279,abp,framework/src/Volo.Abp.Cli.Core/Volo/Abp/Cli/Commands/SuiteCommand.cs,411,Microsoft.Extensions.Logging.LoggerExtensions,LogError,Microsoft.Extensions.Logging.ILogger,Extension
abp:0280,abp,framework/src/Volo.Abp.Cli.Core/Volo/Abp/Cli/Commands/SuiteCommand.cs,426,Microsoft.Extensions.Logging.LoggerExtensions,LogWarning,Microsoft.Extensions.Logging.ILogger,Extension
abp:0281,abp,framework/src/Volo.Abp.Cli.Core/Volo/Abp/Cli/Commands/SuiteCommand.cs,433,Microsoft.Extensions.Logging.LoggerExtensions,LogWarning,Microsoft.Extensions.Logging.ILogger,Extension
abp:0282,abp,framework/src/Volo.Abp.Cli.Core/Volo/Abp/Cli/Commands/SuiteCommand.cs,443,Microsoft.Extensions.Logging.LoggerExtensions,LogInformation,Microsoft.Extensions.Logging.ILogger,Extension
abp:0283,abp,framework/src/Volo.Abp.Cli.Core/Volo/Abp/Cli/Commands/SuiteCommand.cs,450,Microsoft.Extensions.Logging.LoggerExtensions,LogError,Microsoft.Extensions.Logging.ILogger,Extension
abp:0284,abp,framework/src/Volo.Abp.Cli.Core/Volo/Abp/Cli/Commands/SuiteCommand.cs,489,Microsoft.Extensions.Logging.LoggerExtensions,LogWarning,Microsoft.Extensions.Logging.ILogger,Extension
abp:0285,abp,framework/src/Volo.Abp.Cli.Core/Volo/Abp/Cli/Commands/SuiteCommand.cs,495,Microsoft.Extensions.Logging.LoggerExtensions,LogWarning,Microsoft.Extensions.Logging.ILogger,Extension
abp:0286,abp,framework/src/Volo.Abp.Cli.Core/Volo/Abp/Cli/Commands/SuiteCommand.cs,505,Microsoft.Extensions.Logging.LoggerExtensions,LogError,Microsoft.Extensions.Logging.ILogger,Extension
abp:0287,abp,framework/src/Volo.Abp.Cli.Core/Volo/Abp/Cli/Commands/SuiteCommand.cs,533,Microsoft.Extensions.Logging.LoggerExtensions,LogInformation,Microsoft.Extensions.Logging.ILogger,Extension
abp:0288,abp,framework/src/Volo.Abp.Cli.Core/Volo/Abp/Cli/Commands/SuiteCommand.cs,538,Microsoft.Extensions.Logging.LoggerExtensions,LogInformation,Microsoft.Extensions.Logging.ILogger,Extension
abp:0289,abp,framework/src/Volo.Abp.Cli.Core/Volo/Abp/Cli/Commands/TranslateCommand.cs,71,Microsoft.Extensions.Logging.LoggerExtensions,LogInformation,Microsoft.Extensions.Logging.ILogger,Extension
abp:0290,abp,framework/src/Volo.Abp.Cli.Core/Volo/Abp/Cli/Commands/TranslateCommand.cs,72,Microsoft.Extensions.Logging.LoggerExtensions,LogInformation,Microsoft.Extensions.Logging.ILogger,Extension
abp:0291,abp,framework/src/Volo.Abp.Cli.Core/Volo/Abp/Cli/Commands/TranslateCommand.cs,73,Microsoft.Extensions.Logging.LoggerExtensions,LogInformation,Microsoft.Extensions.Logging.ILogger,Extension
abp:0292,abp,framework/src/Volo.Abp.Cli.Core/Volo/Abp/Cli/Commands/TranslateCommand.cs,74,Microsoft.Extensions.Logging.LoggerExtensions,LogInformation,Microsoft.Extensions.Logging.ILogger,Extension
abp:0293,abp,framework/src/Volo.Abp.Cli.Core/Volo/Abp/Cli/Commands/TranslateCommand.cs,77,Microsoft.Extensions.Logging.LoggerExtensions,LogInformation,Microsoft.Extensions.Logging.ILogger,Extension
abp:0294,abp,framework/src/Volo.Abp.Cli.Core/Volo/Abp/Cli/Commands/TranslateCommand.cs,82,Microsoft.Extensions.Logging.LoggerExtensions,LogInformation,Microsoft.Extensions.Logging.ILogger,Extension
abp:0295,abp,framework/src/Volo.Abp.Cli.Core/Volo/Abp/Cli/Commands/TranslateCommand.cs,152,Microsoft.Extensions.Logging.LoggerExtensions,LogInformation,Microsoft.Extensions.Logging.ILogger,Extension
abp:0296,abp,framework/src/Volo.Abp.Cli.Core/Volo/Abp/Cli/Commands/TranslateCommand.cs,153,Microsoft.Extensions.Logging.LoggerExtensions,LogInformation,Microsoft.Extensions.Logging.ILogger,Extension
abp:0297,abp,framework/src/Volo.Abp.Cli.Core/Volo/Abp/Cli/Commands/TranslateCommand.cs,154,Microsoft.Extensions.Logging.LoggerExtensions,LogInformation,Microsoft.Extensions.Logging.ILogger,Extension
abp:0298,abp,framework/src/Volo.Abp.Cli.Core/Volo/Abp/Cli/Commands/TranslateCommand.cs,157,Microsoft.Extensions.Logging.LoggerExtensions,LogInformation,Microsoft.Extensions.Logging.ILogger,Extension
abp:0299,abp,framework/src/Volo.Abp.Cli.Core/Volo/Abp/Cli/Commands/TranslateCommand.cs,217,Microsoft.Extensions.Logging.LoggerExtensions,LogInformation,Microsoft.Extensions.Logging.ILogger,Extension
abp:0300,abp,framework/src/Volo.Abp.Cli.Core/Volo/Abp/Cli/Commands/TranslateCommand.cs,223,Microsoft.Extensions.Logging.LoggerExtensions,LogInformation,Microsoft.Extensions.Logging.ILogger,Extension
abp:0301,abp,framework/src/Volo.Abp.Cli.Core/Volo/Abp/Cli/Commands/TranslateCommand.cs,228,Microsoft.Extensions.Logging.LoggerExtensions,LogInformation,Microsoft.Extensions.Logging.ILogger,Extension
abp:0302,abp,framework/src/Volo.Abp.Cli.Core/Volo/Abp/Cli/Commands/TranslateCommand.cs,295,Microsoft.Extensions.Logging.LoggerExtensions,LogInformation,Microsoft.Extensions.Logging.ILogger,Extension
abp:0303,abp,framework/src/Volo.Abp.Cli.Core/Volo/Abp/Cli/Commands/TranslateCommand.cs,296,Microsoft.Extensions.Logging.LoggerExtensions,LogInformation,Microsoft.Extensions.Logging.ILogger,Extension
abp:0304,abp,framework/src/Volo.Abp.Cli.Core/Volo/Abp/Cli/Commands/TranslateCommand.cs,355,Microsoft.Extensions.Logging.LoggerExtensions,LogInformation,Microsoft.Extensions.Logging.ILogger,Extension
abp:0305,abp,framework/src/Volo.Abp.Cli.Core/Volo/Abp/Cli/Commands/TranslateCommand.cs,361,Microsoft.Extensions.Logging.LoggerExtensions,LogInformation,Microsoft.Extensions.Logging.ILogger,Extension
abp:0306,abp,framework/src/Volo.Abp.Cli.Core/Volo/Abp/Cli/Commands/TranslateCommand.cs,366,Microsoft.Extensions.Logging.LoggerExtensions,LogInformation,Microsoft.Extensions.Logging.ILogger,Extension
abp:0307,abp,framework/src/Volo.Abp.Cli.Core/Volo/Abp/Cli/Commands/TranslateCommand.cs,374,Microsoft.Extensions.Logging.LoggerExtensions,LogInformation,Microsoft.Extensions.Logging.ILogger,Extension
abp:0308,abp,framework/src/Volo.Abp.Cli.Core/Volo/Abp/Cli/Commands/TranslateCommand.cs,495,Microsoft.Extensions.Logging.LoggerExtensions,LogError,Microsoft.Extensions.Logging.ILogger,Extension
abp:0309,abp,framework/src/Volo.Abp.Cli.Core/Volo/Abp/Cli/Commands/TranslateCommand.cs,500,Microsoft.Extensions.Logging.LoggerExtensions,LogInformation,Microsoft.Extensions.Logging.ILogger,Extension
abp:0310,abp,framework/src/Volo.Abp.Cli.Core/Volo/Abp/Cli/Commands/UpdateCommand.cs,89,Microsoft.Extensions.Logging.LoggerExtensions,LogInformation,Microsoft.Extensions.Logging.ILogger,Extension
abp:0311,abp,framework/src/Volo.Abp.Cli.Core/Volo/Abp/Cli/Commands/UpdateCommand.cs,102,Microsoft.Extensions.Logging.LoggerExtensions,LogInformation,Microsoft.Extensions.Logging.ILogger,Extension
abp:0312,abp,framework/src/Volo.Abp.Cli.Core/Volo/Abp/Cli/Http/CliHttpClientExtensions.cs,81,System.Net.Http.HttpClient,GetAsync,System.Net.Http.HttpClient,NonVirtual
abp:0313,abp,framework/src/Volo.Abp.Cli.Core/Volo/Abp/Cli/LIbs/InstallLibsService.cs,41,Microsoft.Extensions.Logging.LoggerExtensions,LogError,Microsoft.Extensions.Logging.ILogger,Extension
abp:0314,abp,framework/src/Volo.Abp.Cli.Core/Volo/Abp/Cli/LIbs/InstallLibsService.cs,47,Microsoft.Extensions.Logging.LoggerExtensions,LogWarning,Microsoft.Extensions.Logging.ILogger,Extension
abp:0315,abp,framework/src/Volo.Abp.Cli.Core/Volo/Abp/Cli/LIbs/InstallLibsService.cs,51,Microsoft.Extensions.Logging.LoggerExtensions,LogInformation,Microsoft.Extensions.Logging.ILogger,Extension
abp:0316,abp,framework/src/Volo.Abp.Cli.Core/Volo/Abp/Cli/LIbs/InstallLibsService.cs,54,Microsoft.Extensions.Logging.LoggerExtensions,LogInformation,Microsoft.Extensions.Logging.ILogger,Extension
abp:0317,abp,framework/src/Volo.Abp.Cli.Core/Volo/Abp/Cli/ProjectBuilding/AbpIoSourceCodeStore.cs,75,Microsoft.Extensions.Logging.LoggerExtensions,LogWarning,Microsoft.Extensions.Logging.ILogger,Extension
abp:0318,abp,framework/src/Volo.Abp.Cli.Core/Volo/Abp/Cli/ProjectBuilding/AbpIoSourceCodeStore.cs,76,Microsoft.Extensions.Logging.LoggerExtensions,LogWarning,Microsoft.Extensions.Logging.ILogger,Extension
abp:0319,abp,framework/src/Volo.Abp.Cli.Core/Volo/Abp/Cli/ProjectBuilding/AbpIoSourceCodeStore.cs,77,Microsoft.Extensions.Logging.LoggerExtensions,LogWarning,Microsoft.Extensions.Logging.ILogger,Extension
abp:0320,abp,framework/src/Volo.Abp.Cli.Core/Volo/Abp/Cli/ProjectBuilding/AbpIoSourceCodeStore.cs,78,Microsoft.Extensions.Logging.LoggerExtensions,LogWarning,Microsoft.Extensions.Logging.ILogger,Extension
abp:0321,abp,framework/src/Volo.Abp.Cli.Core/Volo/Abp/Cli/ProjectBuilding/AbpIoSourceCodeStore.cs,83,Microsoft.Extensions.Logging.LoggerExtensions,LogWarning,Microsoft.Extensions.Logging.ILogger,Extension
abp:0322,abp,framework/src/Volo.Abp.Cli.Core/Volo/Abp/Cli/ProjectBuilding/AbpIoSourceCodeStore.cs,86,Microsoft.Extensions.Logging.LoggerExtensions,LogWarning,Microsoft.Extensions.Logging.ILogger,Extension
abp:0323,abp,framework/src/Volo.Abp.Cli.Core/Volo/Abp/Cli/ProjectBuilding/AbpIoSourceCodeStore.cs,136,Microsoft.Extensions.Logging.LoggerExtensions,LogWarning,Microsoft.Extensions.Logging.ILogger,Extension
abp:0324,abp,framework/src/Volo.Abp.Cli.Core/Volo/Abp/Cli/ProjectBuilding/AbpIoSourceCodeStore.cs,139,Microsoft.Extensions.Logging.LoggerExtensions,LogWarning,Microsoft.Extensions.Logging.ILogger,Extension
abp:0325,abp,framework/src/Volo.Abp.Cli.Core/Volo/Abp/Cli/ProjectBuilding/AbpIoSourceCodeStore.cs,143,Microsoft.Extensions.Logging.LoggerExtensions,LogWarning,Microsoft.Extensions.Logging.ILogger,Extension
abp:0326,abp,framework/src/Volo.Abp.Cli.Core/Volo/Abp/Cli/ProjectBuilding/AbpIoSourceCodeStore.cs,147,Microsoft.Extensions.Logging.LoggerExtensions,LogWarning,Microsoft.Extensions.Logging.ILogger,Extension
abp:0327,abp,framework/src/Volo.Abp.Cli.Core/Volo/Abp/Cli/ProjectBuilding/AbpIoSourceCodeStore.cs,148,Microsoft.Extensions.Logging.LoggerExtensions,LogWarning,Microsoft.Extensions.Logging.ILogger,Extension
abp:0328,abp,framework/src/Volo.Abp.Cli.Core/Volo/Abp/Cli/ProjectBuilding/AbpIoSourceCodeStore.cs,155,Microsoft.Extensions.Logging.LoggerExtensions,LogWarning,Microsoft.Extensions.Logging.ILogger,Extension
abp:0329,abp,framework/src/Volo.Abp.Cli.Core/Volo/Abp/Cli/ProjectBuilding/AbpIoSourceCodeStore.cs,156,Microsoft.Extensions.Logging.LoggerExtensions,LogWarning,Microsoft.Extensions.Logging.ILogger,Extension
abp:0330,abp,framework/src/Volo.Abp.Cli.Core/Volo/Abp/Cli/ProjectBuilding/AbpIoSourceCodeStore.cs,170,Microsoft.Extensions.Logging.LoggerExtensions,LogInformation,Microsoft.Extensions.Logging.ILogger,Extension
abp:0331,abp,framework/src/Volo.Abp.Cli.Core/Volo/Abp/Cli/ProjectBuilding/AbpIoSourceCodeStore.cs,186,Microsoft.Extensions.Logging.LoggerExtensions,LogInformation,Microsoft.Extensions.Logging.ILogger,Extension
abp:0332,abp,framework/src/Volo.Abp.Cli.Core/Volo/Abp/Cli/ProjectBuilding/AbpIoSourceCodeStore.cs,196,Microsoft.Extensions.Logging.LoggerExtensions,LogInformation,Microsoft.Extensions.Logging.ILogger,Extension
abp:0333,abp,framework/src/Volo.Abp.Cli.Core/Volo/Abp/Cli/ProjectBuilding/AbpIoSourceCodeStore.cs,200,Microsoft.Extensions.Logging.LoggerExtensions,LogInformation,Microsoft.Extensions.Logging.ILogger,Extension
abp:0334,abp,framework/src/Volo.Abp.Cli.Core/Volo/Abp/Cli/ProjectBuilding/AbpIoSourceCodeStore.cs,240,System.Net.Http.HttpClient,PostAsync,System.Net.Http.HttpClient,NonVirtual
abp:0335,abp,framework/src/Volo.Abp.Cli.Core/Volo/Abp/Cli/ProjectBuilding/AbpIoSourceCodeStore.cs,273,System.Net.Http.HttpClient,PostAsync,System.Net.Http.HttpClient,NonVirtual
abp:0336,abp,framework/src/Volo.Abp.Cli.Core/Volo/Abp/Cli/ProjectBuilding/AbpIoSourceCodeStore.cs,295,System.Net.Http.HttpClient,GetAsync,System.Net.Http.HttpClient,NonVirtual
abp:0337,abp,framework/src/Volo.Abp.Cli.Core/Volo/Abp/Cli/ProjectBuilding/AbpIoSourceCodeStore.cs,325,System.Net.Http.HttpClient,PostAsync,System.Net.Http.HttpClient,NonVirtual
abp:0338,abp,framework/src/Volo.Abp.Cli.Core/Volo/Abp/Cli/ProjectBuilding/AbpIoSourceCodeStore.cs,333,System.Net.Http.HttpClient,GetAsync,System.Net.Http.HttpClient,NonVirtual
abp:0339,abp,framework/src/Volo.Abp.Cli.Core/Volo/Abp/Cli/ProjectBuilding/AbpIoSourceCodeStore.cs,347,Microsoft.Extensions.Logging.LoggerExtensions,LogWarning,Microsoft.Extensions.Logging.ILogger,Extension
abp:0340,abp,framework/src/Volo.Abp.Cli.Core/Volo/Abp/Cli/ProjectBuilding/Analyticses/CliAnalyticsCollect.cs,60,System.Net.Http.HttpClient,PostAsync,System.Net.Http.HttpClient,NonVirtual
abp:0341,abp,framework/src/Volo.Abp.Cli.Core/Volo/Abp/Cli/ProjectBuilding/Analyticses/CliAnalyticsCollect.cs,76,Microsoft.Extensions.Logging.LoggerExtensions,LogInformation,Microsoft.Extensions.Logging.ILogger,Extension
abp:0342,abp,framework/src/Volo.Abp.Cli.Core/Volo/Abp/Cli/ProjectBuilding/ModuleInfoProvider.cs,56,System.Net.Http.HttpClient,GetAsync,System.Net.Http.HttpClient,NonVirtual
abp:0343,abp,framework/src/Volo.Abp.Cli.Core/Volo/Abp/Cli/ProjectBuilding/ModuleProjectBuilder.cs,80,Microsoft.Extensions.Logging.LoggerExtensions,LogInformation,Microsoft.Extensions.Logging.ILogger,Extension
abp:0344,abp,framework/src/Volo.Abp.Cli.Core/Volo/Abp/Cli/ProjectBuilding/NpmPackageInfoProvider.cs,51,System.Net.Http.HttpClient,GetAsync,System.Net.Http.HttpClient,NonVirtual
abp:0345,abp,framework/src/Volo.Abp.Cli.Core/Volo/Abp/Cli/ProjectBuilding/NugetPackageInfoProvider.cs,51,System.Net.Http.HttpClient,GetAsync,System.Net.Http.HttpClient,NonVirtual
abp:0346,abp,framework/src/Volo.Abp.Cli.Core/Volo/Abp/Cli/ProjectBuilding/TemplateProjectBuilder.cs,140,Microsoft.Extensions.Logging.LoggerExtensions,LogInformation,Microsoft.Extensions.Logging.ILogger,Extension
abp:0347,abp,framework/src/Volo.Abp.Cli.Core/Volo/Abp/Cli/ProjectBuilding/TemplateProjectBuilder.cs,238,Microsoft.Extensions.Logging.LoggerExtensions,LogInformation,Microsoft.Extensions.Logging.ILogger,Extension
abp:0348,abp,framework/src/Volo.Abp.Cli.Core/Volo/Abp/Cli/ProjectBuilding/TemplateProjectBuilder.cs,245,Microsoft.Extensions.Logging.LoggerExtensions,LogWarning,Microsoft.Extensions.Logging.ILogger,Extension
abp:0349,abp,framework/src/Volo.Abp.Cli.Core/Volo/Abp/Cli/ProjectBuilding/TemplateProjectBuilder.cs,253,Microsoft.Extensions.Logging.LoggerExtensions,LogInformation,Microsoft.Extensions.Logging.ILogger,Extension
abp:0350,abp,framework/src/Volo.Abp.Cli.Core/Volo/Abp/Cli/ProjectModification/AngularSourceCodeAdder.cs,43,Microsoft.Extensions.Logging.LoggerExtensions,LogError,Microsoft.Extensions.Logging.ILogger,Extension
abp:0351,abp,framework/src/Volo.Abp.Cli.Core/Volo/Abp/Cli/ProjectModification/AngularSourceCodeAdder.cs,64,Microsoft.Extensions.Logging.LoggerExtensions,LogError,Microsoft.Extensions.Logging.ILogger,Extension
abp:0352,abp,framework/src/Volo.Abp.Cli.Core/Volo/Abp/Cli/ProjectModification/DbContextFileBuilderConfigureAdder.cs,35,Microsoft.Extensions.Logging.LoggerExtensions,LogWarning,Microsoft.Extensions.Logging.ILogger,Extension
abp:0353,abp,framework/src/Volo.Abp.Cli.Core/Volo/Abp/Cli/ProjectModification/DerivedClassFinder.cs,47,Microsoft.Extensions.Logging.LoggerExtensions,LogDebug,Microsoft.Extensions.Logging.ILogger,Extension
abp:0354,abp,framework/src/Volo.Abp.Cli.Core/Volo/Abp/Cli/ProjectModification/LocalReferenceConverter.cs,29,Microsoft.Extensions.Logging.LoggerExtensions,LogInformation,Microsoft.Extensions.Logging.ILogger,Extension
abp:0355,abp,framework/src/Volo.Abp.Cli.Core/Volo/Abp/Cli/ProjectModification/LocalReferenceConverter.cs,33,Microsoft.Extensions.Logging.LoggerExtensions,LogInformation,Microsoft.Extensions.Logging.ILogger,Extension
abp:0356,abp,framework/src/Volo.Abp.Cli.Core/Volo/Abp/Cli/ProjectModification/LocalReferenceConverter.cs,38,Microsoft.Extensions.Logging.LoggerExtensions,LogInformation,Microsoft.Extensions.Logging.ILogger,Extension
abp:0357,abp,framework/src/Volo.Abp.Cli.Core/Volo/Abp/Cli/ProjectModification/MyGetPackageListFinder.cs,40,System.Net.Http.HttpClient,GetAsync,System.Net.Http.HttpClient,NonVirtual
abp:0358,abp,framework/src/Volo.Abp.Cli.Core/Volo/Abp/Cli/ProjectModification/MyGetPackageListFinder.cs,51,Microsoft.Extensions.Logging.LoggerExtensions,LogError,Microsoft.Extensions.Logging.ILogger,Extension
abp:0359,abp,framework/src/Volo.Abp.Cli.Core/Volo/Abp/Cli/ProjectModification/NpmPackagesUpdater.cs,287,Microsoft.Extensions.Logging.LoggerExtensions,LogInformation,Microsoft.Extensions.Logging.ILogger,Extension
abp:0360,abp,framework/src/Volo.Abp.Cli.Core/Volo/Abp/Cli/ProjectModification/NpmPackagesUpdater.cs,381,Microsoft.Extensions.Logging.LoggerExtensions,LogInformation,Microsoft.Extensions.Logging.ILogger,Extension
abp:0361,abp,framework/src/Volo.Abp.Cli.Core/Volo/Abp/Cli/ProjectModification/NpmPackagesUpdater.cs,387,Microsoft.Extensions.Logging.LoggerExtensions,LogInformation,Microsoft.Extensions.Logging.ILogger,Extension
abp:0362,abp,framework/src/Volo.Abp.Cli.Core/Volo/Abp/Cli/ProjectModification/NpmPackagesUpdater.cs,393,Microsoft.Extensions.Logging.LoggerExtensions,LogInformation,Microsoft.Extensions.Logging.ILogger,Extension
abp:0363,abp,framework/src/Volo.Abp.Cli.Core/Volo/Abp/Cli/ProjectModification/NugetPackageToLocalReferenceConverter.cs,42,Microsoft.Extensions.Logging.LoggerExtensions,LogWarning,Microsoft.Extensions.Logging.ILogger,Extension
abp:0364,abp,framework/src/Volo.Abp.Cli.Core/Volo/Abp/Cli/ProjectModification/PackageSourceManager.cs,24,Microsoft.Extensions.Logging.LoggerExtensions,LogInformation,Microsoft.Extensions.Logging.ILogger,Extension
abp:0365,abp,framework/src/Volo.Abp.Cli.Core/Volo/Abp/Cli/ProjectModification/PackageSourceManager.cs,74,Microsoft.Extensions.Logging.LoggerExtensions,LogWarning,Microsoft.Extensions.Logging.ILogger,Extension
abp:0366,abp,framework/src/Volo.Abp.Cli.Core/Volo/Abp/Cli/ProjectModification/PackageSourceManager.cs,85,Microsoft.Extensions.Logging.LoggerExtensions,LogWarning,Microsoft.Extensions.Logging.ILogger,Extension
abp:0367,abp,framework/src/Volo.Abp.Cli.Core/Volo/Abp/Cli/ProjectModification/PackageSourceManager.cs,119,Microsoft.Extensions.Logging.LoggerExtensions,LogInformation,Microsoft.Extensions.Logging.ILogger,Extension
abp:0368,abp,framework/src/Volo.Abp.Cli.Core/Volo/Abp/Cli/ProjectModification/PackageSourceManager.cs,138,Microsoft.Extensions.Logging.LoggerExtensions,LogWarning,Microsoft.Extensions.Logging.ILogger,Extension
abp:0369,abp,framework/src/Volo.Abp.Cli.Core/Volo/Abp/Cli/ProjectModification/ProjectNpmPackageAdder.cs,71,Microsoft.Extensions.Logging.LoggerExtensions,LogError,Microsoft.Extensions.Logging.ILogger,Extension
abp:0370,abp,framework/src/Volo.Abp.Cli.Core/Volo/Abp/Cli/ProjectModification/ProjectNpmPackageAdder.cs,75,Microsoft.Extensions.Logging.LoggerExtensions,LogInformation,Microsoft.Extensions.Logging.ILogger,Extension
abp:0371,abp,framework/src/Volo.Abp.Cli.Core/Volo/Abp/Cli/ProjectModification/ProjectNpmPackageAdder.cs,83,Microsoft.Extensions.Logging.LoggerExtensions,LogInformation,Microsoft.Extensions.Logging.ILogger,Extension
abp:0372,abp,framework/src/Volo.Abp.Cli.Core/Volo/Abp/Cli/ProjectModification/ProjectNpmPackageAdder.cs,89,Microsoft.Extensions.Logging.LoggerExtensions,LogInformation,Microsoft.Extensions.Logging.ILogger,Extension
abp:0373,abp,framework/src/Volo.Abp.Cli.Core/Volo/Abp/Cli/ProjectModification/ProjectNpmPackageAdder.cs,104,Microsoft.Extensions.Logging.LoggerExtensions,LogError,Microsoft.Extensions.Logging.ILogger,Extension
abp:0374,abp,framework/src/Volo.Abp.Cli.Core/Volo/Abp/Cli/ProjectModification/ProjectNpmPackageAdder.cs,105,Microsoft.Extensions.Logging.LoggerExtensions,LogInformation,Microsoft.Extensions.Logging.ILogger,Extension
abp:0375,abp,framework/src/Volo.Abp.Cli.Core/Volo/Abp/Cli/ProjectModification/ProjectNpmPackageAdder.cs,108,Microsoft.Extensions.Logging.LoggerExtensions,LogInformation,Microsoft.Extensions.Logging.ILogger,Extension
abp:0376,abp,framework/src/Volo.Abp.Cli.Core/Volo/Abp/Cli/ProjectModification/ProjectNpmPackageAdder.cs,140,Microsoft.Extensions.Logging.LoggerExtensions,LogInformation,Microsoft.Extensions.Logging.ILogger,Extension
abp:0377,abp,framework/src/Volo.Abp.Cli.Core/Volo/Abp/Cli/ProjectModification/ProjectNpmPackageAdder.cs,151,Microsoft.Extensions.Logging.LoggerExtensions,LogInformation,Microsoft.Extensions.Logging.ILogger,Extension
abp:0378,abp,framework/src/Volo.Abp.Cli.Core/Volo/Abp/Cli/ProjectModification/ProjectNpmPackageAdder.cs,159,Microsoft.Extensions.Logging.LoggerExtensions,LogInformation,Microsoft.Extensions.Logging.ILogger,Extension
abp:0379,abp,framework/src/Volo.Abp.Cli.Core/Volo/Abp/Cli/ProjectModification/ProjectNpmPackageAdder.cs,174,Microsoft.Extensions.Logging.LoggerExtensions,LogInformation,Microsoft.Extensions.Logging.ILogger,Extension
abp:0380,abp,framework/src/Volo.Abp.Cli.Core/Volo/Abp/Cli/ProjectModification/ProjectNpmPackageAdder.cs,179,Microsoft.Extensions.Logging.LoggerExtensions,LogInformation,Microsoft.Extensions.Logging.ILogger,Extension
abp:0381,abp,framework/src/Volo.Abp.Cli.Core/Volo/Abp/Cli/ProjectModification/ProjectNpmPackageAdder.cs,187,Microsoft.Extensions.Logging.LoggerExtensions,LogInformation,Microsoft.Extensions.Logging.ILogger,Extension
abp:0382,abp,framework/src/Volo.Abp.Cli.Core/Volo/Abp/Cli/ProjectModification/ProjectNpmPackageAdder.cs,223,Microsoft.Extensions.Logging.LoggerExtensions,LogWarning,Microsoft.Extensions.Logging.ILogger,Extension
abp:0383,abp,framework/src/Volo.Abp.Cli.Core/Volo/Abp/Cli/ProjectModification/ProjectNpmPackageAdder.cs,234,System.Net.Http.HttpClient,GetAsync,System.Net.Http.HttpClient,NonVirtual
abp:0384,abp,framework/src/Volo.Abp.Cli.Core/Volo/Abp/Cli/ProjectModification/ProjectNugetPackageAdder.cs,253,Microsoft.Extensions.Logging.LoggerExtensions,LogInformation,Microsoft.Extensions.Logging.ILogger,Extension
abp:0385,abp,framework/src/Volo.Abp.Cli.Core/Volo/Abp/Cli/ProjectModification/ProjectNugetPackageAdder.cs,259,Microsoft.Extensions.Logging.LoggerExtensions,LogInformation,Microsoft.Extensions.Logging.ILogger,Extension
abp:0386,abp,framework/src/Volo.Abp.Cli.Core/Volo/Abp/Cli/ProjectModification/ProjectNugetPackageAdder.cs,298,Microsoft.Extensions.Logging.LoggerExtensions,LogWarning,Microsoft.Extensions.Logging.ILogger,Extension
abp:0387,abp,framework/src/Volo.Abp.Cli.Core/Volo/Abp/Cli/ProjectModification/ProjectNugetPackageAdder.cs,302,Microsoft.Extensions.Logging.LoggerExtensions,LogInformation,Microsoft.Extensions.Logging.ILogger,Extension
abp:0388,abp,framework/src/Volo.Abp.Cli.Core/Volo/Abp/Cli/ProjectModification/ProjectNugetPackageAdder.cs,370,System.Net.Http.HttpClient,GetAsync,System.Net.Http.HttpClient,NonVirtual
abp:0389,abp,framework/src/Volo.Abp.Cli.Core/Volo/Abp/Cli/ProjectModification/SolutionModuleAdder.cs,113,Microsoft.Extensions.Logging.LoggerExtensions,LogInformation,Microsoft.Extensions.Logging.ILogger,Extension
abp:0390,abp,framework/src/Volo.Abp.Cli.Core/Volo/Abp/Cli/ProjectModification/SolutionModuleAdder.cs,661,Microsoft.Extensions.Logging.LoggerExtensions,LogDebug,Microsoft.Extensions.Logging.ILogger,Extension
abp:0391,abp,framework/src/Volo.Abp.Cli.Core/Volo/Abp/Cli/ProjectModification/SolutionModuleAdder.cs,691,Microsoft.Extensions.Logging.LoggerExtensions,LogDebug,Microsoft.Extensions.Logging.ILogger,Extension
abp:0392,abp,framework/src/Volo.Abp.Cli.Core/Volo/Abp/Cli/ProjectModification/SolutionModuleAdder.cs,726,Microsoft.Extensions.Logging.LoggerExtensions,LogDebug,Microsoft.Extensions.Logging.ILogger,Extension
abp:0393,abp,framework/src/Volo.Abp.Cli.Core/Volo/Abp/Cli/ProjectModification/SolutionModuleAdder.cs,740,Microsoft.Extensions.Logging.LoggerExtensions,LogDebug,Microsoft.Extensions.Logging.ILogger,Extension
abp:0394,abp,framework/src/Volo.Abp.Cli.Core/Volo/Abp/Cli/ProjectModification/SolutionModuleAdder.cs,784,System.Net.Http.HttpClient,GetAsync,System.Net.Http.HttpClient,NonVirtual
abp:0395,abp,framework/src/Volo.Abp.Cli.Core/Volo/Abp/Cli/ProjectModification/VoloNugetPackagesVersionUpdater.cs,215,Microsoft.Extensions.Logging.LoggerExtensions,LogWarning,Microsoft.Extensions.Logging.ILogger,Extension
abp:0396,abp,framework/src/Volo.Abp.Cli.Core/Volo/Abp/Cli/ProjectModification/VoloNugetPackagesVersionUpdater.cs,231,Microsoft.Extensions.Logging.LoggerExtensions,LogWarning,Microsoft.Extensions.Logging.ILogger,Extension
abp:0397,abp,framework/src/Volo.Abp.Cli.Core/Volo/Abp/Cli/ProjectModification/VoloNugetPackagesVersionUpdater.cs,244,Microsoft.Extensions.Logging.LoggerExtensions,LogWarning,Microsoft.Extensions.Logging.ILogger,Extension
abp:0398,abp,framework/src/Volo.Abp.Cli.Core/Volo/Abp/Cli/ProjectModification/VoloNugetPackagesVersionUpdater.cs,258,Microsoft.Extensions.Logging.LoggerExtensions,LogWarning,Microsoft.Extensions.Logging.ILogger,Extension
abp:0399,abp,framework/src/Volo.Abp.Cli.Core/Volo/Abp/Cli/ProjectModification/VoloNugetPackagesVersionUpdater.cs,269,Microsoft.Extensions.Logging.LoggerExtensions,LogWarning,Microsoft.Extensions.Logging.ILogger,Extension
abp:0400,abp,framework/src/Volo.Abp.Cli.Core/Volo/Abp/Cli/ProjectModification/VoloNugetPackagesVersionUpdater.cs,278,Microsoft.Extensions.Logging.LoggerExtensions,LogInformation,Microsoft.Extensions.Logging.ILogger,Extension
abp:0401,abp,framework/src/Volo.Abp.Cli.Core/Volo/Abp/Cli/ProjectModification/VoloNugetPackagesVersionUpdater.cs,283,Microsoft.Extensions.Logging.LoggerExtensions,LogWarning,Microsoft.Extensions.Logging.ILogger,Extension
abp:0402,abp,framework/src/Volo.Abp.Cli.Core/Volo/Abp/Cli/ProjectModification/VoloNugetPackagesVersionUpdater.cs,314,Microsoft.Extensions.Logging.LoggerExtensions,LogWarning,Microsoft.Extensions.Logging.ILogger,Extension
abp:0403,abp,framework/src/Volo.Abp.Cli.Core/Volo/Abp/Cli/ProjectModification/VoloNugetPackagesVersionUpdater.cs,320,Microsoft.Extensions.Logging.LoggerExtensions,LogInformation,Microsoft.Extensions.Logging.ILogger,Extension
abp:0404,abp,framework/src/Volo.Abp.Cli.Core/Volo/Abp/Cli/ProjectModification/VoloNugetPackagesVersionUpdater.cs,325,Microsoft.Extensions.Logging.LoggerExtensions,LogDebug,Microsoft.Extensions.Logging.ILogger,Extension
abp:0405,abp,framework/src/Volo.Abp.Cli.Core/Volo/Abp/Cli/ProjectModification/VoloNugetPackagesVersionUpdater.cs,362,Microsoft.Extensions.Logging.LoggerExtensions,LogError,Microsoft.Extensions.Logging.ILogger,Extension
abp:0406,abp,framework/src/Volo.Abp.Cli.Core/Volo/Abp/Cli/ServiceProxying/Angular/AngularServiceProxyGenerator.cs,123,Microsoft.Extensions.Logging.LoggerExtensions,LogWarning,Microsoft.Extensions.Logging.ILogger,Extension
abp:0407,abp,framework/src/Volo.Abp.Cli.Core/Volo/Abp/Cli/ServiceProxying/Angular/AngularServiceProxyGenerator.cs,130,Microsoft.Extensions.Logging.LoggerExtensions,LogWarning,Microsoft.Extensions.Logging.ILogger,Extension
abp:0408,abp,framework/src/Volo.Abp.Cli.Core/Volo/Abp/Cli/ServiceProxying/CSharp/CSharpServiceProxyGenerator.cs,135,Microsoft.Extensions.Logging.LoggerExtensions,LogInformation,Microsoft.Extensions.Logging.ILogger,Extension
abp:0409,abp,framework/src/Volo.Abp.Cli.Core/Volo/Abp/Cli/ServiceProxying/CSharp/CSharpServiceProxyGenerator.cs,202,Microsoft.Extensions.Logging.LoggerExtensions,LogInformation,Microsoft.Extensions.Logging.ILogger,Extension
abp:0410,abp,framework/src/Volo.Abp.Cli.Core/Volo/Abp/Cli/ServiceProxying/CSharp/CSharpServiceProxyGenerator.cs,234,Microsoft.Extensions.Logging.LoggerExtensions,LogInformation,Microsoft.Extensions.Logging.ILogger,Extension
abp:0411,abp,framework/src/Volo.Abp.Cli.Core/Volo/Abp/Cli/ServiceProxying/CSharp/CSharpServiceProxyGenerator.cs,264,Microsoft.Extensions.Logging.LoggerExtensions,LogInformation,Microsoft.Extensions.Logging.ILogger,Extension
abp:0412,abp,framework/src/Volo.Abp.Cli.Core/Volo/Abp/Cli/ServiceProxying/CSharp/CSharpServiceProxyGenerator.cs,519,Microsoft.Extensions.Logging.LoggerExtensions,LogInformation,Microsoft.Extensions.Logging.ILogger,Extension
abp:0413,abp,framework/src/Volo.Abp.Cli.Core/Volo/Abp/Cli/ServiceProxying/JavaScript/JavaScriptServiceProxyGenerator.cs,57,Microsoft.Extensions.Logging.LoggerExtensions,LogInformation,Microsoft.Extensions.Logging.ILogger,Extension
abp:0414,abp,framework/src/Volo.Abp.Cli.Core/Volo/Abp/Cli/ServiceProxying/JavaScript/JavaScriptServiceProxyGenerator.cs,72,Microsoft.Extensions.Logging.LoggerExtensions,LogInformation,Microsoft.Extensions.Logging.ILogger,Extension
abp:0415,abp,framework/src/Volo.Abp.Cli.Core/Volo/Abp/Cli/ServiceProxying/ServiceProxyGeneratorBase.cs,37,System.Net.Http.HttpClient,GetStringAsync,System.Net.Http.HttpClient,NonVirtual
abp:0416,abp,framework/src/Volo.Abp.Cli.Core/Volo/Abp/Cli/Utils/NpmHelper.cs,55,Microsoft.Extensions.Logging.LoggerExtensions,LogInformation,Microsoft.Extensions.Logging.ILogger,Extension
abp:0417,abp,framework/src/Volo.Abp.Cli.Core/Volo/Abp/Cli/Utils/NpmHelper.cs,61,Microsoft.Extensions.Logging.LoggerExtensions,LogInformation,Microsoft.Extensions.Logging.ILogger,Extension
abp:0418,abp,framework/src/Volo.Abp.Cli.Core/Volo/Abp/Cli/Utils/NpmHelper.cs,80,Microsoft.Extensions.Logging.LoggerExtensions,LogInformation,Microsoft.Extensions.Logging.ILogger,Extension
abp:0419,abp,framework/src/Volo.Abp.Cli.Core/Volo/Abp/Cli/Utils/NpmHelper.cs,86,Microsoft.Extensions.Logging.LoggerExtensions,LogInformation,Microsoft.Extensions.Logging.ILogger,Extension
abp:0420,abp,framework/src/Volo.Abp.Core/Microsoft/Extensions/DependencyInjection/ServiceCollectionCommonExtensions.cs,95,Microsoft.Extensions.DependencyInjection.ServiceProviderServiceExtensions,GetService,System.IServiceProvider,Extension
abp:0422,abp,framework/src/Volo.Abp.Core/Microsoft/Extensions/DependencyInjection/ServiceCollectionCommonExtensions.cs,133,Microsoft.Extensions.DependencyInjection.ServiceProviderServiceExtensions,GetRequiredService,System.IServiceProvider,Extension
abp:0423,abp,framework/src/Volo.Abp.Core/Microsoft/Extensions/Logging/AbpLoggerExtensions.cs,16,Microsoft.Extensions.Logging.LoggerExtensions,LogCritical,Microsoft.Extensions.Logging.ILogger,Extension
abp:0426,abp,framework/src/Volo.Abp.Core/Microsoft/Extensions/Logging/AbpLoggerExtensions.cs,25,Microsoft.Extensions.Logging.LoggerExtensions,LogInformation,Microsoft.Extensions.Logging.ILogger,Extension
abp:0427,abp,framework/src/Volo.Abp.Core/Microsoft/Extensions/Logging/AbpLoggerExtensions.cs,28,Microsoft.Extensions.Logging.LoggerExtensions,LogTrace,Microsoft.Extensions.Logging.ILogger,Extension
abp:0428,abp,framework/src/Volo.Abp.Core/Microsoft/Extensions/Logging/AbpLoggerExtensions.cs,31,Microsoft.Extensions.Logging.LoggerExtensions,LogDebug,Microsoft.Extensions.Logging.ILogger,Extension
abp:0429,abp,framework/src/Volo.Abp.Core/Microsoft/Extensions/Logging/AbpLoggerExtensions.cs,41,Microsoft.Extensions.Logging.LoggerExtensions,LogCritical,Microsoft.Extensions.Logging.ILogger,Extension
abp:0432,abp,framework/src/Volo.Abp.Core/Microsoft/Extensions/Logging/AbpLoggerExtensions.cs,50,Microsoft.Extensions.Logging.LoggerExtensions,LogInformation,Microsoft.Extensions.Logging.ILogger,Extension
abp:0433,abp,framework/src/Volo.Abp.Core/Microsoft/Extensions/Logging/AbpLoggerExtensions.cs,53,Microsoft.Extensions.Logging.LoggerExtensions,LogTrace,Microsoft.Extensions.Logging.ILogger,Extension
abp:0434,abp,framework/src/Volo.Abp.Core/Microsoft/Extensions/Logging/AbpLoggerExtensions.cs,56,Microsoft.Extensions.Logging.LoggerExtensions,LogDebug,Microsoft.Extensions.Logging.ILogger,Extension
abp:0446,abp,framework/src/Volo.Abp.Core/Volo/Abp/AbpApplicationBase.cs,181,Microsoft.Extensions.DependencyInjection.ServiceProviderServiceExtensions,CreateScope,System.IServiceProvider,Extension
abp:0447,abp,framework/src/Volo.Abp.Core/Volo/Abp/AbpApplicationBase.cs,182,Microsoft.Extensions.DependencyInjection.ServiceProviderServiceExtensions,GetRequiredService,System.IServiceProvider,Extension
abp:0455,abp,framework/src/Volo.Abp.Core/Volo/Abp/ExceptionHandling/ExceptionNotifier.cs,40,Microsoft.Extensions.Logging.LoggerExtensions,LogWarning,Microsoft.Extensions.Logging.ILogger,Extension
abp:0456,abp,framework/src/Volo.Abp.Core/Volo/Abp/Internal/Telemetry/Activity/Providers/TelemetryActivityEventEnricher.cs,50,Microsoft.Extensions.DependencyInjection.ServiceProviderServiceExtensions,CreateScope,System.IServiceProvider,Extension
abp:0457,abp,framework/src/Volo.Abp.Core/Volo/Abp/Internal/Telemetry/Activity/Providers/TelemetryActivityEventEnricher.cs,64,Microsoft.Extensions.DependencyInjection.ServiceProviderServiceExtensions,GetRequiredService,System.IServiceProvider,Extension
abp:0458,abp,framework/src/Volo.Abp.Core/Volo/Abp/Internal/Telemetry/TelemetryActivitySender.cs,78,System.Net.Http.HttpClient,PostAsync,System.Net.Http.HttpClient,NonVirtual
abp:0459,abp,framework/src/Volo.Abp.Core/Volo/Abp/Internal/Telemetry/TelemetryService.cs,74,Microsoft.Extensions.DependencyInjection.ServiceProviderServiceExtensions,GetRequiredService,System.IServiceProvider,Extension
abp:0460,abp,framework/src/Volo.Abp.Core/Volo/Abp/Internal/Telemetry/TelemetryService.cs,75,Microsoft.Extensions.DependencyInjection.ServiceProviderServiceExtensions,GetRequiredService,System.IServiceProvider,Extension
abp:0461,abp,framework/src/Volo.Abp.Core/Volo/Abp/Internal/Telemetry/TelemetryService.cs,76,Microsoft.Extensions.DependencyInjection.ServiceProviderServiceExtensions,GetRequiredService,System.IServiceProvider,Extension
abp:0462,abp,framework/src/Volo.Abp.Core/Volo/Abp/Localization/LocalizationContext.cs,17,Microsoft.Extensions.DependencyInjection.ServiceProviderServiceExtensions,GetRequiredService,System.IServiceProvider,Extension
abp:0474,abp,framework/src/Volo.Abp.Data/Volo/Abp/Data/AbpDataMigrationEnvironmentExtensions.cs,31,Microsoft.Extensions.DependencyInjection.ServiceProviderServiceExtensions,GetService,System.IServiceProvider,Extension
abp:0476,abp,framework/src/Volo.Abp.Data/Volo/Abp/Data/DataSeeder.cs,30,Microsoft.Extensions.DependencyInjection.ServiceProviderServiceExtensions,GetRequiredService,System.IServiceProvider,Extension
abp:0477,abp,framework/src/Volo.Abp.Data/Volo/Abp/Data/DataSeeder.cs,40,Microsoft.Extensions.DependencyInjection.ServiceProviderServiceExtensions,GetRequiredService,System.IServiceProvider,Extension
abp:0478,abp,framework/src/Volo.Abp.Data/Volo/Abp/Data/DataSeeder.cs,50,Microsoft.Extensions.DependencyInjection.ServiceProviderServiceExtensions,GetRequiredService,System.IServiceProvider,Extension
abp:0480,abp,framework/src/Volo.Abp.Ddd.Application.Contracts/Volo/Abp/Application/Dtos/LimitedResultRequestDto.cs,86,Microsoft.Extensions.DependencyInjection.ServiceProviderServiceExtensions,GetRequiredService,System.IServiceProvider,Extension
abp:0484,abp,framework/src/Volo.Abp.Ddd.Domain/Volo/Abp/Domain/Entities/Events/EntityChangeEventHelper.cs,137,Microsoft.Extensions.Logging.LoggerExtensions,LogWarning,Microsoft.Extensions.Logging.ILogger,Extension
abp:0497,abp,framework/src/Volo.Abp.EntityFrameworkCore/Volo/Abp/EntityFrameworkCore/Design/AbpDesignTimeDbContextBase.cs,30,Microsoft.Extensions.DependencyInjection.ServiceProviderServiceExtensions,GetRequiredService,System.IServiceProvider,Extension
abp:0498,abp,framework/src/Volo.Abp.EntityFrameworkCore/Volo/Abp/EntityFrameworkCore/Migrations/EfCoreDatabaseMigrationEventHandlerBase.cs,216,Microsoft.Extensions.DependencyInjection.ServiceProviderServiceExtensions,GetRequiredService,System.IServiceProvider,Extension
abp:0499,abp,framework/src/Volo.Abp.EntityFrameworkCore/Volo/Abp/EntityFrameworkCore/Migrations/EfCoreDatabaseMigrationEventHandlerBase.cs,235,Microsoft.Extensions.Logging.LoggerExtensions,LogInformation,Microsoft.Extensions.Logging.ILogger,Extension
abp:0500,abp,framework/src/Volo.Abp.EntityFrameworkCore/Volo/Abp/EntityFrameworkCore/Migrations/EfCoreDatabaseMigrationEventHandlerBase.cs,245,Microsoft.Extensions.Logging.LoggerExtensions,LogInformation,Microsoft.Extensions.Logging.ILogger,Extension
abp:0501,abp,framework/src/Volo.Abp.EntityFrameworkCore/Volo/Abp/EntityFrameworkCore/Migrations/EfCoreDatabaseMigrationEventHandlerBase.cs,265,Microsoft.Extensions.Logging.LoggerExtensions,LogWarning,Microsoft.Extensions.Logging.ILogger,Extension
abp:0502,abp,framework/src/Volo.Abp.EntityFrameworkCore/Volo/Abp/EntityFrameworkCore/Migrations/EfCoreDatabaseMigrationEventHandlerBase.cs,274,Microsoft.Extensions.Logging.LoggerExtensions,LogError,Microsoft.Extensions.Logging.ILogger,Extension
abp:0503,abp,framework/src/Volo.Abp.EntityFrameworkCore/Volo/Abp/EntityFrameworkCore/Migrations/EfCoreDatabaseMigrationEventHandlerBase.cs,287,Microsoft.Extensions.Logging.LoggerExtensions,LogWarning,Microsoft.Extensions.Logging.ILogger,Extension
abp:0504,abp,framework/src/Volo.Abp.EntityFrameworkCore/Volo/Abp/EntityFrameworkCore/Migrations/EfCoreDatabaseMigrationEventHandlerBase.cs,296,Microsoft.Extensions.Logging.LoggerExtensions,LogError,Microsoft.Extensions.Logging.ILogger,Extension
abp:0505,abp,framework/src/Volo.Abp.EntityFrameworkCore/Volo/Abp/EntityFrameworkCore/Migrations/EfCoreDatabaseMigrationEventHandlerBase.cs,309,Microsoft.Extensions.Logging.LoggerExtensions,LogWarning,Microsoft.Extensions.Logging.ILogger,Extension
abp:0506,abp,framework/src/Volo.Abp.EntityFrameworkCore/Volo/Abp/EntityFrameworkCore/Migrations/EfCoreDatabaseMigrationEventHandlerBase.cs,318,Microsoft.Extensions.Logging.LoggerExtensions,LogError,Microsoft.Extensions.Logging.ILogger,Extension
abp:0507,abp,framework/src/Volo.Abp.EntityFrameworkCore/Volo/Abp/EntityFrameworkCore/Migrations/EfCoreRuntimeDatabaseMigratorBase.cs,64,Microsoft.Extensions.Logging.LoggerExtensions,LogInformation,Microsoft.Extensions.Logging.ILogger,Extension
abp:0508,abp,framework/src/Volo.Abp.EntityFrameworkCore/Volo/Abp/EntityFrameworkCore/Migrations/EfCoreRuntimeDatabaseMigratorBase.cs,72,Microsoft.Extensions.Logging.LoggerExtensions,LogInformation,Microsoft.Extensions.Logging.ILogger,Extension
abp:0509,abp,framework/src/Volo.Abp.EntityFrameworkCore/Volo/Abp/EntityFrameworkCore/Migrations/EfCoreRuntimeDatabaseMigratorBase.cs,76,Microsoft.Extensions.Logging.LoggerExtensions,LogInformation,Microsoft.Extensions.Logging.ILogger,Extension
abp:0510,abp,framework/src/Volo.Abp.EntityFrameworkCore/Volo/Abp/EntityFrameworkCore/Migrations/EfCoreRuntimeDatabaseMigratorBase.cs,83,Microsoft.Extensions.DependencyInjection.ServiceProviderServiceExtensions,GetRequiredService,System.IServiceProvider,Extension
abp:0511,abp,framework/src/Volo.Abp.EntityFrameworkCore/Volo/Abp/EntityFrameworkCore/Migrations/EfCoreRuntimeDatabaseMigratorBase.cs,115,Microsoft.Extensions.Logging.LoggerExtensions,LogInformation,Microsoft.Extensions.Logging.ILogger,Extension
abp:0512,abp,framework/src/Volo.Abp.EntityFrameworkCore/Volo/Abp/EntityFrameworkCore/Migrations/EfCoreRuntimeDatabaseMigratorBase.cs,138,Microsoft.Extensions.Logging.LoggerExtensions,LogWarning,Microsoft.Extensions.Logging.ILogger,Extension
abp:0513,abp,framework/src/Volo.Abp.EntityFrameworkCore/Volo/Abp/Uow/EntityFrameworkCore/UnitOfWorkDbContextProvider.cs,52,Microsoft.Extensions.Logging.LoggerExtensions,LogWarning,Microsoft.Extensions.Logging.ILogger,Extension
abp:0514,abp,framework/src/Volo.Abp.EntityFrameworkCore/Volo/Abp/Uow/EntityFrameworkCore/UnitOfWorkDbContextProvider.cs,57,Microsoft.Extensions.Logging.LoggerExtensions,LogWarning,Microsoft.Extensions.Logging.ILogger,Extension
abp:0515,abp,framework/src/Volo.Abp.EntityFrameworkCore/Volo/Abp/Uow/EntityFrameworkCore/UnitOfWorkDbContextProvider.cs,154,Microsoft.Extensions.DependencyInjection.ServiceProviderServiceExtensions,GetRequiredService,System.IServiceProvider,Extension
abp:0517,abp,framework/src/Volo.Abp.EntityFrameworkCore/Volo/Abp/Uow/EntityFrameworkCore/UnitOfWorkDbContextProvider.cs,172,Microsoft.Extensions.DependencyInjection.ServiceProviderServiceExtensions,GetRequiredService,System.IServiceProvider,Extension
abp:0518,abp,framework/src/Volo.Abp.EntityFrameworkCore/Volo/Abp/Uow/EntityFrameworkCore/UnitOfWorkDbContextProvider.cs,191,Microsoft.Extensions.Logging.LoggerExtensions,LogWarning,Microsoft.Extensions.Logging.ILogger,Extension
abp:0519,abp,framework/src/Volo.Abp.EntityFrameworkCore/Volo/Abp/Uow/EntityFrameworkCore/UnitOfWorkDbContextProvider.cs,202,Microsoft.Extensions.DependencyInjection.ServiceProviderServiceExtensions,GetRequiredService,System.IServiceProvider,Extension
abp:0520,abp,framework/src/Volo.Abp.EntityFrameworkCore/Volo/Abp/Uow/EntityFrameworkCore/UnitOfWorkDbContextProvider.cs,228,Microsoft.Extensions.Logging.LoggerExtensions,LogWarning,Microsoft.Extensions.Logging.ILogger,Extension
abp:0521,abp,framework/src/Volo.Abp.EntityFrameworkCore/Volo/Abp/Uow/EntityFrameworkCore/UnitOfWorkDbContextProvider.cs,245,Microsoft.Extensions.Logging.LoggerExtensions,LogWarning,Microsoft.Extensions.Logging.ILogger,Extension
abp:0523,abp,framework/src/Volo.Abp.EntityFrameworkCore/Volo/Abp/Uow/EntityFrameworkCore/UnitOfWorkDbContextProvider.cs,283,Microsoft.Extensions.Logging.LoggerExtensions,LogWarning,Microsoft.Extensions.Logging.ILogger,Extension
abp:0525,abp,framework/src/Volo.Abp.EntityFrameworkCore/Volo/Abp/Uow/EntityFrameworkCore/UnitOfWorkDbContextProvider.cs,325,Microsoft.Extensions.Logging.LoggerExtensions,LogWarning,Microsoft.Extensions.Logging.ILogger,Extension
abp:0526,abp,framework/src/Volo.Abp.EntityFrameworkCore/Volo/Abp/Uow/EntityFrameworkCore/UnitOfWorkDbContextProvider.cs,342,Microsoft.Extensions.Logging.LoggerExtensions,LogWarning,Microsoft.Extensions.Logging.ILogger,Extension
abp:0527,abp,framework/src/Volo.Abp.EventBus/Volo/Abp/EventBus/Distributed/DistributedEventBusBase.cs,126,Microsoft.Extensions.DependencyInjection.ServiceProviderServiceExtensions,GetRequiredService,System.IServiceProvider,Extension
abp:0528,abp,framework/src/Volo.Abp.EventBus/Volo/Abp/EventBus/Distributed/DistributedEventBusBase.cs,178,Microsoft.Extensions.DependencyInjection.ServiceProviderServiceExtensions,GetRequiredService,System.IServiceProvider,Extension
abp:0529,abp,framework/src/Volo.Abp.EventBus/Volo/Abp/EventBus/Distributed/InboxProcessManager.cs,32,Microsoft.Extensions.DependencyInjection.ServiceProviderServiceExtensions,GetRequiredService,System.IServiceProvider,Extension
abp:0530,abp,framework/src/Volo.Abp.EventBus/Volo/Abp/EventBus/Distributed/InboxProcessor.cs,67,Microsoft.Extensions.DependencyInjection.ServiceProviderServiceExtensions,GetRequiredService,System.IServiceProvider,Extension
abp:0531,abp,framework/src/Volo.Abp.EventBus/Volo/Abp/EventBus/Distributed/InboxProcessor.cs,102,Microsoft.Extensions.Logging.LoggerExtensions,LogInformation,Microsoft.Extensions.Logging.ILogger,Extension
abp:0532,abp,framework/src/Volo.Abp.EventBus/Volo/Abp/EventBus/Distributed/InboxProcessor.cs,106,Microsoft.Extensions.Logging.LoggerExtensions,LogInformation,Microsoft.Extensions.Logging.ILogger,Extension
abp:0533,abp,framework/src/Volo.Abp.EventBus/Volo/Abp/EventBus/Distributed/InboxProcessor.cs,121,Microsoft.Extensions.Logging.LoggerExtensions,LogInformation,Microsoft.Extensions.Logging.ILogger,Extension
abp:0534,abp,framework/src/Volo.Abp.EventBus/Volo/Abp/EventBus/Distributed/InboxProcessor.cs,125,Microsoft.Extensions.Logging.LoggerExtensions,LogError,Microsoft.Extensions.Logging.ILogger,Extension
abp:0535,abp,framework/src/Volo.Abp.EventBus/Volo/Abp/EventBus/Distributed/InboxProcessor.cs,143,Microsoft.Extensions.Logging.LoggerExtensions,LogWarning,Microsoft.Extensions.Logging.ILogger,Extension
abp:0536,abp,framework/src/Volo.Abp.EventBus/Volo/Abp/EventBus/Distributed/InboxProcessor.cs,153,Microsoft.Extensions.Logging.LoggerExtensions,LogInformation,Microsoft.Extensions.Logging.ILogger,Extension
abp:0537,abp,framework/src/Volo.Abp.EventBus/Volo/Abp/EventBus/Distributed/InboxProcessor.cs,168,Microsoft.Extensions.Logging.LoggerExtensions,LogInformation,Microsoft.Extensions.Logging.ILogger,Extension
abp:0538,abp,framework/src/Volo.Abp.EventBus/Volo/Abp/EventBus/Distributed/InboxProcessor.cs,181,Microsoft.Extensions.Logging.LoggerExtensions,LogDebug,Microsoft.Extensions.Logging.ILogger,Extension
abp:0539,abp,framework/src/Volo.Abp.EventBus/Volo/Abp/EventBus/Distributed/OutboxSender.cs,53,Microsoft.Extensions.DependencyInjection.ServiceProviderServiceExtensions,GetRequiredService,System.IServiceProvider,Extension
abp:0540,abp,framework/src/Volo.Abp.EventBus/Volo/Abp/EventBus/Distributed/OutboxSender.cs,86,Microsoft.Extensions.Logging.LoggerExtensions,LogInformation,Microsoft.Extensions.Logging.ILogger,Extension
abp:0541,abp,framework/src/Volo.Abp.EventBus/Volo/Abp/EventBus/Distributed/OutboxSender.cs,100,Microsoft.Extensions.Logging.LoggerExtensions,LogDebug,Microsoft.Extensions.Logging.ILogger,Extension
abp:0542,abp,framework/src/Volo.Abp.EventBus/Volo/Abp/EventBus/Distributed/OutboxSender.cs,128,Microsoft.Extensions.Logging.LoggerExtensions,LogInformation,Microsoft.Extensions.Logging.ILogger,Extension
abp:0543,abp,framework/src/Volo.Abp.EventBus/Volo/Abp/EventBus/Distributed/OutboxSender.cs,140,Microsoft.Extensions.Logging.LoggerExtensions,LogInformation,Microsoft.Extensions.Logging.ILogger,Extension
abp:0544,abp,framework/src/Volo.Abp.EventBus/Volo/Abp/EventBus/Distributed/OutboxSenderManager.cs,32,Microsoft.Extensions.DependencyInjection.ServiceProviderServiceExtensions,GetRequiredService,System.IServiceProvider,Extension
abp:0546,abp,framework/src/Volo.Abp.ExceptionHandling/Volo/Abp/AspNetCore/ExceptionHandling/DefaultExceptionToErrorInfoConverter.cs,147,Microsoft.Extensions.DependencyInjection.ServiceProviderServiceExtensions,CreateScope,System.IServiceProvider,Extension
abp:0549,abp,framework/src/Volo.Abp.Features/Volo/Abp/Features/RequireFeaturesSimpleStateChecker.cs,28,Microsoft.Extensions.DependencyInjection.ServiceProviderServiceExtensions,GetRequiredService,System.IServiceProvider,Extension
abp:0554,abp,framework/src/Volo.Abp.Http.Client/Microsoft/Extensions/DependencyInjection/ServiceCollectionHttpClientProxyExtensions.cs,187,Microsoft.Extensions.DependencyInjection.ServiceProviderServiceExtensions,GetRequiredService,System.IServiceProvider,Extension
abp:0555,abp,framework/src/Volo.Abp.Http.Client/Microsoft/Extensions/DependencyInjection/ServiceCollectionHttpClientProxyExtensions.cs,188,Microsoft.Extensions.DependencyInjection.ServiceProviderServiceExtensions,GetRequiredService,System.IServiceProvider,Extension
abp:0562,abp,framework/src/Volo.Abp.IdentityModel/Volo/Abp/IdentityModel/IdentityModelAuthenticationService.cs,74,Microsoft.Extensions.Logging.LoggerExtensions,LogWarning,Microsoft.Extensions.Logging.ILogger,Extension
abp:0563,abp,framework/src/Volo.Abp.IdentityModel/Volo/Abp/IdentityModel/IdentityModelAuthenticationService.cs,248,Microsoft.Extensions.Logging.LoggerExtensions,LogInformation,Microsoft.Extensions.Logging.ILogger,Extension
abp:0564,abp,framework/src/Volo.Abp.IdentityModel/Volo/Abp/IdentityModel/IdentityModelAuthenticationService.cs,249,Microsoft.Extensions.Logging.LoggerExtensions,LogInformation,Microsoft.Extensions.Logging.ILogger,Extension
abp:0571,abp,framework/src/Volo.Abp.MemoryDb/Microsoft/Extensions/DependencyInjection/AbpMemoryDbServiceCollectionExtensions.cs,18,Microsoft.Extensions.DependencyInjection.ServiceProviderServiceExtensions,GetRequiredService,System.IServiceProvider,Extension
abp:0572,abp,framework/src/Volo.Abp.MemoryDb/Microsoft/Extensions/DependencyInjection/AbpMemoryDbServiceCollectionExtensions.cs,29,Microsoft.Extensions.DependencyInjection.ServiceProviderServiceExtensions,GetRequiredService,System.IServiceProvider,Extension
abp:0577,abp,framework/src/Volo.Abp.MongoDB/Volo/Abp/Uow/MongoDB/UnitOfWorkMongoDbContextProvider.cs,54,Microsoft.Extensions.Logging.LoggerExtensions,LogWarning,Microsoft.Extensions.Logging.ILogger,Extension
abp:0578,abp,framework/src/Volo.Abp.MongoDB/Volo/Abp/Uow/MongoDB/UnitOfWorkMongoDbContextProvider.cs,59,Microsoft.Extensions.Logging.LoggerExtensions,LogWarning,Microsoft.Extensions.Logging.ILogger,Extension
abp:0579,abp,framework/src/Volo.Abp.MongoDB/Volo/Abp/Uow/MongoDB/UnitOfWorkMongoDbContextProvider.cs,137,Microsoft.Extensions.DependencyInjection.ServiceProviderServiceExtensions,GetRequiredService,System.IServiceProvider,Extension
abp:0581,abp,framework/src/Volo.Abp.MongoDB/Volo/Abp/Uow/MongoDB/UnitOfWorkMongoDbContextProvider.cs,178,Microsoft.Extensions.DependencyInjection.ServiceProviderServiceExtensions,GetRequiredService,System.IServiceProvider,Extension
abp:0582,abp,framework/src/Volo.Abp.MongoDB/Volo/Abp/Uow/MongoDB/UnitOfWorkMongoDbContextProvider.cs,195,Microsoft.Extensions.Logging.LoggerExtensions,LogWarning,Microsoft.Extensions.Logging.ILogger,Extension
abp:0584,abp,framework/src/Volo.Abp.MongoDB/Volo/Abp/Uow/MongoDB/UnitOfWorkMongoDbContextProvider.cs,245,Microsoft.Extensions.Logging.LoggerExtensions,LogWarning,Microsoft.Extensions.Logging.ILogger,Extension
abp:0596,abp,framework/src/Volo.Abp.ObjectExtending/Volo/Abp/ObjectExtending/ObjectExtensionManagerExtensions.cs,152,Microsoft.Extensions.DependencyInjection.ServiceProviderServiceExtensions,GetRequiredService,System.IServiceProvider,Extension
abp:0604,abp,framework/src/Volo.Abp.Security/Volo/Abp/Security/Claims/RemoteDynamicClaimsPrincipalContributorBase.cs,40,Microsoft.Extensions.Logging.LoggerExtensions,LogWarning,Microsoft.Extensions.Logging.ILogger,Extension
abp:0605,abp,framework/src/Volo.Abp.Security/Volo/Abp/Security/Claims/RemoteDynamicClaimsPrincipalContributorCacheBase.cs,24,Microsoft.Extensions.Logging.LoggerExtensions,LogDebug,Microsoft.Extensions.Logging.ILogger,Extension
abp:0606,abp,framework/src/Volo.Abp.Security/Volo/Abp/Security/Claims/RemoteDynamicClaimsPrincipalContributorCacheBase.cs,31,Microsoft.Extensions.Logging.LoggerExtensions,LogDebug,Microsoft.Extensions.Logging.ILogger,Extension
abp:0607,abp,framework/src/Volo.Abp.Security/Volo/Abp/Security/Claims/RemoteDynamicClaimsPrincipalContributorCacheBase.cs,38,Microsoft.Extensions.Logging.LoggerExtensions,LogWarning,Microsoft.Extensions.Logging.ILogger,Extension
abp:0608,abp,framework/src/Volo.Abp.Security/Volo/Abp/SecurityLog/SimpleSecurityLogStore.cs,26,Microsoft.Extensions.Logging.LoggerExtensions,LogInformation,Microsoft.Extensions.Logging.ILogger,Extension
abp:0613,abp,framework/src/Volo.Abp.Settings/Volo/Abp/Settings/SettingEncryptionService.cs,48,Microsoft.Extensions.Logging.LoggerExtensions,LogWarning,Microsoft.Extensions.Logging.ILogger,Extension
abp:0617,abp,framework/src/Volo.Abp.Sms/Volo/Abp/Sms/NullSmsSender.cs,20,Microsoft.Extensions.Logging.LoggerExtensions,LogWarning,Microsoft.Extensions.Logging.ILogger,Extension
abp:0618,abp,framework/src/Volo.Abp.Sms/Volo/Abp/Sms/NullSmsSender.cs,22,Microsoft.Extensions.Logging.LoggerExtensions,LogWarning,Microsoft.Extensions.Logging.ILogger,Extension
abp:0619,abp,framework/src/Volo.Abp.Sms/Volo/Abp/Sms/NullSmsSender.cs,23,Microsoft.Extensions.Logging.LoggerExtensions,LogWarning,Microsoft.Extensions.Logging.ILogger,Extension
aspnetcore:0003,aspnetcore,src/Components/Authorization/src/CascadingAuthenticationStateServiceCollectionExtensions.cs,24,Microsoft.Extensions.DependencyInjection.ServiceProviderServiceExtensions,GetRequiredService,System.IServiceProvider,Extension
aspnetcore:0006,aspnetcore,src/Components/Components/src/PersistentState/ComponentStatePersistenceManager.cs,275,Microsoft.Extensions.Logging.LoggerExtensions,LogError,Microsoft.Extensions.Logging.ILogger,Extension
aspnetcore:0007,aspnetcore,src/Components/Components/src/PersistentState/ComponentStatePersistenceManager.cs,288,Microsoft.Extensions.Logging.LoggerExtensions,LogError,Microsoft.Extensions.Logging.ILogger,Extension
aspnetcore:0018,aspnetcore,src/Components/Endpoints/src/Builder/OpaqueRedirection.cs,83,Microsoft.Extensions.DependencyInjection.ServiceProviderServiceExtensions,GetService,System.IServiceProvider,Extension
aspnetcore:0020,aspnetcore,src/Components/Endpoints/src/Builder/RazorComponentEndpointFactory.cs,56,Microsoft.Extensions.DependencyInjection.ServiceProviderServiceExtensions,GetRequiredService,System.IServiceProvider,Extension
aspnetcore:0030,aspnetcore,src/Components/Endpoints/src/RazorComponentEndpointInvoker.cs,153,Microsoft.Extensions.DependencyInjection.ServiceProviderServiceExtensions,GetRequiredService,System.IServiceProvider,Extension
aspnetcore:0034,aspnetcore,src/Components/Endpoints/src/Rendering/EndpointHtmlRenderer.cs,103,Microsoft.Extensions.DependencyInjection.ServiceProviderServiceExtensions,GetServices,System.IServiceProvider,Extension
aspnetcore:0035,aspnetcore,src/Components/Endpoints/src/Rendering/EndpointHtmlRenderer.cs,116,Microsoft.Extensions.DependencyInjection.ServiceProviderServiceExtensions,GetRequiredService,System.IServiceProvider,Extension
aspnetcore:0038,aspnetcore,src/Components/Endpoints/src/Rendering/EndpointHtmlRenderer.cs,134,Microsoft.Extensions.DependencyInjection.ServiceProviderServiceExtensions,GetRequiredService,System.IServiceProvider,Extension
aspnetcore:0041,aspnetcore,src/Components/Endpoints/src/Rendering/EndpointHtmlRenderer.Prerendering.cs,209,Microsoft.Extensions.Logging.LoggerExtensions,LogError,Microsoft.Extensions.Logging.ILogger,Extension
aspnetcore:0045,aspnetcore,src/Components/Endpoints/src/Rendering/EndpointHtmlRenderer.PrerenderingState.cs,136,Microsoft.Extensions.DependencyInjection.ServiceProviderServiceExtensions,GetRequiredService,System.IServiceProvider,Extension
aspnetcore:0046,aspnetcore,src/Components/Endpoints/src/Rendering/EndpointHtmlRenderer.PrerenderingState.cs,143,Microsoft.Extensions.DependencyInjection.ServiceProviderServiceExtensions,GetRequiredService,System.IServiceProvider,Extension
aspnetcore:0055,aspnetcore,src/Components/Server/src/Circuits/CircuitFactory.cs,50,Microsoft.Extensions.DependencyInjection.ServiceProviderServiceExtensions,CreateAsyncScope,Microsoft.Extensions.DependencyInjection.IServiceScopeFactory,Extension
aspnetcore:0056,aspnetcore,src/Components/Server/src/Circuits/CircuitFactory.cs,51,Microsoft.Extensions.DependencyInjection.ServiceProviderServiceExtensions,GetRequiredService,System.IServiceProvider,Extension
aspnetcore:0057,aspnetcore,src/Components/Server/src/Circuits/CircuitFactory.cs,54,Microsoft.Extensions.DependencyInjection.ServiceProviderServiceExtensions,GetRequiredService,System.IServiceProvider,Extension
aspnetcore:0058,aspnetcore,src/Components/Server/src/Circuits/CircuitFactory.cs,55,Microsoft.Extensions.DependencyInjection.ServiceProviderServiceExtensions,GetRequiredService,System.IServiceProvider,Extension
aspnetcore:0059,aspnetcore,src/Components/Server/src/Circuits/CircuitFactory.cs,56,Microsoft.Extensions.DependencyInjection.ServiceProviderServiceExtensions,GetRequiredService,System.IServiceProvider,Extension
aspnetcore:0060,aspnetcore,src/Components/Server/src/Circuits/CircuitFactory.cs,57,Microsoft.Extensions.DependencyInjection.ServiceProviderServiceExtensions,GetRequiredService,System.IServiceProvider,Extension
aspnetcore:0061,aspnetcore,src/Components/Server/src/Circuits/CircuitFactory.cs,77,Microsoft.Extensions.DependencyInjection.ServiceProviderServiceExtensions,GetRequiredService,System.IServiceProvider,Extension
aspnetcore:0062,aspnetcore,src/Components/Server/src/Circuits/CircuitFactory.cs,82,Microsoft.Extensions.DependencyInjection.ServiceProviderServiceExtensions,GetRequiredService,System.IServiceProvider,Extension
aspnetcore:0063,aspnetcore,src/Components/Server/src/Circuits/CircuitFactory.cs,101,Microsoft.Extensions.DependencyInjection.ServiceProviderServiceExtensions,GetServices,System.IServiceProvider,Extension
aspnetcore:0064,aspnetcore,src/Components/Server/src/Circuits/CircuitFactory.cs,121,Microsoft.Extensions.DependencyInjection.ServiceProviderServiceExtensions,GetRequiredService,System.IServiceProvider,Extension
aspnetcore:0065,aspnetcore,src/Components/Server/src/Circuits/CircuitHost.cs,632,Microsoft.Extensions.DependencyInjection.ServiceProviderServiceExtensions,GetService,System.IServiceProvider,Extension
aspnetcore:0072,aspnetcore,src/Components/Server/src/DependencyInjection/ComponentServiceCollectionExtensions.cs,91,Microsoft.Extensions.DependencyInjection.ServiceProviderServiceExtensions,GetRequiredService,System.IServiceProvider,Extension
aspnetcore:0081,aspnetcore,src/Components/WebAssembly/Server/src/Builder/WebAssemblyRazorComponentsEndpointConventionBuilderExtensions.cs,55,Microsoft.Extensions.DependencyInjection.ServiceProviderServiceExtensions,GetRequiredService,System.IServiceProvider,Extension
aspnetcore:0082,aspnetcore,src/Components/WebAssembly/Server/src/Builder/WebAssemblyRazorComponentsEndpointConventionBuilderExtensions.cs,67,Microsoft.Extensions.DependencyInjection.ServiceProviderServiceExtensions,GetRequiredService,System.IServiceProvider,Extension
aspnetcore:0083,aspnetcore,src/Components/WebAssembly/Server/src/ComponentsWebAssemblyApplicationBuilderExtensions.cs,38,Microsoft.Extensions.DependencyInjection.ServiceProviderServiceExtensions,GetRequiredService,System.IServiceProvider,Extension
aspnetcore:0084,aspnetcore,src/Components/WebAssembly/Server/src/DebugProxyLauncher.cs,60,Microsoft.Extensions.DependencyInjection.ServiceProviderServiceExtensions,GetRequiredService,System.IServiceProvider,Extension
aspnetcore:0085,aspnetcore,src/Components/WebAssembly/Server/src/TargetPickerUi.cs,447,System.Net.Http.HttpClient,GetStringAsync,System.Net.Http.HttpClient,NonVirtual
aspnetcore:0086,aspnetcore,src/Components/WebAssembly/WebAssembly.Authentication/src/Services/AccessTokenProviderAccessor.cs,15,Microsoft.Extensions.DependencyInjection.ServiceProviderServiceExtensions,GetRequiredService,System.IServiceProvider,Extension
aspnetcore:0092,aspnetcore,src/Components/WebAssembly/WebAssembly/src/Hosting/WebAssemblyHostBuilder.cs,203,Microsoft.Extensions.Configuration.ConfigurationExtensions,Add,Microsoft.Extensions.Configuration.IConfigurationBuilder,Extension
aspnetcore:0098,aspnetcore,src/Components/WebAssembly/WebAssembly/src/Services/WebAssemblyErrorBoundaryLogger.cs,22,Microsoft.Extensions.Logging.LoggerExtensions,LogError,Microsoft.Extensions.Logging.ILogger,Extension
aspnetcore:0099,aspnetcore,src/Components/WebView/WebView/src/PageContext.cs,41,Microsoft.Extensions.DependencyInjection.ServiceProviderServiceExtensions,GetRequiredService,System.IServiceProvider,Extension
aspnetcore:0102,aspnetcore,src/DataProtection/DataProtection/src/DataProtectionBuilderExtensions.cs,90,Microsoft.Extensions.DependencyInjection.ServiceProviderServiceExtensions,GetRequiredService,System.IServiceProvider,Extension
aspnetcore:0104,aspnetcore,src/DataProtection/DataProtection/src/DataProtectionBuilderExtensions.cs,199,Microsoft.Extensions.DependencyInjection.ServiceProviderServiceExtensions,GetService,System.IServiceProvider,Extension
aspnetcore:0106,aspnetcore,src/DataProtection/DataProtection/src/DataProtectionBuilderExtensions.cs,257,Microsoft.Extensions.DependencyInjection.ServiceProviderServiceExtensions,GetService,System.IServiceProvider,Extension
aspnetcore:0107,aspnetcore,src/DataProtection/DataProtection/src/DataProtectionBuilderExtensions.cs,258,Microsoft.Extensions.DependencyInjection.ServiceProviderServiceExtensions,GetRequiredService,System.IServiceProvider,Extension
aspnetcore:0108,aspnetcore,src/DataProtection/DataProtection/src/DataProtectionBuilderExtensions.cs,328,Microsoft.Extensions.DependencyInjection.ServiceProviderServiceExtensions,GetService,System.IServiceProvider,Extension
aspnetcore:0109,aspnetcore,src/DataProtection/DataProtection/src/DataProtectionBuilderExtensions.cs,382,Microsoft.Extensions.DependencyInjection.ServiceProviderServiceExtensions,GetService,System.IServiceProvider,Extension
aspnetcore:0116,aspnetcore,src/DataProtection/DataProtection/src/Repositories/FileSystemXmlRepository.cs,48,Microsoft.Extensions.Logging.LoggerExtensions,LogTrace,Microsoft.Extensions.Logging.ILogger,Extension
aspnetcore:0154,aspnetcore,src/Hosting/Hosting/src/WebHostBuilder.cs,186,Microsoft.Extensions.Logging.LoggerExtensions,LogWarning,Microsoft.Extensions.Logging.ILogger,Extension
aspnetcore:0160,aspnetcore,src/Hosting/Hosting/src/WebHostBuilderExtensions.cs,78,Microsoft.Extensions.DependencyInjection.ServiceProviderServiceExtensions,GetRequiredService,System.IServiceProvider,Extension
aspnetcore:0167,aspnetcore,src/Hosting/Server.IntegrationTesting/src/ApplicationPublisher.cs,66,Microsoft.Extensions.Logging.LoggerExtensions,LogInformation,Microsoft.Extensions.Logging.ILogger,Extension
aspnetcore:0168,aspnetcore,src/Hosting/Server.IntegrationTesting/src/ApplicationPublisher.cs,85,Microsoft.Extensions.Logging.LoggerExtensions,LogError,Microsoft.Extensions.Logging.ILogger,Extension
aspnetcore:0169,aspnetcore,src/Hosting/Server.IntegrationTesting/src/ApplicationPublisher.cs,92,Microsoft.Extensions.Logging.LoggerExtensions,LogError,Microsoft.Extensions.Logging.ILogger,Extension
aspnetcore:0170,aspnetcore,src/Hosting/Server.IntegrationTesting/src/ApplicationPublisher.cs,96,Microsoft.Extensions.Logging.LoggerExtensions,LogInformation,Microsoft.Extensions.Logging.ILogger,Extension
aspnetcore:0171,aspnetcore,src/Hosting/Server.IntegrationTesting/src/CachingApplicationPublisher.cs,66,Microsoft.Extensions.Logging.LoggerExtensions,LogDebug,Microsoft.Extensions.Logging.ILogger,Extension
aspnetcore:0172,aspnetcore,src/Hosting/Server.IntegrationTesting/src/CachingApplicationPublisher.cs,69,Microsoft.Extensions.Logging.LoggerExtensions,LogDebug,Microsoft.Extensions.Logging.ILogger,Extension
aspnetcore:0173,aspnetcore,src/Hosting/Server.IntegrationTesting/src/Common/LoggingHandler.cs,20,Microsoft.Extensions.Logging.LoggerExtensions,LogDebug,Microsoft.Extensions.Logging.ILogger,Extension
aspnetcore:0174,aspnetcore,src/Hosting/Server.IntegrationTesting/src/Common/LoggingHandler.cs,29,Microsoft.Extensions.Logging.LoggerExtensions,LogError,Microsoft.Extensions.Logging.ILogger,Extension
aspnetcore:0175,aspnetcore,src/Hosting/Server.IntegrationTesting/src/Common/ProcessLoggingExtensions.cs,17,Microsoft.Extensions.Logging.LoggerExtensions,LogInformation,Microsoft.Extensions.Logging.ILogger,Extension
aspnetcore:0176,aspnetcore,src/Hosting/Server.IntegrationTesting/src/Common/ProcessLoggingExtensions.cs,25,Microsoft.Extensions.Logging.LoggerExtensions,LogWarning,Microsoft.Extensions.Logging.ILogger,Extension
aspnetcore:0177,aspnetcore,src/Hosting/Server.IntegrationTesting/src/Common/RetryHelper.cs,29,Microsoft.Extensions.Logging.LoggerExtensions,LogInformation,Microsoft.Extensions.Logging.ILogger,Extension
aspnetcore:0178,aspnetcore,src/Hosting/Server.IntegrationTesting/src/Common/RetryHelper.cs,35,Microsoft.Extensions.Logging.LoggerExtensions,LogWarning,Microsoft.Extensions.Logging.ILogger,Extension
aspnetcore:0179,aspnetcore,src/Hosting/Server.IntegrationTesting/src/Common/RetryHelper.cs,41,Microsoft.Extensions.Logging.LoggerExtensions,LogWarning,Microsoft.Extensions.Logging.ILogger,Extension
aspnetcore:0180,aspnetcore,src/Hosting/Server.IntegrationTesting/src/Common/RetryHelper.cs,51,Microsoft.Extensions.Logging.LoggerExtensions,LogError,Microsoft.Extensions.Logging.ILogger,Extension
aspnetcore:0181,aspnetcore,src/Hosting/Server.IntegrationTesting/src/Common/RetryHelper.cs,58,Microsoft.Extensions.Logging.LoggerExtensions,LogWarning,Microsoft.Extensions.Logging.ILogger,Extension
aspnetcore:0182,aspnetcore,src/Hosting/Server.IntegrationTesting/src/Common/RetryHelper.cs,65,Microsoft.Extensions.Logging.LoggerExtensions,LogInformation,Microsoft.Extensions.Logging.ILogger,Extension
aspnetcore:0183,aspnetcore,src/Hosting/Server.IntegrationTesting/src/Deployers/ApplicationDeployer.cs,88,Microsoft.Extensions.Logging.LoggerExtensions,LogWarning,Microsoft.Extensions.Logging.ILogger,Extension
aspnetcore:0184,aspnetcore,src/Hosting/Server.IntegrationTesting/src/Deployers/ApplicationDeployer.cs,119,Microsoft.Extensions.Logging.LoggerExtensions,LogInformation,Microsoft.Extensions.Logging.ILogger,Extension
aspnetcore:0185,aspnetcore,src/Hosting/Server.IntegrationTesting/src/Deployers/ApplicationDeployer.cs,125,Microsoft.Extensions.Logging.LoggerExtensions,LogWarning,Microsoft.Extensions.Logging.ILogger,Extension
aspnetcore:0186,aspnetcore,src/Hosting/Server.IntegrationTesting/src/Deployers/ApplicationDeployer.cs,129,Microsoft.Extensions.Logging.LoggerExtensions,LogInformation,Microsoft.Extensions.Logging.ILogger,Extension
aspnetcore:0187,aspnetcore,src/Hosting/Server.IntegrationTesting/src/Deployers/ApplicationDeployer.cs,134,Microsoft.Extensions.Logging.LoggerExtensions,LogWarning,Microsoft.Extensions.Logging.ILogger,Extension
aspnetcore:0188,aspnetcore,src/Hosting/Server.IntegrationTesting/src/Deployers/ApplicationDeployer.cs,158,Microsoft.Extensions.Logging.LoggerExtensions,LogWarning,Microsoft.Extensions.Logging.ILogger,Extension
aspnetcore:0189,aspnetcore,src/Hosting/Server.IntegrationTesting/src/Deployers/ApplicationDeployer.cs,166,Microsoft.Extensions.Logging.LoggerExtensions,LogInformation,Microsoft.Extensions.Logging.ILogger,Extension
aspnetcore:0190,aspnetcore,src/Hosting/Server.IntegrationTesting/src/Deployers/ApplicationDeployer.cs,179,Microsoft.Extensions.Logging.LoggerExtensions,LogInformation,Microsoft.Extensions.Logging.ILogger,Extension
aspnetcore:0191,aspnetcore,src/Hosting/Server.IntegrationTesting/src/Deployers/ApplicationDeployer.cs,186,Microsoft.Extensions.Logging.LoggerExtensions,LogInformation,Microsoft.Extensions.Logging.ILogger,Extension
aspnetcore:0192,aspnetcore,src/Hosting/Server.IntegrationTesting/src/Deployers/NginxDeployer.cs,74,Microsoft.Extensions.Logging.LoggerExtensions,LogInformation,Microsoft.Extensions.Logging.ILogger,Extension
aspnetcore:0193,aspnetcore,src/Hosting/Server.IntegrationTesting/src/Deployers/NginxDeployer.cs,83,System.Net.Http.HttpClient,GetAsync,System.Net.Http.HttpClient,NonVirtual
aspnetcore:0194,aspnetcore,src/Hosting/Server.IntegrationTesting/src/Deployers/NginxDeployer.cs,148,Microsoft.Extensions.Logging.LoggerExtensions,LogDebug,Microsoft.Extensions.Logging.ILogger,Extension
aspnetcore:0195,aspnetcore,src/Hosting/Server.IntegrationTesting/src/Deployers/NginxDeployer.cs,149,Microsoft.Extensions.Logging.LoggerExtensions,LogDebug,Microsoft.Extensions.Logging.ILogger,Extension
aspnetcore:0196,aspnetcore,src/Hosting/Server.IntegrationTesting/src/Deployers/NginxDeployer.cs,150,Microsoft.Extensions.Logging.LoggerExtensions,LogDebug,Microsoft.Extensions.Logging.ILogger,Extension
aspnetcore:0197,aspnetcore,src/Hosting/Server.IntegrationTesting/src/Deployers/NginxDeployer.cs,153,Microsoft.Extensions.Logging.LoggerExtensions,LogTrace,Microsoft.Extensions.Logging.ILogger,Extension
aspnetcore:0198,aspnetcore,src/Hosting/Server.IntegrationTesting/src/Deployers/NginxDeployer.cs,182,Microsoft.Extensions.Logging.LoggerExtensions,LogWarning,Microsoft.Extensions.Logging.ILogger,Extension
aspnetcore:0199,aspnetcore,src/Hosting/Server.IntegrationTesting/src/Deployers/NginxDeployer.cs,187,Microsoft.Extensions.Logging.LoggerExtensions,LogInformation,Microsoft.Extensions.Logging.ILogger,Extension
aspnetcore:0200,aspnetcore,src/Hosting/Server.IntegrationTesting/src/Deployers/NginxDeployer.cs,215,Microsoft.Extensions.Logging.LoggerExtensions,LogInformation,Microsoft.Extensions.Logging.ILogger,Extension
aspnetcore:0201,aspnetcore,src/Hosting/Server.IntegrationTesting/src/Deployers/NginxDeployer.cs,218,Microsoft.Extensions.Logging.LoggerExtensions,LogDebug,Microsoft.Extensions.Logging.ILogger,Extension
aspnetcore:0202,aspnetcore,src/Hosting/Server.IntegrationTesting/src/Deployers/RemoteWindowsDeployer/RemoteWindowsDeployer.cs,97,Microsoft.Extensions.Logging.LoggerExtensions,LogInformation,Microsoft.Extensions.Logging.ILogger,Extension
aspnetcore:0203,aspnetcore,src/Hosting/Server.IntegrationTesting/src/Deployers/RemoteWindowsDeployer/RemoteWindowsDeployer.cs,121,Microsoft.Extensions.Logging.LoggerExtensions,LogInformation,Microsoft.Extensions.Logging.ILogger,Extension
aspnetcore:0204,aspnetcore,src/Hosting/Server.IntegrationTesting/src/Deployers/RemoteWindowsDeployer/RemoteWindowsDeployer.cs,126,Microsoft.Extensions.Logging.LoggerExtensions,LogWarning,Microsoft.Extensions.Logging.ILogger,Extension
aspnetcore:0205,aspnetcore,src/Hosting/Server.IntegrationTesting/src/Deployers/RemoteWindowsDeployer/RemoteWindowsDeployer.cs,131,Microsoft.Extensions.Logging.LoggerExtensions,LogInformation,Microsoft.Extensions.Logging.ILogger,Extension
aspnetcore:0206,aspnetcore,src/Hosting/Server.IntegrationTesting/src/Deployers/RemoteWindowsDeployer/RemoteWindowsDeployer.cs,136,Microsoft.Extensions.Logging.LoggerExtensions,LogWarning,Microsoft.Extensions.Logging.ILogger,Extension
aspnetcore:0207,aspnetcore,src/Hosting/Server.IntegrationTesting/src/Deployers/RemoteWindowsDeployer/RemoteWindowsDeployer.cs,141,Microsoft.Extensions.Logging.LoggerExtensions,LogInformation,Microsoft.Extensions.Logging.ILogger,Extension
aspnetcore:0208,aspnetcore,src/Hosting/Server.IntegrationTesting/src/Deployers/RemoteWindowsDeployer/RemoteWindowsDeployer.cs,146,Microsoft.Extensions.Logging.LoggerExtensions,LogWarning,Microsoft.Extensions.Logging.ILogger,Extension
aspnetcore:0209,aspnetcore,src/Hosting/Server.IntegrationTesting/src/Deployers/RemoteWindowsDeployer/RemoteWindowsDeployer.cs,183,Microsoft.Extensions.Logging.LoggerExtensions,LogTrace,Microsoft.Extensions.Logging.ILogger,Extension
aspnetcore:0210,aspnetcore,src/Hosting/Server.IntegrationTesting/src/Deployers/RemoteWindowsDeployer/RemoteWindowsDeployer.cs,252,Microsoft.Extensions.Logging.LoggerExtensions,LogInformation,Microsoft.Extensions.Logging.ILogger,Extension
aspnetcore:0211,aspnetcore,src/Hosting/Server.IntegrationTesting/src/Deployers/SelfHostDeployer.cs,119,Microsoft.Extensions.Logging.LoggerExtensions,LogInformation,Microsoft.Extensions.Logging.ILogger,Extension
aspnetcore:0212,aspnetcore,src/Hosting/Server.IntegrationTesting/src/Deployers/SelfHostDeployer.cs,134,Microsoft.Extensions.Logging.LoggerExtensions,LogInformation,Microsoft.Extensions.Logging.ILogger,Extension
aspnetcore:0213,aspnetcore,src/Hosting/Server.IntegrationTesting/src/Deployers/SelfHostDeployer.cs,135,Microsoft.Extensions.Logging.LoggerExtensions,LogInformation,Microsoft.Extensions.Logging.ILogger,Extension
aspnetcore:0214,aspnetcore,src/Hosting/Server.IntegrationTesting/src/Deployers/SelfHostDeployer.cs,136,Microsoft.Extensions.Logging.LoggerExtensions,LogInformation,Microsoft.Extensions.Logging.ILogger,Extension
aspnetcore:0215,aspnetcore,src/Hosting/Server.IntegrationTesting/src/Deployers/SelfHostDeployer.cs,137,Microsoft.Extensions.Logging.LoggerExtensions,LogInformation,Microsoft.Extensions.Logging.ILogger,Extension
aspnetcore:0216,aspnetcore,src/Hosting/Server.IntegrationTesting/src/Deployers/SelfHostDeployer.cs,138,Microsoft.Extensions.Logging.LoggerExtensions,LogInformation,Microsoft.Extensions.Logging.ILogger,Extension
aspnetcore:0217,aspnetcore,src/Hosting/Server.IntegrationTesting/src/Deployers/SelfHostDeployer.cs,167,Microsoft.Extensions.Logging.LoggerExtensions,LogInformation,Microsoft.Extensions.Logging.ILogger,Extension
aspnetcore:0218,aspnetcore,src/Hosting/Server.IntegrationTesting/src/Deployers/SelfHostDeployer.cs,181,Microsoft.Extensions.Logging.LoggerExtensions,LogError,Microsoft.Extensions.Logging.ILogger,Extension
aspnetcore:0219,aspnetcore,src/Hosting/Server.IntegrationTesting/src/Deployers/SelfHostDeployer.cs,186,Microsoft.Extensions.Logging.LoggerExtensions,LogError,Microsoft.Extensions.Logging.ILogger,Extension
aspnetcore:0220,aspnetcore,src/Hosting/Server.IntegrationTesting/src/Deployers/SelfHostDeployer.cs,190,Microsoft.Extensions.Logging.LoggerExtensions,LogInformation,Microsoft.Extensions.Logging.ILogger,Extension
aspnetcore:0221,aspnetcore,src/Hosting/Server.IntegrationTesting/src/ProcessHelpers.cs,25,Microsoft.Extensions.Logging.LoggerExtensions,LogInformation,Microsoft.Extensions.Logging.ILogger,Extension
aspnetcore:0222,aspnetcore,src/Hosting/Server.IntegrationTesting/src/ProcessHelpers.cs,30,Microsoft.Extensions.Logging.LoggerExtensions,LogInformation,Microsoft.Extensions.Logging.ILogger,Extension
aspnetcore:0223,aspnetcore,src/Hosting/Server.IntegrationTesting/src/PublishedApplication.cs,24,Microsoft.Extensions.Logging.LoggerExtensions,LogWarning,Microsoft.Extensions.Logging.ILogger,Extension
aspnetcore:0227,aspnetcore,src/Hosting/TestHost/src/WebHostBuilderExtensions.cs,60,Microsoft.Extensions.DependencyInjection.ServiceProviderServiceExtensions,GetRequiredService,System.IServiceProvider,Extension
aspnetcore:0228,aspnetcore,src/Hosting/WindowsServices/src/WebHostService.cs,49,Microsoft.Extensions.DependencyInjection.ServiceProviderServiceExtensions,GetRequiredService,System.IServiceProvider,Extension
aspnetcore:0230,aspnetcore,src/Http/Http.Extensions/src/HttpRequestJsonExtensions.cs,400,Microsoft.Extensions.DependencyInjection.ServiceProviderServiceExtensions,GetService,System.IServiceProvider,Extension
aspnetcore:0231,aspnetcore,src/Http/Http.Extensions/src/HttpResponseJsonExtensions.cs,345,Microsoft.Extensions.DependencyInjection.ServiceProviderServiceExtensions,GetService,System.IServiceProvider,Extension
aspnetcore:0279,aspnetcore,src/Http/Http.Results/src/Utf8ContentHttpResult.cs,58,Microsoft.Extensions.DependencyInjection.ServiceProviderServiceExtensions,GetRequiredService,System.IServiceProvider,Extension
aspnetcore:0285,aspnetcore,src/Http/Http/src/Internal/ResponseCookies.cs,78,Microsoft.Extensions.DependencyInjection.ServiceProviderServiceExtensions,GetService,System.IServiceProvider,Extension
aspnetcore:0286,aspnetcore,src/Http/Http/src/MiddlewareFactory.cs,30,Microsoft.Extensions.DependencyInjection.ServiceProviderServiceExtensions,GetRequiredService,System.IServiceProvider,Extension
aspnetcore:0290,aspnetcore,src/Http/Routing/src/DefaultLinkGenerator.cs,327,Microsoft.Extensions.DependencyInjection.ServiceProviderServiceExtensions,GetRequiredService,System.IServiceProvider,Extension
aspnetcore:0293,aspnetcore,src/Http/Routing/src/DependencyInjection/RoutingServiceCollectionExtensions.cs,61,Microsoft.Extensions.DependencyInjection.ServiceProviderServiceExtensions,GetRequiredService,System.IServiceProvider,Extension
aspnetcore:0294,aspnetcore,src/Http/Routing/src/DependencyInjection/RoutingServiceCollectionExtensions.cs,62,Microsoft.Extensions.DependencyInjection.ServiceProviderServiceExtensions,GetRequiredService,System.IServiceProvider,Extension
aspnetcore:0295,aspnetcore,src/Http/Routing/src/DependencyInjection/RoutingServiceCollectionExtensions.cs,63,Microsoft.Extensions.DependencyInjection.ServiceProviderServiceExtensions,GetRequiredService,System.IServiceProvider,Extension
aspnetcore:0308,aspnetcore,src/Http/Routing/src/ValidationEndpointFilterFactory.cs,26,Microsoft.Extensions.DependencyInjection.ServiceProviderServiceExtensions,GetService,System.IServiceProvider,Extension
aspnetcore:0309,aspnetcore,src/Http/Routing/src/ValidationEndpointFilterFactory.cs,32,Microsoft.Extensions.DependencyInjection.ServiceProviderServiceExtensions,GetService,System.IServiceProvider,Extension
aspnetcore:0310,aspnetcore,src/Http/Routing/src/ValidationEndpointFilterFactory.cs,101,Microsoft.Extensions.DependencyInjection.ServiceProviderServiceExtensions,GetService,System.IServiceProvider,Extension
aspnetcore:0314,aspnetcore,src/Identity/Core/src/AspNetUserManager.cs,42,Microsoft.Extensions.DependencyInjection.ServiceProviderServiceExtensions,GetService,System.IServiceProvider,Extension
aspnetcore:0315,aspnetcore,src/Identity/Core/src/IdentityApiEndpointRouteBuilderExtensions.cs,45,Microsoft.Extensions.DependencyInjection.ServiceProviderServiceExtensions,GetRequiredService,System.IServiceProvider,Extension
aspnetcore:0316,aspnetcore,src/Identity/Core/src/IdentityApiEndpointRouteBuilderExtensions.cs,46,Microsoft.Extensions.DependencyInjection.ServiceProviderServiceExtensions,GetRequiredService,System.IServiceProvider,Extension
aspnetcore:0317,aspnetcore,src/Identity/Core/src/IdentityApiEndpointRouteBuilderExtensions.cs,47,Microsoft.Extensions.DependencyInjection.ServiceProviderServiceExtensions,GetRequiredService,System.IServiceProvider,Extension
aspnetcore:0318,aspnetcore,src/Identity/Core/src/IdentityApiEndpointRouteBuilderExtensions.cs,48,Microsoft.Extensions.DependencyInjection.ServiceProviderServiceExtensions,GetRequiredService,System.IServiceProvider,Extension
aspnetcore:0319,aspnetcore,src/Identity/Core/src/IdentityApiEndpointRouteBuilderExtensions.cs,60,Microsoft.Extensions.DependencyInjection.ServiceProviderServiceExtensions,GetRequiredService,System.IServiceProvider,Extension
aspnetcore:0320,aspnetcore,src/Identity/Core/src/IdentityApiEndpointRouteBuilderExtensions.cs,67,Microsoft.Extensions.DependencyInjection.ServiceProviderServiceExtensions,GetRequiredService,System.IServiceProvider,Extension
aspnetcore:0321,aspnetcore,src/Identity/Core/src/IdentityApiEndpointRouteBuilderExtensions.cs,93,Microsoft.Extensions.DependencyInjection.ServiceProviderServiceExtensions,GetRequiredService,System.IServiceProvider,Extension
aspnetcore:0322,aspnetcore,src/Identity/Core/src/IdentityApiEndpointRouteBuilderExtensions.cs,125,Microsoft.Extensions.DependencyInjection.ServiceProviderServiceExtensions,GetRequiredService,System.IServiceProvider,Extension
aspnetcore:0323,aspnetcore,src/Identity/Core/src/IdentityApiEndpointRouteBuilderExtensions.cs,145,Microsoft.Extensions.DependencyInjection.ServiceProviderServiceExtensions,GetRequiredService,System.IServiceProvider,Extension
aspnetcore:0324,aspnetcore,src/Identity/Core/src/IdentityApiEndpointRouteBuilderExtensions.cs,196,Microsoft.Extensions.DependencyInjection.ServiceProviderServiceExtensions,GetRequiredService,System.IServiceProvider,Extension
aspnetcore:0325,aspnetcore,src/Identity/Core/src/IdentityApiEndpointRouteBuilderExtensions.cs,209,Microsoft.Extensions.DependencyInjection.ServiceProviderServiceExtensions,GetRequiredService,System.IServiceProvider,Extension
aspnetcore:0326,aspnetcore,src/Identity/Core/src/IdentityApiEndpointRouteBuilderExtensions.cs,228,Microsoft.Extensions.DependencyInjection.ServiceProviderServiceExtensions,GetRequiredService,System.IServiceProvider,Extension
aspnetcore:0327,aspnetcore,src/Identity/Core/src/IdentityApiEndpointRouteBuilderExtensions.cs,263,Microsoft.Extensions.DependencyInjection.ServiceProviderServiceExtensions,GetRequiredService,System.IServiceProvider,Extension
aspnetcore:0328,aspnetcore,src/Identity/Core/src/IdentityApiEndpointRouteBuilderExtensions.cs,339,Microsoft.Extensions.DependencyInjection.ServiceProviderServiceExtensions,GetRequiredService,System.IServiceProvider,Extension
aspnetcore:0329,aspnetcore,src/Identity/Core/src/IdentityApiEndpointRouteBuilderExtensions.cs,351,Microsoft.Extensions.DependencyInjection.ServiceProviderServiceExtensions,GetRequiredService,System.IServiceProvider,Extension
aspnetcore:0330,aspnetcore,src/Identity/Core/src/IdentityBuilderExtensions.cs,82,Microsoft.Extensions.DependencyInjection.ServiceProviderServiceExtensions,GetRequiredService,System.IServiceProvider,Extension
aspnetcore:0331,aspnetcore,src/Identity/Core/src/SecurityStampValidator.cs,157,Microsoft.Extensions.Logging.LoggerExtensions,LogDebug,Microsoft.Extensions.Logging.ILogger,Extension
aspnetcore:0332,aspnetcore,src/Identity/Core/src/SecurityStampValidator.cs,197,Microsoft.Extensions.DependencyInjection.ServiceProviderServiceExtensions,GetRequiredService,System.IServiceProvider,Extension
aspnetcore:0333,aspnetcore,src/Identity/Core/src/SignInManager.cs,68,Microsoft.Extensions.DependencyInjection.ServiceProviderServiceExtensions,GetService,System.IServiceProvider,Extension
aspnetcore:0334,aspnetcore,src/Identity/Core/src/SignInManager.cs,69,Microsoft.Extensions.DependencyInjection.ServiceProviderServiceExtensions,GetService,System.IServiceProvider,Extension
aspnetcore:0335,aspnetcore,src/Identity/Core/src/SignInManager.cs,151,Microsoft.Extensions.Logging.LoggerExtensions,LogDebug,Microsoft.Extensions.Logging.ILogger,Extension
aspnetcore:0336,aspnetcore,src/Identity/Core/src/SignInManager.cs,156,Microsoft.Extensions.Logging.LoggerExtensions,LogDebug,Microsoft.Extensions.Logging.ILogger,Extension
aspnetcore:0337,aspnetcore,src/Identity/Core/src/SignInManager.cs,161,Microsoft.Extensions.Logging.LoggerExtensions,LogDebug,Microsoft.Extensions.Logging.ILogger,Extension
aspnetcore:0338,aspnetcore,src/Identity/Core/src/SignInManager.cs,194,Microsoft.Extensions.Logging.LoggerExtensions,LogError,Microsoft.Extensions.Logging.ILogger,Extension
aspnetcore:0339,aspnetcore,src/Identity/Core/src/SignInManager.cs,202,Microsoft.Extensions.Logging.LoggerExtensions,LogError,Microsoft.Extensions.Logging.ILogger,Extension
aspnetcore:0340,aspnetcore,src/Identity/Core/src/SignInManager.cs,346,Microsoft.Extensions.Logging.LoggerExtensions,LogDebug,Microsoft.Extensions.Logging.ILogger,Extension
aspnetcore:0341,aspnetcore,src/Identity/Core/src/SignInManager.cs,369,Microsoft.Extensions.Logging.LoggerExtensions,LogDebug,Microsoft.Extensions.Logging.ILogger,Extension
aspnetcore:0342,aspnetcore,src/Identity/Core/src/SignInManager.cs,494,Microsoft.Extensions.Logging.LoggerExtensions,LogDebug,Microsoft.Extensions.Logging.ILogger,Extension
aspnetcore:0343,aspnetcore,src/Identity/Core/src/SignInManager.cs,1302,Microsoft.Extensions.Logging.LoggerExtensions,LogDebug,Microsoft.Extensions.Logging.ILogger,Extension
aspnetcore:0344,aspnetcore,src/Identity/Extensions.Core/src/IdentityBuilder.cs,184,Microsoft.Extensions.DependencyInjection.ServiceProviderServiceExtensions,GetRequiredService,System.IServiceProvider,Extension
aspnetcore:0345,aspnetcore,src/Identity/Extensions.Core/src/IdentityBuilder.cs,270,Microsoft.Extensions.DependencyInjection.ServiceProviderServiceExtensions,GetRequiredService,System.IServiceProvider,Extension
aspnetcore:0346,aspnetcore,src/Identity/Extensions.Core/src/RoleManager.cs,413,Microsoft.Extensions.Logging.LoggerExtensions,LogWarning,Microsoft.Extensions.Logging.ILogger,Extension
aspnetcore:0347,aspnetcore,src/Identity/Extensions.Core/src/UserManager.cs,90,Microsoft.Extensions.DependencyInjection.ServiceProviderServiceExtensions,GetService,System.IServiceProvider,Extension
aspnetcore:0348,aspnetcore,src/Identity/Extensions.Core/src/UserManager.cs,116,Microsoft.Extensions.DependencyInjection.ServiceProviderServiceExtensions,GetRequiredService,System.IServiceProvider,Extension
aspnetcore:0349,aspnetcore,src/Identity/Extensions.Core/src/UserManager.cs,132,Microsoft.Extensions.DependencyInjection.ServiceProviderServiceExtensions,GetService,System.IServiceProvider,Extension
aspnetcore:0350,aspnetcore,src/Identity/Extensions.Core/src/UserManager.cs,607,Microsoft.Extensions.DependencyInjection.ServiceProviderServiceExtensions,GetService,System.IServiceProvider,Extension
aspnetcore:0351,aspnetcore,src/Identity/Extensions.Core/src/UserManager.cs,608,Microsoft.Extensions.DependencyInjection.ServiceProviderServiceExtensions,GetService,System.IServiceProvider,Extension
aspnetcore:0352,aspnetcore,src/Identity/Extensions.Core/src/UserManager.cs,685,Microsoft.Extensions.DependencyInjection.ServiceProviderServiceExtensions,GetRequiredService,System.IServiceProvider,Extension
aspnetcore:0353,aspnetcore,src/Identity/Extensions.Core/src/UserManager.cs,686,Microsoft.Extensions.DependencyInjection.ServiceProviderServiceExtensions,GetRequiredService,System.IServiceProvider,Extension
aspnetcore:0354,aspnetcore,src/Identity/Extensions.Core/src/UserManager.cs,770,Microsoft.Extensions.Logging.LoggerExtensions,LogDebug,Microsoft.Extensions.Logging.ILogger,Extension
aspnetcore:0355,aspnetcore,src/Identity/Extensions.Core/src/UserManager.cs,856,Microsoft.Extensions.Logging.LoggerExtensions,LogDebug,Microsoft.Extensions.Logging.ILogger,Extension
aspnetcore:0356,aspnetcore,src/Identity/Extensions.Core/src/UserManager.cs,909,Microsoft.Extensions.Logging.LoggerExtensions,LogDebug,Microsoft.Extensions.Logging.ILogger,Extension
aspnetcore:0357,aspnetcore,src/Identity/Extensions.Core/src/UserManager.cs,975,Microsoft.Extensions.Logging.LoggerExtensions,LogDebug,Microsoft.Extensions.Logging.ILogger,Extension
aspnetcore:0358,aspnetcore,src/Identity/Extensions.Core/src/UserManager.cs,1144,Microsoft.Extensions.Logging.LoggerExtensions,LogDebug,Microsoft.Extensions.Logging.ILogger,Extension
aspnetcore:0359,aspnetcore,src/Identity/Extensions.Core/src/UserManager.cs,1415,Microsoft.Extensions.Logging.LoggerExtensions,LogDebug,Microsoft.Extensions.Logging.ILogger,Extension
aspnetcore:0360,aspnetcore,src/Identity/Extensions.Core/src/UserManager.cs,1424,Microsoft.Extensions.Logging.LoggerExtensions,LogDebug,Microsoft.Extensions.Logging.ILogger,Extension
aspnetcore:0361,aspnetcore,src/Identity/Extensions.Core/src/UserManager.cs,1567,Microsoft.Extensions.DependencyInjection.ServiceProviderServiceExtensions,GetService,System.IServiceProvider,Extension
aspnetcore:0362,aspnetcore,src/Identity/Extensions.Core/src/UserManager.cs,1568,Microsoft.Extensions.DependencyInjection.ServiceProviderServiceExtensions,GetService,System.IServiceProvider,Extension
aspnetcore:0363,aspnetcore,src/Identity/Extensions.Core/src/UserManager.cs,1802,Microsoft.Extensions.Logging.LoggerExtensions,LogDebug,Microsoft.Extensions.Logging.ILogger,Extension
aspnetcore:0364,aspnetcore,src/Identity/Extensions.Core/src/UserManager.cs,1890,Microsoft.Extensions.Logging.LoggerExtensions,LogDebug,Microsoft.Extensions.Logging.ILogger,Extension
aspnetcore:0365,aspnetcore,src/Identity/Extensions.Core/src/UserManager.cs,1997,Microsoft.Extensions.Logging.LoggerExtensions,LogDebug,Microsoft.Extensions.Logging.ILogger,Extension
aspnetcore:0366,aspnetcore,src/Identity/Extensions.Core/src/UserManager.cs,2195,Microsoft.Extensions.Logging.LoggerExtensions,LogDebug,Microsoft.Extensions.Logging.ILogger,Extension
aspnetcore:0367,aspnetcore,src/Identity/Extensions.Core/src/UserManager.cs,2224,Microsoft.Extensions.Logging.LoggerExtensions,LogDebug,Microsoft.Extensions.Logging.ILogger,Extension
aspnetcore:0368,aspnetcore,src/Identity/Extensions.Core/src/UserManager.cs,2915,Microsoft.Extensions.Logging.LoggerExtensions,LogDebug,Microsoft.Extensions.Logging.ILogger,Extension
aspnetcore:0369,aspnetcore,src/Identity/Extensions.Core/src/UserManager.cs,2951,Microsoft.Extensions.Logging.LoggerExtensions,LogDebug,Microsoft.Extensions.Logging.ILogger,Extension
aspnetcore:0371,aspnetcore,src/Middleware/Diagnostics.EntityFrameworkCore/src/MigrationsEndPointMiddleware.cs,110,Microsoft.Extensions.DependencyInjection.ServiceProviderServiceExtensions,GetServices,System.IServiceProvider,Extension
aspnetcore:0382,aspnetcore,src/Middleware/Diagnostics/src/StatusCodePage/StatusCodePagesOptions.cs,26,Microsoft.Extensions.DependencyInjection.ServiceProviderServiceExtensions,GetService,System.IServiceProvider,Extension
aspnetcore:0389,aspnetcore,src/Middleware/HttpOverrides/src/ForwardedHeadersMiddleware.cs,229,Microsoft.Extensions.Logging.LoggerExtensions,LogDebug,Microsoft.Extensions.Logging.ILogger,Extension
aspnetcore:0390,aspnetcore,src/Middleware/HttpOverrides/src/ForwardedHeadersMiddleware.cs,248,Microsoft.Extensions.Logging.LoggerExtensions,LogDebug,Microsoft.Extensions.Logging.ILogger,Extension
aspnetcore:0391,aspnetcore,src/Middleware/HttpOverrides/src/ForwardedHeadersMiddleware.cs,254,Microsoft.Extensions.Logging.LoggerExtensions,LogWarning,Microsoft.Extensions.Logging.ILogger,Extension
aspnetcore:0392,aspnetcore,src/Middleware/HttpOverrides/src/ForwardedHeadersMiddleware.cs,268,Microsoft.Extensions.Logging.LoggerExtensions,LogWarning,Microsoft.Extensions.Logging.ILogger,Extension
aspnetcore:0393,aspnetcore,src/Middleware/HttpOverrides/src/ForwardedHeadersMiddleware.cs,283,Microsoft.Extensions.Logging.LoggerExtensions,LogWarning,Microsoft.Extensions.Logging.ILogger,Extension
aspnetcore:0394,aspnetcore,src/Middleware/HttpOverrides/src/ForwardedHeadersMiddleware.cs,297,Microsoft.Extensions.Logging.LoggerExtensions,LogWarning,Microsoft.Extensions.Logging.ILogger,Extension
aspnetcore:0403,aspnetcore,src/Middleware/Spa/SpaServices.Extensions/src/AngularCli/AngularCliBuilder.cs,49,Microsoft.Extensions.DependencyInjection.ServiceProviderServiceExtensions,GetRequiredService,System.IServiceProvider,Extension
aspnetcore:0404,aspnetcore,src/Middleware/Spa/SpaServices.Extensions/src/AngularCli/AngularCliBuilder.cs,53,Microsoft.Extensions.DependencyInjection.ServiceProviderServiceExtensions,GetRequiredService,System.IServiceProvider,Extension
aspnetcore:0405,aspnetcore,src/Middleware/Spa/SpaServices.Extensions/src/AngularCli/AngularCliMiddleware.cs,38,Microsoft.Extensions.DependencyInjection.ServiceProviderServiceExtensions,GetRequiredService,System.IServiceProvider,Extension
aspnetcore:0406,aspnetcore,src/Middleware/Spa/SpaServices.Extensions/src/AngularCli/AngularCliMiddleware.cs,40,Microsoft.Extensions.DependencyInjection.ServiceProviderServiceExtensions,GetRequiredService,System.IServiceProvider,Extension
aspnetcore:0407,aspnetcore,src/Middleware/Spa/SpaServices.Extensions/src/AngularCli/AngularCliMiddleware.cs,64,Microsoft.Extensions.Logging.LoggerExtensions,LogInformation,Microsoft.Extensions.Logging.ILogger,Extension
aspnetcore:0408,aspnetcore,src/Middleware/Spa/SpaServices.Extensions/src/Npm/NodeScriptRunner.cs,93,Microsoft.Extensions.Logging.LoggerExtensions,LogInformation,Microsoft.Extensions.Logging.ILogger,Extension
aspnetcore:0409,aspnetcore,src/Middleware/Spa/SpaServices.Extensions/src/Npm/NodeScriptRunner.cs,101,Microsoft.Extensions.Logging.LoggerExtensions,LogError,Microsoft.Extensions.Logging.ILogger,Extension
aspnetcore:0410,aspnetcore,src/Middleware/Spa/SpaServices.Extensions/src/Proxying/SpaProxyingExtensions.cs,84,Microsoft.Extensions.DependencyInjection.ServiceProviderServiceExtensions,GetRequiredService,System.IServiceProvider,Extension
aspnetcore:0411,aspnetcore,src/Middleware/Spa/SpaServices.Extensions/src/ReactDevelopmentServer/ReactDevelopmentServerMiddleware.cs,38,Microsoft.Extensions.DependencyInjection.ServiceProviderServiceExtensions,GetRequiredService,System.IServiceProvider,Extension
aspnetcore:0412,aspnetcore,src/Middleware/Spa/SpaServices.Extensions/src/ReactDevelopmentServer/ReactDevelopmentServerMiddleware.cs,40,Microsoft.Extensions.DependencyInjection.ServiceProviderServiceExtensions,GetRequiredService,System.IServiceProvider,Extension
aspnetcore:0413,aspnetcore,src/Middleware/Spa/SpaServices.Extensions/src/ReactDevelopmentServer/ReactDevelopmentServerMiddleware.cs,70,Microsoft.Extensions.Logging.LoggerExtensions,LogInformation,Microsoft.Extensions.Logging.ILogger,Extension
aspnetcore:0415,aspnetcore,src/Middleware/Spa/SpaServices.Extensions/src/StaticFiles/DefaultSpaStaticFileProvider.cs,30,Microsoft.Extensions.DependencyInjection.ServiceProviderServiceExtensions,GetRequiredService,System.IServiceProvider,Extension
aspnetcore:0418,aspnetcore,src/Middleware/Spa/SpaServices.Extensions/src/Util/LoggerFinder.cs,18,Microsoft.Extensions.DependencyInjection.ServiceProviderServiceExtensions,GetService,System.IServiceProvider,Extension
aspnetcore:0425,aspnetcore,src/Mvc/Mvc.Core/src/AcceptedAtActionResult.cs,75,Microsoft.Extensions.DependencyInjection.ServiceProviderServiceExtensions,GetRequiredService,System.IServiceProvider,Extension
aspnetcore:0426,aspnetcore,src/Mvc/Mvc.Core/src/AcceptedAtRouteResult.cs,76,Microsoft.Extensions.DependencyInjection.ServiceProviderServiceExtensions,GetRequiredService,System.IServiceProvider,Extension
aspnetcore:0428,aspnetcore,src/Mvc/Mvc.Core/src/Authorization/AuthorizeFilter.cs,145,Microsoft.Extensions.DependencyInjection.ServiceProviderServiceExtensions,GetRequiredService,System.IServiceProvider,Extension
aspnetcore:0429,aspnetcore,src/Mvc/Mvc.Core/src/Authorization/AuthorizeFilter.cs,175,Microsoft.Extensions.DependencyInjection.ServiceProviderServiceExtensions,GetRequiredService,System.IServiceProvider,Extension
aspnetcore:0430,aspnetcore,src/Mvc/Mvc.Core/src/Authorization/AuthorizeFilter.cs,206,Microsoft.Extensions.DependencyInjection.ServiceProviderServiceExtensions,GetRequiredService,System.IServiceProvider,Extension
aspnetcore:0434,aspnetcore,src/Mvc/Mvc.Core/src/Builder/ControllerEndpointRouteBuilderExtensions.cs,544,Microsoft.Extensions.DependencyInjection.ServiceProviderServiceExtensions,GetRequiredService,System.IServiceProvider,Extension
aspnetcore:0435,aspnetcore,src/Mvc/Mvc.Core/src/Builder/MvcApplicationBuilderExtensions.cs,68,Microsoft.Extensions.DependencyInjection.ServiceProviderServiceExtensions,GetRequiredService,System.IServiceProvider,Extension
aspnetcore:0436,aspnetcore,src/Mvc/Mvc.Core/src/Builder/MvcApplicationBuilderExtensions.cs,81,Microsoft.Extensions.DependencyInjection.ServiceProviderServiceExtensions,GetRequiredService,System.IServiceProvider,Extension
aspnetcore:0437,aspnetcore,src/Mvc/Mvc.Core/src/ChallengeResult.cs,96,Microsoft.Extensions.DependencyInjection.ServiceProviderServiceExtensions,GetRequiredService,System.IServiceProvider,Extension
aspnetcore:0438,aspnetcore,src/Mvc/Mvc.Core/src/ContentResult.cs,35,Microsoft.Extensions.DependencyInjection.ServiceProviderServiceExtensions,GetRequiredService,System.IServiceProvider,Extension
aspnetcore:0439,aspnetcore,src/Mvc/Mvc.Core/src/ControllerBase.cs,97,Microsoft.Extensions.DependencyInjection.ServiceProviderServiceExtensions,GetRequiredService,System.IServiceProvider,Extension
aspnetcore:0440,aspnetcore,src/Mvc/Mvc.Core/src/ControllerBase.cs,120,Microsoft.Extensions.DependencyInjection.ServiceProviderServiceExtensions,GetRequiredService,System.IServiceProvider,Extension
aspnetcore:0441,aspnetcore,src/Mvc/Mvc.Core/src/ControllerBase.cs,143,Microsoft.Extensions.DependencyInjection.ServiceProviderServiceExtensions,GetRequiredService,System.IServiceProvider,Extension
aspnetcore:0442,aspnetcore,src/Mvc/Mvc.Core/src/ControllerBase.cs,167,Microsoft.Extensions.DependencyInjection.ServiceProviderServiceExtensions,GetRequiredService,System.IServiceProvider,Extension
aspnetcore:0443,aspnetcore,src/Mvc/Mvc.Core/src/ControllerBase.cs,190,Microsoft.Extensions.DependencyInjection.ServiceProviderServiceExtensions,GetRequiredService,System.IServiceProvider,Extension
aspnetcore:0444,aspnetcore,src/Mvc/Mvc.Core/src/Controllers/ServiceBasedControllerActivator.cs,21,Microsoft.Extensions.DependencyInjection.ServiceProviderServiceExtensions,GetRequiredService,System.IServiceProvider,Extension
aspnetcore:0445,aspnetcore,src/Mvc/Mvc.Core/src/CreatedAtActionResult.cs,75,Microsoft.Extensions.DependencyInjection.ServiceProviderServiceExtensions,GetRequiredService,System.IServiceProvider,Extension
aspnetcore:0446,aspnetcore,src/Mvc/Mvc.Core/src/CreatedAtRouteResult.cs,76,Microsoft.Extensions.DependencyInjection.ServiceProviderServiceExtensions,GetRequiredService,System.IServiceProvider,Extension
aspnetcore:0447,aspnetcore,src/Mvc/Mvc.Core/src/DependencyInjection/ApiBehaviorOptionsSetup.cs,23,Microsoft.Extensions.DependencyInjection.ServiceProviderServiceExtensions,GetRequiredService,System.IServiceProvider,Extension
aspnetcore:0451,aspnetcore,src/Mvc/Mvc.Core/src/DisableRequestSizeLimitAttribute.cs,44,Microsoft.Extensions.DependencyInjection.ServiceProviderServiceExtensions,GetRequiredService,System.IServiceProvider,Extension
aspnetcore:0452,aspnetcore,src/Mvc/Mvc.Core/src/FileContentResult.cs,66,Microsoft.Extensions.DependencyInjection.ServiceProviderServiceExtensions,GetRequiredService,System.IServiceProvider,Extension
aspnetcore:0453,aspnetcore,src/Mvc/Mvc.Core/src/FileStreamResult.cs,67,Microsoft.Extensions.DependencyInjection.ServiceProviderServiceExtensions,GetRequiredService,System.IServiceProvider,Extension
aspnetcore:0454,aspnetcore,src/Mvc/Mvc.Core/src/Filters/MiddlewareFilterAttribute.cs,43,Microsoft.Extensions.DependencyInjection.ServiceProviderServiceExtensions,GetRequiredService,System.IServiceProvider,Extension
aspnetcore:0456,aspnetcore,src/Mvc/Mvc.Core/src/Filters/MiddlewareFilterConfigurationProvider.cs,106,Microsoft.Extensions.DependencyInjection.ServiceProviderServiceExtensions,GetRequiredService,System.IServiceProvider,Extension
aspnetcore:0457,aspnetcore,src/Mvc/Mvc.Core/src/ForbidResult.cs,97,Microsoft.Extensions.DependencyInjection.ServiceProviderServiceExtensions,GetRequiredService,System.IServiceProvider,Extension
aspnetcore:0458,aspnetcore,src/Mvc/Mvc.Core/src/FormatFilterAttribute.cs,29,Microsoft.Extensions.DependencyInjection.ServiceProviderServiceExtensions,GetRequiredService,System.IServiceProvider,Extension
aspnetcore:0459,aspnetcore,src/Mvc/Mvc.Core/src/Formatters/TextOutputFormatter.cs,133,Microsoft.Extensions.DependencyInjection.ServiceProviderServiceExtensions,GetService,System.IServiceProvider,Extension
aspnetcore:0460,aspnetcore,src/Mvc/Mvc.Core/src/Infrastructure/ConfigureCompatibilityOptions.cs,70,Microsoft.Extensions.Logging.LoggerExtensions,LogDebug,Microsoft.Extensions.Logging.ILogger,Extension
aspnetcore:0461,aspnetcore,src/Mvc/Mvc.Core/src/Infrastructure/ConfigureCompatibilityOptions.cs,83,Microsoft.Extensions.Logging.LoggerExtensions,LogDebug,Microsoft.Extensions.Logging.ILogger,Extension
aspnetcore:0462,aspnetcore,src/Mvc/Mvc.Core/src/Infrastructure/ConfigureCompatibilityOptions.cs,95,Microsoft.Extensions.Logging.LoggerExtensions,LogDebug,Microsoft.Extensions.Logging.ILogger,Extension
aspnetcore:0463,aspnetcore,src/Mvc/Mvc.Core/src/Infrastructure/ModelStateInvalidFilterFactory.cs,21,Microsoft.Extensions.DependencyInjection.ServiceProviderServiceExtensions,GetRequiredService,System.IServiceProvider,Extension
aspnetcore:0464,aspnetcore,src/Mvc/Mvc.Core/src/Infrastructure/ModelStateInvalidFilterFactory.cs,22,Microsoft.Extensions.DependencyInjection.ServiceProviderServiceExtensions,GetRequiredService,System.IServiceProvider,Extension
aspnetcore:0465,aspnetcore,src/Mvc/Mvc.Core/src/Infrastructure/ObjectResultExecutor.cs,104,Microsoft.Extensions.DependencyInjection.ServiceProviderServiceExtensions,GetService,System.IServiceProvider,Extension
aspnetcore:0466,aspnetcore,src/Mvc/Mvc.Core/src/JsonResult.cs,75,Microsoft.Extensions.DependencyInjection.ServiceProviderServiceExtensions,GetRequiredService,System.IServiceProvider,Extension
aspnetcore:0467,aspnetcore,src/Mvc/Mvc.Core/src/LocalRedirectResult.cs,91,Microsoft.Extensions.DependencyInjection.ServiceProviderServiceExtensions,GetRequiredService,System.IServiceProvider,Extension
aspnetcore:0468,aspnetcore,src/Mvc/Mvc.Core/src/ModelBinding/Binders/ArrayModelBinderProvider.cs,28,Microsoft.Extensions.DependencyInjection.ServiceProviderServiceExtensions,GetRequiredService,System.IServiceProvider,Extension
aspnetcore:0469,aspnetcore,src/Mvc/Mvc.Core/src/ModelBinding/Binders/ArrayModelBinderProvider.cs,29,Microsoft.Extensions.DependencyInjection.ServiceProviderServiceExtensions,GetRequiredService,System.IServiceProvider,Extension
aspnetcore:0470,aspnetcore,src/Mvc/Mvc.Core/src/ModelBinding/Binders/ByteArrayModelBinderProvider.cs,23,Microsoft.Extensions.DependencyInjection.ServiceProviderServiceExtensions,GetRequiredService,System.IServiceProvider,Extension
aspnetcore:0471,aspnetcore,src/Mvc/Mvc.Core/src/ModelBinding/Binders/CollectionModelBinderProvider.cs,60,Microsoft.Extensions.DependencyInjection.ServiceProviderServiceExtensions,GetRequiredService,System.IServiceProvider,Extension
aspnetcore:0472,aspnetcore,src/Mvc/Mvc.Core/src/ModelBinding/Binders/CollectionModelBinderProvider.cs,61,Microsoft.Extensions.DependencyInjection.ServiceProviderServiceExtensions,GetRequiredService,System.IServiceProvider,Extension
aspnetcore:0473,aspnetcore,src/Mvc/Mvc.Core/src/ModelBinding/Binders/ComplexObjectModelBinderProvider.cs,24,Microsoft.Extensions.DependencyInjection.ServiceProviderServiceExtensions,GetRequiredService,System.IServiceProvider,Extension
aspnetcore:0474,aspnetcore,src/Mvc/Mvc.Core/src/ModelBinding/Binders/ComplexTypeModelBinderProvider.cs,31,Microsoft.Extensions.DependencyInjection.ServiceProviderServiceExtensions,GetRequiredService,System.IServiceProvider,Extension
aspnetcore:0475,aspnetcore,src/Mvc/Mvc.Core/src/ModelBinding/Binders/DateTimeModelBinderProvider.cs,27,Microsoft.Extensions.DependencyInjection.ServiceProviderServiceExtensions,GetRequiredService,System.IServiceProvider,Extension
aspnetcore:0476,aspnetcore,src/Mvc/Mvc.Core/src/ModelBinding/Binders/DictionaryModelBinderProvider.cs,35,Microsoft.Extensions.DependencyInjection.ServiceProviderServiceExtensions,GetRequiredService,System.IServiceProvider,Extension
aspnetcore:0477,aspnetcore,src/Mvc/Mvc.Core/src/ModelBinding/Binders/DictionaryModelBinderProvider.cs,36,Microsoft.Extensions.DependencyInjection.ServiceProviderServiceExtensions,GetRequiredService,System.IServiceProvider,Extension
aspnetcore:0478,aspnetcore,src/Mvc/Mvc.Core/src/ModelBinding/Binders/EnumTypeModelBinderProvider.cs,32,Microsoft.Extensions.DependencyInjection.ServiceProviderServiceExtensions,GetRequiredService,System.IServiceProvider,Extension
aspnetcore:0479,aspnetcore,src/Mvc/Mvc.Core/src/ModelBinding/Binders/FloatingPointTypeModelBinderProvider.cs,28,Microsoft.Extensions.DependencyInjection.ServiceProviderServiceExtensions,GetRequiredService,System.IServiceProvider,Extension
aspnetcore:0480,aspnetcore,src/Mvc/Mvc.Core/src/ModelBinding/Binders/FormCollectionModelBinderProvider.cs,36,Microsoft.Extensions.DependencyInjection.ServiceProviderServiceExtensions,GetRequiredService,System.IServiceProvider,Extension
aspnetcore:0481,aspnetcore,src/Mvc/Mvc.Core/src/ModelBinding/Binders/FormFileModelBinderProvider.cs,29,Microsoft.Extensions.DependencyInjection.ServiceProviderServiceExtensions,GetRequiredService,System.IServiceProvider,Extension
aspnetcore:0482,aspnetcore,src/Mvc/Mvc.Core/src/ModelBinding/Binders/HeaderModelBinderProvider.cs,29,Microsoft.Extensions.DependencyInjection.ServiceProviderServiceExtensions,GetRequiredService,System.IServiceProvider,Extension
aspnetcore:0483,aspnetcore,src/Mvc/Mvc.Core/src/ModelBinding/Binders/KeyValuePairModelBinderProvider.cs,34,Microsoft.Extensions.DependencyInjection.ServiceProviderServiceExtensions,GetRequiredService,System.IServiceProvider,Extension
aspnetcore:0484,aspnetcore,src/Mvc/Mvc.Core/src/ModelBinding/Binders/ServicesModelBinder.cs,27,Microsoft.Extensions.DependencyInjection.ServiceProviderServiceExtensions,GetRequiredService,System.IServiceProvider,Extension
aspnetcore:0485,aspnetcore,src/Mvc/Mvc.Core/src/ModelBinding/Binders/SimpleTypeModelBinderProvider.cs,23,Microsoft.Extensions.DependencyInjection.ServiceProviderServiceExtensions,GetRequiredService,System.IServiceProvider,Extension
aspnetcore:0486,aspnetcore,src/Mvc/Mvc.Core/src/ModelBinding/Binders/TryParseModelBinderProvider.cs,21,Microsoft.Extensions.DependencyInjection.ServiceProviderServiceExtensions,GetRequiredService,System.IServiceProvider,Extension
aspnetcore:0487,aspnetcore,src/Mvc/Mvc.Core/src/ModelBinding/DefaultModelBindingContext.cs,235,Microsoft.Extensions.DependencyInjection.ServiceProviderServiceExtensions,GetService,System.IServiceProvider,Extension
aspnetcore:0489,aspnetcore,src/Mvc/Mvc.Core/src/ObjectResult.cs,62,Microsoft.Extensions.DependencyInjection.ServiceProviderServiceExtensions,GetRequiredService,System.IServiceProvider,Extension
aspnetcore:0490,aspnetcore,src/Mvc/Mvc.Core/src/PhysicalFileResult.cs,58,Microsoft.Extensions.DependencyInjection.ServiceProviderServiceExtensions,GetRequiredService,System.IServiceProvider,Extension
aspnetcore:0491,aspnetcore,src/Mvc/Mvc.Core/src/RedirectResult.cs,93,Microsoft.Extensions.DependencyInjection.ServiceProviderServiceExtensions,GetRequiredService,System.IServiceProvider,Extension
aspnetcore:0492,aspnetcore,src/Mvc/Mvc.Core/src/RedirectToActionResult.cs,171,Microsoft.Extensions.DependencyInjection.ServiceProviderServiceExtensions,GetRequiredService,System.IServiceProvider,Extension
aspnetcore:0493,aspnetcore,src/Mvc/Mvc.Core/src/RedirectToPageResult.cs,209,Microsoft.Extensions.DependencyInjection.ServiceProviderServiceExtensions,GetRequiredService,System.IServiceProvider,Extension
aspnetcore:0494,aspnetcore,src/Mvc/Mvc.Core/src/RedirectToRouteResult.cs,163,Microsoft.Extensions.DependencyInjection.ServiceProviderServiceExtensions,GetRequiredService,System.IServiceProvider,Extension
aspnetcore:0495,aspnetcore,src/Mvc/Mvc.Core/src/RequestFormLimitsAttribute.cs,167,Microsoft.Extensions.DependencyInjection.ServiceProviderServiceExtensions,GetRequiredService,System.IServiceProvider,Extension
aspnetcore:0496,aspnetcore,src/Mvc/Mvc.Core/src/RequestSizeLimitAttribute.cs,51,Microsoft.Extensions.DependencyInjection.ServiceProviderServiceExtensions,GetRequiredService,System.IServiceProvider,Extension
aspnetcore:0497,aspnetcore,src/Mvc/Mvc.Core/src/RequireHttpsAttribute.cs,72,Microsoft.Extensions.DependencyInjection.ServiceProviderServiceExtensions,GetRequiredService,System.IServiceProvider,Extension
aspnetcore:0498,aspnetcore,src/Mvc/Mvc.Core/src/ResponseCacheAttribute.cs,122,Microsoft.Extensions.DependencyInjection.ServiceProviderServiceExtensions,GetRequiredService,System.IServiceProvider,Extension
aspnetcore:0499,aspnetcore,src/Mvc/Mvc.Core/src/ResponseCacheAttribute.cs,123,Microsoft.Extensions.DependencyInjection.ServiceProviderServiceExtensions,GetRequiredService,System.IServiceProvider,Extension
aspnetcore:0500,aspnetcore,src/Mvc/Mvc.Core/src/Routing/ActionEndpointFactory.cs,539,Microsoft.Extensions.DependencyInjection.ServiceProviderServiceExtensions,GetRequiredService,System.IServiceProvider,Extension
aspnetcore:0501,aspnetcore,src/Mvc/Mvc.Core/src/Routing/AttributeRoute.cs,59,Microsoft.Extensions.DependencyInjection.ServiceProviderServiceExtensions,GetRequiredService,System.IServiceProvider,Extension
aspnetcore:0502,aspnetcore,src/Mvc/Mvc.Core/src/Routing/AttributeRouting.cs,22,Microsoft.Extensions.DependencyInjection.ServiceProviderServiceExtensions,GetRequiredService,System.IServiceProvider,Extension
aspnetcore:0503,aspnetcore,src/Mvc/Mvc.Core/src/Routing/AttributeRouting.cs,26,Microsoft.Extensions.DependencyInjection.ServiceProviderServiceExtensions,GetRequiredService,System.IServiceProvider,Extension
aspnetcore:0504,aspnetcore,src/Mvc/Mvc.Core/src/Routing/DynamicControllerEndpointMatcherPolicy.cs,93,Microsoft.Extensions.DependencyInjection.ServiceProviderServiceExtensions,GetRequiredService,System.IServiceProvider,Extension
aspnetcore:0505,aspnetcore,src/Mvc/Mvc.Core/src/Routing/KnownRouteValueConstraint.cs,75,Microsoft.Extensions.DependencyInjection.ServiceProviderServiceExtensions,GetRequiredService,System.IServiceProvider,Extension
aspnetcore:0506,aspnetcore,src/Mvc/Mvc.Core/src/Routing/UrlHelperFactory.cs,47,Microsoft.Extensions.DependencyInjection.ServiceProviderServiceExtensions,GetRequiredService,System.IServiceProvider,Extension
aspnetcore:0507,aspnetcore,src/Mvc/Mvc.Core/src/Routing/UrlHelperFactory.cs,48,Microsoft.Extensions.DependencyInjection.ServiceProviderServiceExtensions,GetRequiredService,System.IServiceProvider,Extension
aspnetcore:0508,aspnetcore,src/Mvc/Mvc.Core/src/ServiceFilterAttribute.cs,51,Microsoft.Extensions.DependencyInjection.ServiceProviderServiceExtensions,GetRequiredService,System.IServiceProvider,Extension
aspnetcore:0509,aspnetcore,src/Mvc/Mvc.Core/src/SignInResult.cs,83,Microsoft.Extensions.DependencyInjection.ServiceProviderServiceExtensions,GetRequiredService,System.IServiceProvider,Extension
aspnetcore:0510,aspnetcore,src/Mvc/Mvc.Core/src/SignOutResult.cs,113,Microsoft.Extensions.DependencyInjection.ServiceProviderServiceExtensions,GetRequiredService,System.IServiceProvider,Extension
aspnetcore:0511,aspnetcore,src/Mvc/Mvc.Core/src/StatusCodeResult.cs,39,Microsoft.Extensions.DependencyInjection.ServiceProviderServiceExtensions,GetRequiredService,System.IServiceProvider,Extension
aspnetcore:0512,aspnetcore,src/Mvc/Mvc.Core/src/VirtualFileResult.cs,64,Microsoft.Extensions.DependencyInjection.ServiceProviderServiceExtensions,GetRequiredService,System.IServiceProvider,Extension
aspnetcore:0513,aspnetcore,src/Mvc/Mvc.Cors/src/CorsAuthorizationFilterFactory.cs,38,Microsoft.Extensions.DependencyInjection.ServiceProviderServiceExtensions,GetRequiredService,System.IServiceProvider,Extension
aspnetcore:0514,aspnetcore,src/Mvc/Mvc.Formatters.Xml/src/XmlDataContractSerializerOutputFormatter.cs,224,Microsoft.Extensions.DependencyInjection.ServiceProviderServiceExtensions,GetRequiredService,System.IServiceProvider,Extension
aspnetcore:0515,aspnetcore,src/Mvc/Mvc.Formatters.Xml/src/XmlSerializerOutputFormatter.cs,203,Microsoft.Extensions.DependencyInjection.ServiceProviderServiceExtensions,GetRequiredService,System.IServiceProvider,Extension
aspnetcore:0516,aspnetcore,src/Mvc/Mvc.Razor/src/DefaultTagHelperFactory.cs,76,Microsoft.Extensions.DependencyInjection.ServiceProviderServiceExtensions,GetService,System.IServiceProvider,Extension
aspnetcore:0517,aspnetcore,src/Mvc/Mvc.Razor/src/RazorPageBase.cs,151,Microsoft.Extensions.DependencyInjection.ServiceProviderServiceExtensions,GetRequiredService,System.IServiceProvider,Extension
aspnetcore:0518,aspnetcore,src/Mvc/Mvc.Razor/src/RazorPageBase.cs,165,Microsoft.Extensions.DependencyInjection.ServiceProviderServiceExtensions,GetRequiredService,System.IServiceProvider,Extension
aspnetcore:0519,aspnetcore,src/Mvc/Mvc.Razor/src/RazorPageBase.cs,356,Microsoft.Extensions.DependencyInjection.ServiceProviderServiceExtensions,GetRequiredService,System.IServiceProvider,Extension
aspnetcore:0520,aspnetcore,src/Mvc/Mvc.Razor/src/RazorPageBase.cs,716,Microsoft.Extensions.DependencyInjection.ServiceProviderServiceExtensions,GetRequiredService,System.IServiceProvider,Extension
aspnetcore:0521,aspnetcore,src/Mvc/Mvc.Razor/src/RazorPagePropertyActivator.cs,127,Microsoft.Extensions.DependencyInjection.ServiceProviderServiceExtensions,GetRequiredService,System.IServiceProvider,Extension
aspnetcore:0522,aspnetcore,src/Mvc/Mvc.Razor/src/RazorView.cs,84,Microsoft.Extensions.DependencyInjection.ServiceProviderServiceExtensions,GetRequiredService,System.IServiceProvider,Extension
aspnetcore:0523,aspnetcore,src/Mvc/Mvc.Razor/src/ServiceBasedTagHelperActivator.cs,21,Microsoft.Extensions.DependencyInjection.ServiceProviderServiceExtensions,GetRequiredService,System.IServiceProvider,Extension
aspnetcore:0524,aspnetcore,src/Mvc/Mvc.Razor/src/TagHelpers/TagHelperComponentTagHelper.cs,62,Microsoft.Extensions.DependencyInjection.ServiceProviderServiceExtensions,GetRequiredService,System.IServiceProvider,Extension
aspnetcore:0525,aspnetcore,src/Mvc/Mvc.RazorPages/src/ApplicationModels/PageConventionCollection.cs,47,Microsoft.Extensions.DependencyInjection.ServiceProviderServiceExtensions,GetRequiredService,System.IServiceProvider,Extension
aspnetcore:0526,aspnetcore,src/Mvc/Mvc.RazorPages/src/Builder/RazorPagesEndpointRouteBuilderExtensions.cs,364,Microsoft.Extensions.DependencyInjection.ServiceProviderServiceExtensions,GetService,System.IServiceProvider,Extension
aspnetcore:0527,aspnetcore,src/Mvc/Mvc.RazorPages/src/Builder/RazorPagesEndpointRouteBuilderExtensions.cs,379,Microsoft.Extensions.DependencyInjection.ServiceProviderServiceExtensions,GetRequiredService,System.IServiceProvider,Extension
aspnetcore:0528,aspnetcore,src/Mvc/Mvc.RazorPages/src/Builder/RazorPagesEndpointRouteBuilderExtensions.cs,380,Microsoft.Extensions.DependencyInjection.ServiceProviderServiceExtensions,GetRequiredService,System.IServiceProvider,Extension
aspnetcore:0529,aspnetcore,src/Mvc/Mvc.RazorPages/src/Builder/RazorPagesEndpointRouteBuilderExtensions.cs,390,Microsoft.Extensions.DependencyInjection.ServiceProviderServiceExtensions,GetRequiredService,System.IServiceProvider,Extension
aspnetcore:0530,aspnetcore,src/Mvc/Mvc.RazorPages/src/DependencyInjection/MvcRazorPagesMvcCoreBuilderExtensions.cs,141,Microsoft.Extensions.DependencyInjection.ServiceProviderServiceExtensions,GetRequiredService,System.IServiceProvider,Extension
aspnetcore:0531,aspnetcore,src/Mvc/Mvc.RazorPages/src/Filters/PageSaveTempDataPropertyFilterFactory.cs,24,Microsoft.Extensions.DependencyInjection.ServiceProviderServiceExtensions,GetRequiredService,System.IServiceProvider,Extension
aspnetcore:0532,aspnetcore,src/Mvc/Mvc.RazorPages/src/Infrastructure/DynamicPageEndpointMatcherPolicy.cs,94,Microsoft.Extensions.DependencyInjection.ServiceProviderServiceExtensions,GetRequiredService,System.IServiceProvider,Extension
aspnetcore:0533,aspnetcore,src/Mvc/Mvc.RazorPages/src/Infrastructure/ServiceBasedPageModelActivatorProvider.cs,29,Microsoft.Extensions.DependencyInjection.ServiceProviderServiceExtensions,GetRequiredService,System.IServiceProvider,Extension
aspnetcore:0534,aspnetcore,src/Mvc/Mvc.RazorPages/src/PageBase.cs,72,Microsoft.Extensions.DependencyInjection.ServiceProviderServiceExtensions,GetRequiredService,System.IServiceProvider,Extension
aspnetcore:0535,aspnetcore,src/Mvc/Mvc.RazorPages/src/PageBase.cs,84,Microsoft.Extensions.DependencyInjection.ServiceProviderServiceExtensions,GetRequiredService,System.IServiceProvider,Extension
aspnetcore:0536,aspnetcore,src/Mvc/Mvc.RazorPages/src/PageBase.cs,97,Microsoft.Extensions.DependencyInjection.ServiceProviderServiceExtensions,GetRequiredService,System.IServiceProvider,Extension
aspnetcore:0537,aspnetcore,src/Mvc/Mvc.RazorPages/src/PageModel.cs,97,Microsoft.Extensions.DependencyInjection.ServiceProviderServiceExtensions,GetRequiredService,System.IServiceProvider,Extension
aspnetcore:0538,aspnetcore,src/Mvc/Mvc.RazorPages/src/PageModel.cs,120,Microsoft.Extensions.DependencyInjection.ServiceProviderServiceExtensions,GetRequiredService,System.IServiceProvider,Extension
aspnetcore:0539,aspnetcore,src/Mvc/Mvc.RazorPages/src/PageModel.cs,141,Microsoft.Extensions.DependencyInjection.ServiceProviderServiceExtensions,GetRequiredService,System.IServiceProvider,Extension
aspnetcore:0540,aspnetcore,src/Mvc/Mvc.RazorPages/src/PageModel.cs,158,Microsoft.Extensions.DependencyInjection.ServiceProviderServiceExtensions,GetRequiredService,System.IServiceProvider,Extension
aspnetcore:0541,aspnetcore,src/Mvc/Mvc.RazorPages/src/PageModel.cs,171,Microsoft.Extensions.DependencyInjection.ServiceProviderServiceExtensions,GetRequiredService,System.IServiceProvider,Extension
aspnetcore:0542,aspnetcore,src/Mvc/Mvc.RazorPages/src/PageResult.cs,60,Microsoft.Extensions.DependencyInjection.ServiceProviderServiceExtensions,GetRequiredService,System.IServiceProvider,Extension
aspnetcore:0543,aspnetcore,src/Mvc/Mvc.TagHelpers/src/ComponentTagHelper.cs,97,Microsoft.Extensions.DependencyInjection.ServiceProviderServiceExtensions,GetRequiredService,System.IServiceProvider,Extension
aspnetcore:0544,aspnetcore,src/Mvc/Mvc.TagHelpers/src/ImageTagHelper.cs,136,Microsoft.Extensions.DependencyInjection.ServiceProviderServiceExtensions,GetRequiredService,System.IServiceProvider,Extension
aspnetcore:0545,aspnetcore,src/Mvc/Mvc.TagHelpers/src/LinkTagHelper.cs,485,Microsoft.Extensions.DependencyInjection.ServiceProviderServiceExtensions,GetRequiredService,System.IServiceProvider,Extension
aspnetcore:0546,aspnetcore,src/Mvc/Mvc.TagHelpers/src/PersistComponentStateTagHelper.cs,46,Microsoft.Extensions.DependencyInjection.ServiceProviderServiceExtensions,GetRequiredService,System.IServiceProvider,Extension
aspnetcore:0547,aspnetcore,src/Mvc/Mvc.TagHelpers/src/ScriptTagHelper.cs,487,Microsoft.Extensions.DependencyInjection.ServiceProviderServiceExtensions,GetRequiredService,System.IServiceProvider,Extension
aspnetcore:0550,aspnetcore,src/Mvc/Mvc.ViewFeatures/src/AutoValidateAntiforgeryTokenAttribute.cs,49,Microsoft.Extensions.DependencyInjection.ServiceProviderServiceExtensions,GetRequiredService,System.IServiceProvider,Extension
aspnetcore:0551,aspnetcore,src/Mvc/Mvc.ViewFeatures/src/Controller.cs,71,Microsoft.Extensions.DependencyInjection.ServiceProviderServiceExtensions,GetRequiredService,System.IServiceProvider,Extension
aspnetcore:0552,aspnetcore,src/Mvc/Mvc.ViewFeatures/src/DefaultDisplayTemplates.cs,93,Microsoft.Extensions.DependencyInjection.ServiceProviderServiceExtensions,GetRequiredService,System.IServiceProvider,Extension
aspnetcore:0553,aspnetcore,src/Mvc/Mvc.ViewFeatures/src/DefaultDisplayTemplates.cs,108,Microsoft.Extensions.DependencyInjection.ServiceProviderServiceExtensions,GetRequiredService,System.IServiceProvider,Extension
aspnetcore:0554,aspnetcore,src/Mvc/Mvc.ViewFeatures/src/DefaultDisplayTemplates.cs,109,Microsoft.Extensions.DependencyInjection.ServiceProviderServiceExtensions,GetRequiredService,System.IServiceProvider,Extension
aspnetcore:0555,aspnetcore,src/Mvc/Mvc.ViewFeatures/src/DefaultDisplayTemplates.cs,209,Microsoft.Extensions.DependencyInjection.ServiceProviderServiceExtensions,GetRequiredService,System.IServiceProvider,Extension
aspnetcore:0556,aspnetcore,src/Mvc/Mvc.ViewFeatures/src/DefaultDisplayTemplates.cs,210,Microsoft.Extensions.DependencyInjection.ServiceProviderServiceExtensions,GetRequiredService,System.IServiceProvider,Extension
aspnetcore:0557,aspnetcore,src/Mvc/Mvc.ViewFeatures/src/DefaultEditorTemplates.cs,75,Microsoft.Extensions.DependencyInjection.ServiceProviderServiceExtensions,GetRequiredService,System.IServiceProvider,Extension
aspnetcore:0558,aspnetcore,src/Mvc/Mvc.ViewFeatures/src/DefaultEditorTemplates.cs,90,Microsoft.Extensions.DependencyInjection.ServiceProviderServiceExtensions,GetRequiredService,System.IServiceProvider,Extension
aspnetcore:0559,aspnetcore,src/Mvc/Mvc.ViewFeatures/src/DefaultEditorTemplates.cs,91,Microsoft.Extensions.DependencyInjection.ServiceProviderServiceExtensions,GetRequiredService,System.IServiceProvider,Extension
aspnetcore:0560,aspnetcore,src/Mvc/Mvc.ViewFeatures/src/DefaultEditorTemplates.cs,251,Microsoft.Extensions.DependencyInjection.ServiceProviderServiceExtensions,GetRequiredService,System.IServiceProvider,Extension
aspnetcore:0561,aspnetcore,src/Mvc/Mvc.ViewFeatures/src/DefaultEditorTemplates.cs,252,Microsoft.Extensions.DependencyInjection.ServiceProviderServiceExtensions,GetRequiredService,System.IServiceProvider,Extension
aspnetcore:0562,aspnetcore,src/Mvc/Mvc.ViewFeatures/src/DependencyInjection/MvcViewFeaturesMvcCoreBuilderExtensions.cs,161,Microsoft.Extensions.DependencyInjection.ServiceProviderServiceExtensions,GetRequiredService,System.IServiceProvider,Extension
aspnetcore:0563,aspnetcore,src/Mvc/Mvc.ViewFeatures/src/Filters/ControllerSaveTempDataPropertyFilterFactory.cs,24,Microsoft.Extensions.DependencyInjection.ServiceProviderServiceExtensions,GetRequiredService,System.IServiceProvider,Extension
aspnetcore:0564,aspnetcore,src/Mvc/Mvc.ViewFeatures/src/PageRemoteAttribute.cs,44,Microsoft.Extensions.DependencyInjection.ServiceProviderServiceExtensions,GetRequiredService,System.IServiceProvider,Extension
aspnetcore:0565,aspnetcore,src/Mvc/Mvc.ViewFeatures/src/PartialViewResult.cs,65,Microsoft.Extensions.DependencyInjection.ServiceProviderServiceExtensions,GetService,System.IServiceProvider,Extension
aspnetcore:0566,aspnetcore,src/Mvc/Mvc.ViewFeatures/src/RemoteAttribute.cs,112,Microsoft.Extensions.DependencyInjection.ServiceProviderServiceExtensions,GetRequiredService,System.IServiceProvider,Extension
aspnetcore:0567,aspnetcore,src/Mvc/Mvc.ViewFeatures/src/RemoteAttributeBase.cs,180,Microsoft.Extensions.DependencyInjection.ServiceProviderServiceExtensions,GetRequiredService,System.IServiceProvider,Extension
aspnetcore:0568,aspnetcore,src/Mvc/Mvc.ViewFeatures/src/RemoteAttributeBase.cs,181,Microsoft.Extensions.DependencyInjection.ServiceProviderServiceExtensions,GetService,System.IServiceProvider,Extension
aspnetcore:0569,aspnetcore,src/Mvc/Mvc.ViewFeatures/src/Rendering/HtmlHelperComponentExtensions.cs,63,Microsoft.Extensions.DependencyInjection.ServiceProviderServiceExtensions,GetRequiredService,System.IServiceProvider,Extension
aspnetcore:0570,aspnetcore,src/Mvc/Mvc.ViewFeatures/src/SaveTempDataAttribute.cs,38,Microsoft.Extensions.DependencyInjection.ServiceProviderServiceExtensions,GetRequiredService,System.IServiceProvider,Extension
aspnetcore:0571,aspnetcore,src/Mvc/Mvc.ViewFeatures/src/TemplateRenderer.cs,240,Microsoft.Extensions.DependencyInjection.ServiceProviderServiceExtensions,GetRequiredService,System.IServiceProvider,Extension
aspnetcore:0572,aspnetcore,src/Mvc/Mvc.ViewFeatures/src/ValidateAntiForgeryTokenAttribute.cs,48,Microsoft.Extensions.DependencyInjection.ServiceProviderServiceExtensions,GetRequiredService,System.IServiceProvider,Extension
aspnetcore:0573,aspnetcore,src/Mvc/Mvc.ViewFeatures/src/ViewComponent.cs,88,Microsoft.Extensions.DependencyInjection.ServiceProviderServiceExtensions,GetRequiredService,System.IServiceProvider,Extension
aspnetcore:0574,aspnetcore,src/Mvc/Mvc.ViewFeatures/src/ViewComponent.cs,152,Microsoft.Extensions.DependencyInjection.ServiceProviderServiceExtensions,GetRequiredService,System.IServiceProvider,Extension
aspnetcore:0575,aspnetcore,src/Mvc/Mvc.ViewFeatures/src/ViewComponentResult.cs,64,Microsoft.Extensions.DependencyInjection.ServiceProviderServiceExtensions,GetService,System.IServiceProvider,Extension
aspnetcore:0576,aspnetcore,src/Mvc/Mvc.ViewFeatures/src/ViewComponentResultExecutor.cs,113,Microsoft.Extensions.DependencyInjection.ServiceProviderServiceExtensions,GetRequiredService,System.IServiceProvider,Extension
aspnetcore:0577,aspnetcore,src/Mvc/Mvc.ViewFeatures/src/ViewComponents/ServiceBasedViewComponentActivator.cs,21,Microsoft.Extensions.DependencyInjection.ServiceProviderServiceExtensions,GetRequiredService,System.IServiceProvider,Extension
aspnetcore:0578,aspnetcore,src/Mvc/Mvc.ViewFeatures/src/ViewComponents/ViewViewComponentResult.cs,113,Microsoft.Extensions.DependencyInjection.ServiceProviderServiceExtensions,GetRequiredService,System.IServiceProvider,Extension
aspnetcore:0579,aspnetcore,src/Mvc/Mvc.ViewFeatures/src/ViewComponents/ViewViewComponentResult.cs,131,Microsoft.Extensions.DependencyInjection.ServiceProviderServiceExtensions,GetRequiredService,System.IServiceProvider,Extension
aspnetcore:0580,aspnetcore,src/Mvc/Mvc.ViewFeatures/src/ViewResult.cs,64,Microsoft.Extensions.DependencyInjection.ServiceProviderServiceExtensions,GetService,System.IServiceProvider,Extension
aspnetcore:0581,aspnetcore,src/Mvc/shared/Mvc.Core.TestCommon/TestModelBinderFactory.cs,15,Microsoft.Extensions.DependencyInjection.ServiceProviderServiceExtensions,GetRequiredService,System.IServiceProvider,Extension
aspnetcore:0588,aspnetcore,src/Security/Authentication/BearerToken/src/BearerTokenHandler.cs,86,Microsoft.Extensions.DependencyInjection.ServiceProviderServiceExtensions,GetService,System.IServiceProvider,Extension
aspnetcore:0589,aspnetcore,src/Security/Authentication/Core/src/AuthenticationHandler.cs,174,Microsoft.Extensions.DependencyInjection.ServiceProviderServiceExtensions,GetRequiredService,System.IServiceProvider,Extension
aspnetcore:0593,aspnetcore,src/Security/Authorization/Policy/src/AuthorizationMiddleware.cs,180,Microsoft.Extensions.Logging.LoggerExtensions,LogDebug,Microsoft.Extensions.Logging.ILogger,Extension
aspnetcore:0595,aspnetcore,src/Servers/HttpSys/src/WebHostBuilderHttpSysExtensions.cs,34,Microsoft.Extensions.DependencyInjection.ServiceProviderServiceExtensions,GetRequiredService,System.IServiceProvider,Extension
aspnetcore:0596,aspnetcore,src/Servers/HttpSys/src/WebHostBuilderHttpSysExtensions.cs,37,Microsoft.Extensions.DependencyInjection.ServiceProviderServiceExtensions,GetRequiredService,System.IServiceProvider,Extension
aspnetcore:0597,aspnetcore,src/Servers/HttpSys/src/WebHostBuilderHttpSysExtensions.cs,42,Microsoft.Extensions.DependencyInjection.ServiceProviderServiceExtensions,GetRequiredService,System.IServiceProvider,Extension
aspnetcore:0598,aspnetcore,src/Servers/IIS/IIS/src/Core/IISHttpContext.cs,899,Microsoft.Extensions.Logging.LoggerExtensions,LogError,Microsoft.Extensions.Logging.ILogger,Extension
aspnetcore:0599,aspnetcore,src/Servers/IIS/IIS/src/Core/IISHttpServer.cs,176,Microsoft.Extensions.Logging.LoggerExtensions,LogError,Microsoft.Extensions.Logging.ILogger,Extension
aspnetcore:0600,aspnetcore,src/Servers/IIS/IIS/src/Core/IISHttpServer.cs,201,Microsoft.Extensions.Logging.LoggerExtensions,LogError,Microsoft.Extensions.Logging.ILogger,Extension
aspnetcore:0601,aspnetcore,src/Servers/IIS/IIS/src/Core/IISHttpServer.cs,224,Microsoft.Extensions.Logging.LoggerExtensions,LogError,Microsoft.Extensions.Logging.ILogger,Extension
aspnetcore:0602,aspnetcore,src/Servers/IIS/IIS/src/Core/IISHttpServer.cs,247,Microsoft.Extensions.Logging.LoggerExtensions,LogError,Microsoft.Extensions.Logging.ILogger,Extension
aspnetcore:0603,aspnetcore,src/Servers/IIS/IIS/src/Core/IISHttpServer.cs,273,Microsoft.Extensions.Logging.LoggerExtensions,LogError,Microsoft.Extensions.Logging.ILogger,Extension
aspnetcore:0604,aspnetcore,src/Servers/IIS/IIS/src/Core/IISServerSetupFilter.cs,17,Microsoft.Extensions.DependencyInjection.ServiceProviderServiceExtensions,GetService,System.IServiceProvider,Extension
aspnetcore:0605,aspnetcore,src/Servers/IIS/IISIntegration/src/ForwardedTlsConnectionFeature.cs,36,Microsoft.Extensions.Logging.LoggerExtensions,LogWarning,Microsoft.Extensions.Logging.ILogger,Extension
aspnetcore:0608,aspnetcore,src/Servers/Kestrel/Core/src/Internal/Http3/Http3OutputProducer.cs,462,Microsoft.Extensions.Logging.LoggerExtensions,LogCritical,Microsoft.Extensions.Logging.ILogger,Extension
aspnetcore:0609,aspnetcore,src/Servers/Kestrel/Core/src/Internal/Http3/Http3Stream.cs,693,Microsoft.Extensions.Logging.LoggerExtensions,LogWarning,Microsoft.Extensions.Logging.ILogger,Extension
aspnetcore:0610,aspnetcore,src/Servers/Kestrel/Core/src/Internal/HttpConnection.cs,124,Microsoft.Extensions.Logging.LoggerExtensions,LogCritical,Microsoft.Extensions.Logging.ILogger,Extension
aspnetcore:0611,aspnetcore,src/Servers/Kestrel/Core/src/Internal/HttpConnection.cs,247,Microsoft.Extensions.Logging.LoggerExtensions,LogError,Microsoft.Extensions.Logging.ILogger,Extension
aspnetcore:0614,aspnetcore,src/Servers/Kestrel/Core/src/Internal/Infrastructure/KestrelConnection.cs,136,Microsoft.Extensions.Logging.LoggerExtensions,LogError,Microsoft.Extensions.Logging.ILogger,Extension
aspnetcore:0615,aspnetcore,src/Servers/Kestrel/Core/src/Internal/Infrastructure/KestrelConnection.cs,147,Microsoft.Extensions.Logging.LoggerExtensions,LogError,Microsoft.Extensions.Logging.ILogger,Extension
aspnetcore:0616,aspnetcore,src/Servers/Kestrel/Core/src/Internal/Infrastructure/KestrelConnectionOfT.cs,74,Microsoft.Extensions.Logging.LoggerExtensions,LogError,Microsoft.Extensions.Logging.ILogger,Extension
aspnetcore:0617,aspnetcore,src/Servers/Kestrel/Core/src/Internal/Infrastructure/PipeWriterHelpers/TimingPipeFlusher.cs,100,Microsoft.Extensions.Logging.LoggerExtensions,LogError,Microsoft.Extensions.Logging.ILogger,Extension
aspnetcore:0619,aspnetcore,src/Servers/Kestrel/Core/src/Internal/KestrelServerImpl.cs,357,Microsoft.Extensions.Logging.LoggerExtensions,LogInformation,Microsoft.Extensions.Logging.ILogger,Extension
aspnetcore:0620,aspnetcore,src/Servers/Kestrel/Core/src/Internal/KestrelServerImpl.cs,385,Microsoft.Extensions.Logging.LoggerExtensions,LogInformation,Microsoft.Extensions.Logging.ILogger,Extension
aspnetcore:0621,aspnetcore,src/Servers/Kestrel/Core/src/Internal/KestrelServerImpl.cs,398,Microsoft.Extensions.Logging.LoggerExtensions,LogCritical,Microsoft.Extensions.Logging.ILogger,Extension
aspnetcore:0622,aspnetcore,src/Servers/Kestrel/Core/src/Internal/KestrelServerImpl.cs,406,Microsoft.Extensions.Logging.LoggerExtensions,LogCritical,Microsoft.Extensions.Logging.ILogger,Extension
aspnetcore:0632,aspnetcore,src/Servers/Kestrel/Core/src/ListenOptionsHttpsExtensions.cs,38,Microsoft.Extensions.DependencyInjection.ServiceProviderServiceExtensions,GetRequiredService,System.IServiceProvider,Extension
aspnetcore:0633,aspnetcore,src/Servers/Kestrel/Core/src/ListenOptionsHttpsExtensions.cs,52,Microsoft.Extensions.DependencyInjection.ServiceProviderServiceExtensions,GetRequiredService,System.IServiceProvider,Extension
aspnetcore:0634,aspnetcore,src/Servers/Kestrel/Core/src/ListenOptionsHttpsExtensions.cs,67,Microsoft.Extensions.DependencyInjection.ServiceProviderServiceExtensions,GetRequiredService,System.IServiceProvider,Extension
aspnetcore:0640,aspnetcore,src/Servers/Kestrel/Core/src/Middleware/ListenOptionsConnectionLoggingExtensions.cs,36,Microsoft.Extensions.DependencyInjection.ServiceProviderServiceExtensions,GetRequiredService,System.IServiceProvider,Extension
aspnetcore:0643,aspnetcore,src/Servers/Kestrel/shared/ConnectionCompletion.cs,36,Microsoft.Extensions.Logging.LoggerExtensions,LogError,Microsoft.Extensions.Logging.ILogger,Extension
aspnetcore:0644,aspnetcore,src/Servers/Kestrel/shared/ConnectionCompletion.cs,51,Microsoft.Extensions.Logging.LoggerExtensions,LogError,Microsoft.Extensions.Logging.ILogger,Extension
aspnetcore:0645,aspnetcore,src/Servers/Kestrel/shared/ConnectionCompletion.cs,62,Microsoft.Extensions.Logging.LoggerExtensions,LogError,Microsoft.Extensions.Logging.ILogger,Extension
aspnetcore:0646,aspnetcore,src/Servers/Kestrel/Transport.NamedPipes/src/Internal/NamedPipeConnection.cs,73,Microsoft.Extensions.Logging.LoggerExtensions,LogError,Microsoft.Extensions.Logging.ILogger,Extension
aspnetcore:0647,aspnetcore,src/Servers/Kestrel/Transport.NamedPipes/src/Internal/NamedPipeConnection.cs,267,Microsoft.Extensions.Logging.LoggerExtensions,LogError,Microsoft.Extensions.Logging.ILogger,Extension
aspnetcore:0648,aspnetcore,src/Servers/Kestrel/Transport.NamedPipes/src/Internal/NamedPipeConnection.cs,293,Microsoft.Extensions.Logging.LoggerExtensions,LogError,Microsoft.Extensions.Logging.ILogger,Extension
aspnetcore:0649,aspnetcore,src/Servers/Kestrel/Transport.Quic/src/Internal/QuicConnectionContext.cs,67,Microsoft.Extensions.Logging.LoggerExtensions,LogWarning,Microsoft.Extensions.Logging.ILogger,Extension
aspnetcore:0650,aspnetcore,src/Servers/Kestrel/Transport.Quic/src/Internal/QuicConnectionContext.cs,206,Microsoft.Extensions.Logging.LoggerExtensions,LogError,Microsoft.Extensions.Logging.ILogger,Extension
aspnetcore:0651,aspnetcore,src/Servers/Kestrel/Transport.Quic/src/Internal/QuicStreamContext.cs,177,Microsoft.Extensions.Logging.LoggerExtensions,LogError,Microsoft.Extensions.Logging.ILogger,Extension
aspnetcore:0652,aspnetcore,src/Servers/Kestrel/Transport.Quic/src/Internal/QuicStreamContext.cs,360,Microsoft.Extensions.Logging.LoggerExtensions,LogError,Microsoft.Extensions.Logging.ILogger,Extension
aspnetcore:0653,aspnetcore,src/Servers/Kestrel/Transport.Quic/src/Internal/QuicStreamContext.cs,540,Microsoft.Extensions.Logging.LoggerExtensions,LogWarning,Microsoft.Extensions.Logging.ILogger,Extension
aspnetcore:0654,aspnetcore,src/Servers/Kestrel/Transport.Sockets/src/Internal/SocketConnection.cs,88,Microsoft.Extensions.Logging.LoggerExtensions,LogError,Microsoft.Extensions.Logging.ILogger,Extension
aspnetcore:0655,aspnetcore,src/Servers/Kestrel/Transport.Sockets/src/Internal/SocketConnection.cs,122,Microsoft.Extensions.Logging.LoggerExtensions,LogError,Microsoft.Extensions.Logging.ILogger,Extension
aspnetcore:0656,aspnetcore,src/Servers/Kestrel/Transport.Sockets/src/Internal/SocketConnection.cs,417,Microsoft.Extensions.Logging.LoggerExtensions,LogError,Microsoft.Extensions.Logging.ILogger,Extension
aspnetcore:0658,aspnetcore,src/Shared/AsyncEnumerableExtensions.cs,25,Microsoft.Extensions.Logging.LoggerExtensions,LogDebug,Microsoft.Extensions.Logging.ILogger,Extension
aspnetcore:0659,aspnetcore,src/Shared/Buffers.MemoryPool/DefaultMemoryPoolFactory.cs,42,Microsoft.Extensions.Logging.LoggerExtensions,LogCritical,Microsoft.Extensions.Logging.ILogger,Extension
aspnetcore:0660,aspnetcore,src/Shared/Buffers.MemoryPool/PinnedBlockMemoryPool.cs,170,Microsoft.Extensions.Logging.LoggerExtensions,LogError,Microsoft.Extensions.Logging.ILogger,Extension
aspnetcore:0663,aspnetcore,src/Shared/HttpClient/HttpEventSourceListener.cs,20,Microsoft.Extensions.Logging.LoggerExtensions,LogDebug,Microsoft.Extensions.Logging.ILogger,Extension
aspnetcore:0664,aspnetcore,src/Shared/HttpClient/HttpEventSourceListener.cs,77,Microsoft.Extensions.Logging.LoggerExtensions,LogDebug,Microsoft.Extensions.Logging.ILogger,Extension
aspnetcore:0665,aspnetcore,src/Shared/HttpClient/HttpEventSourceListener.cs,95,Microsoft.Extensions.Logging.LoggerExtensions,LogDebug,Microsoft.Extensions.Logging.ILogger,Extension
aspnetcore:0669,aspnetcore,src/Shared/RangeHelper/RangeHelper.cs,72,Microsoft.Extensions.Logging.LoggerExtensions,LogDebug,Microsoft.Extensions.Logging.ILogger,Extension
aspnetcore:0684,aspnetcore,src/SignalR/common/Shared/MessageBuffer.cs,296,Microsoft.Extensions.Logging.LoggerExtensions,LogDebug,Microsoft.Extensions.Logging.ILogger,Extension
aspnetcore:0685,aspnetcore,src/SignalR/common/testassets/Tests.Utils/ServerLogScope.cs,33,Microsoft.Extensions.Logging.LoggerExtensions,LogInformation,Microsoft.Extensions.Logging.ILogger,Extension
aspnetcore:0686,aspnetcore,src/SignalR/common/testassets/Tests.Utils/ServerLogScope.cs,42,Microsoft.Extensions.Logging.LoggerExtensions,LogWarning,Microsoft.Extensions.Logging.ILogger,Extension
aspnetcore:0687,aspnetcore,src/SignalR/common/testassets/Tests.Utils/ServerLogScope.cs,67,Microsoft.Extensions.Logging.LoggerExtensions,LogInformation,Microsoft.Extensions.Logging.ILogger,Extension
aspnetcore:0702,aspnetcore,src/SignalR/server/StackExchangeRedis/src/Internal/RedisLog.cs,73,Microsoft.Extensions.Logging.LoggerExtensions,LogDebug,Microsoft.Extensions.Logging.ILogger,Extension
aspnetcore:0703,aspnetcore,src/StaticAssets/src/Development/StaticAssetDevelopmentRuntimeHandler.cs,59,Microsoft.Extensions.DependencyInjection.ServiceProviderServiceExtensions,GetRequiredService,System.IServiceProvider,Extension
aspnetcore:0704,aspnetcore,src/StaticAssets/src/Development/StaticAssetDevelopmentRuntimeHandler.cs,161,Microsoft.Extensions.DependencyInjection.ServiceProviderServiceExtensions,GetRequiredService,System.IServiceProvider,Extension
aspnetcore:0706,aspnetcore,src/StaticAssets/src/Development/StaticAssetDevelopmentRuntimeHandler.cs,221,Microsoft.Extensions.DependencyInjection.ServiceProviderServiceExtensions,GetRequiredService,System.IServiceProvider,Extension
aspnetcore:0707,aspnetcore,src/StaticAssets/src/Development/StaticAssetDevelopmentRuntimeHandler.cs,243,Microsoft.Extensions.DependencyInjection.ServiceProviderServiceExtensions,GetRequiredService,System.IServiceProvider,Extension
aspnetcore:0709,aspnetcore,src/StaticAssets/src/StaticAssetEndpointFactory.cs,41,Microsoft.Extensions.DependencyInjection.ServiceProviderServiceExtensions,GetRequiredService,System.IServiceProvider,Extension
aspnetcore:0710,aspnetcore,src/StaticAssets/src/StaticAssetEndpointFactory.cs,42,Microsoft.Extensions.DependencyInjection.ServiceProviderServiceExtensions,GetRequiredService,System.IServiceProvider,Extension
aspnetcore:0712,aspnetcore,src/StaticAssets/src/StaticAssetsEndpointRouteBuilderExtensions.cs,91,Microsoft.Extensions.DependencyInjection.ServiceProviderServiceExtensions,GetRequiredService,System.IServiceProvider,Extension
aspnetcore:0713,aspnetcore,src/StaticAssets/src/StaticAssetsInvoker.cs,165,Microsoft.Extensions.DependencyInjection.ServiceProviderServiceExtensions,GetRequiredService,System.IServiceProvider,Extension
aspnetcore:0714,aspnetcore,src/Tools/Microsoft.dotnet-openapi/src/HttpClientWrapper.cs,26,System.Net.Http.HttpMessageInvoker,Dispose,System.Net.Http.HttpClient,NonVirtual
aspnetcore:0715,aspnetcore,src/Tools/Microsoft.dotnet-openapi/src/HttpClientWrapper.cs,31,System.Net.Http.HttpClient,GetAsync,System.Net.Http.HttpClient,NonVirtual
aspnetcore:0716,aspnetcore,src/Tools/Microsoft.dotnet-openapi/src/HttpClientWrapper.cs,38,System.Net.Http.HttpClient,GetStreamAsync,System.Net.Http.HttpClient,NonVirtual
roslyn:0002,roslyn,src/Workspaces/MSBuild/Core/MSBuild/BuildHostProcessManager.cs,64,Microsoft.Extensions.Logging.LoggerExtensions,LogWarning,Microsoft.Extensions.Logging.ILogger,Extension
roslyn:0003,roslyn,src/Workspaces/MSBuild/Core/MSBuild/BuildHostProcessManager.cs,78,Microsoft.Extensions.Logging.LoggerExtensions,LogWarning,Microsoft.Extensions.Logging.ILogger,Extension
roslyn:0004,roslyn,src/Workspaces/MSBuild/Core/MSBuild/BuildHostProcessManager.cs,157,Microsoft.Extensions.Logging.LoggerExtensions,LogInformation,Microsoft.Extensions.Logging.ILogger,Extension
roslyn:0008,roslyn,src/Workspaces/MSBuild/Core/MSBuild/BuildHostProcessManager.cs,510,Microsoft.Extensions.Logging.LoggerExtensions,LogError,Microsoft.Extensions.Logging.ILogger,Extension
roslyn:0009,roslyn,src/Workspaces/MSBuild/Core/MSBuild/BuildHostProcessManager.cs,528,Microsoft.Extensions.Logging.LoggerExtensions,LogError,Microsoft.Extensions.Logging.ILogger,Extension
roslyn:0010,roslyn,src/Workspaces/MSBuild/Core/MSBuild/BuildHostProcessManager.cs,530,Microsoft.Extensions.Logging.LoggerExtensions,LogError,Microsoft.Extensions.Logging.ILogger,Extension
